label,time_rel_s,mean_dFF_bc,se,n
ambtemp_end,-300,-1.023868927103,0,1
ambtemp_end,-299,-0.401975938421212,0,1
ambtemp_end,-298,-0.0522968259868244,0,1
ambtemp_end,-297,-0.367646047216378,0,1
ambtemp_end,-296,-0.586096235853157,0,1
ambtemp_end,-295,-0.698864885908089,0,1
ambtemp_end,-294,-0.704672762495003,0,1
ambtemp_end,-293,-0.626854845624886,0,1
ambtemp_end,-292,-0.350508758169136,0,1
ambtemp_end,-291,-0.0767814603862385,0,1
ambtemp_end,-290,-0.0315689531383136,0,1
ambtemp_end,-289,-0.0262670007762531,0,1
ambtemp_end,-288,0.616986444849052,0,1
ambtemp_end,-287,0.313816240686454,0,1
ambtemp_end,-286,-0.0993782964763263,0,1
ambtemp_end,-285,0.23010890807537,0,1
ambtemp_end,-284,0.0372781070652386,0,1
ambtemp_end,-283,-0.109305211645089,0,1
ambtemp_end,-282,-0.395108052831612,0,1
ambtemp_end,-281,-0.238337704282723,0,1
ambtemp_end,-280,-0.222658106428109,0,1
ambtemp_end,-279,-0.0864353862819294,0,1
ambtemp_end,-278,0.0541785272541424,0,1
ambtemp_end,-277,-0.0161556688365558,0,1
ambtemp_end,-276,-0.249326893430672,0,1
ambtemp_end,-275,-0.0919771877345661,0,1
ambtemp_end,-274,-0.0129484621104816,0,1
ambtemp_end,-273,0.0206947835865399,0,1
ambtemp_end,-272,-0.515094229322396,0,1
ambtemp_end,-271,-0.151155182462654,0,1
ambtemp_end,-270,-0.302311846357308,0,1
ambtemp_end,-269,-0.146042415243111,0,1
ambtemp_end,-268,0.406453779596367,0,1
ambtemp_end,-267,0.179520777124443,0,1
ambtemp_end,-266,0.318844488519706,0,1
ambtemp_end,-265,0.00773518409160578,0,1
ambtemp_end,-264,0.0664818796100994,0,1
ambtemp_end,-263,-0.234279343229256,0,1
ambtemp_end,-262,-0.536169954877816,0,1
ambtemp_end,-261,-0.269492336851082,0,1
ambtemp_end,-260,-0.0445712295589069,0,1
ambtemp_end,-259,-0.277231284719429,0,1
ambtemp_end,-258,-0.433281728368721,0,1
ambtemp_end,-257,-0.840693661313973,0,1
ambtemp_end,-256,-0.725265571218453,0,1
ambtemp_end,-255,-0.519495078664742,0,1
ambtemp_end,-254,-0.823825785261116,0,1
ambtemp_end,-253,-0.628595301252327,0,1
ambtemp_end,-252,-0.971759745222054,0,1
ambtemp_end,-251,-0.437623807531319,0,1
ambtemp_end,-250,0.17152064170269,0,1
ambtemp_end,-249,-0.458000370603524,0,1
ambtemp_end,-248,-0.249636956792794,0,1
ambtemp_end,-247,-0.266393133741341,0,1
ambtemp_end,-246,-0.677809902769051,0,1
ambtemp_end,-245,-0.116129347425423,0,1
ambtemp_end,-244,-0.607379027944527,0,1
ambtemp_end,-243,-0.697343536954842,0,1
ambtemp_end,-242,-0.621599146467171,0,1
ambtemp_end,-241,-0.48706192646595,0,1
ambtemp_end,-240,-0.424055406194649,0,1
ambtemp_end,-239,-0.465651699644051,0,1
ambtemp_end,-238,-0.180977293592415,0,1
ambtemp_end,-237,0.0485436233463665,0,1
ambtemp_end,-236,-0.231686183553658,0,1
ambtemp_end,-235,-0.339113065343819,0,1
ambtemp_end,-234,-0.196230837446175,0,1
ambtemp_end,-233,-0.0386342493114094,0,1
ambtemp_end,-232,-0.326440641027413,0,1
ambtemp_end,-231,-0.478007027250252,0,1
ambtemp_end,-230,-0.974711307626686,0,1
ambtemp_end,-229,-0.771898337942086,0,1
ambtemp_end,-228,-0.409957357984505,0,1
ambtemp_end,-227,-0.548648306470833,0,1
ambtemp_end,-226,-0.236694046598397,0,1
ambtemp_end,-225,-0.034991332632027,0,1
ambtemp_end,-224,-0.104959794622383,0,1
ambtemp_end,-223,0.318597963708915,0,1
ambtemp_end,-222,0.213094404596367,0,1
ambtemp_end,-221,0.772385528940239,0,1
ambtemp_end,-220,0.816530397790947,0,1
ambtemp_end,-219,0.183249166864433,0,1
ambtemp_end,-218,0.846066883462944,0,1
ambtemp_end,-217,1.46699874724773,0,1
ambtemp_end,-216,0.727843454736747,0,1
ambtemp_end,-215,0.617649010080375,0,1
ambtemp_end,-214,0.316832950967826,0,1
ambtemp_end,-213,0.161987236398735,0,1
ambtemp_end,-212,0.152847698587455,0,1
ambtemp_end,-211,-0.131695577245674,0,1
ambtemp_end,-210,0.171515873331108,0,1
ambtemp_end,-209,0.805679729837455,0,1
ambtemp_end,-208,0.711746862787284,0,1
ambtemp_end,-207,0.79410569991497,0,1
ambtemp_end,-206,0.585690430063285,0,1
ambtemp_end,-205,0.522696665185966,0,1
ambtemp_end,-204,0.0232660087528607,0,1
ambtemp_end,-203,0.317680052179374,0,1
ambtemp_end,-202,0.342131546396293,0,1
ambtemp_end,-201,0.206688574213066,0,1
ambtemp_end,-200,0.00187330569652522,0,1
ambtemp_end,-199,0.156219652551689,0,1
ambtemp_end,-198,0.182783296960868,0,1
ambtemp_end,-197,0.630564382928886,0,1
ambtemp_end,-196,0.841292789835014,0,1
ambtemp_end,-195,0.542779138940849,0,1
ambtemp_end,-194,0.155379227060356,0,1
ambtemp_end,-193,0.331617287057914,0,1
ambtemp_end,-192,0.881689003366508,0,1
ambtemp_end,-191,0.651940039056816,0,1
ambtemp_end,-190,0.563538483041801,0,1
ambtemp_end,-189,0.568322351831474,0,1
ambtemp_end,-188,0.588162830728569,0,1
ambtemp_end,-187,0.73903601493267,0,1
ambtemp_end,-186,0.715737989801445,0,1
ambtemp_end,-185,0.71322625007061,0,1
ambtemp_end,-184,0.617581060785331,0,1
ambtemp_end,-183,1.13478153075603,0,1
ambtemp_end,-182,1.24015205230144,0,1
ambtemp_end,-181,0.984334877389946,0,1
ambtemp_end,-180,1.0387582096043,0,1
ambtemp_end,-179,0.960763386148491,0,1
ambtemp_end,-178,0.796679428476371,0,1
ambtemp_end,-177,0.58732931937603,0,1
ambtemp_end,-176,1.1277908595982,0,1
ambtemp_end,-175,1.43782894935039,0,1
ambtemp_end,-174,1.57391517486004,0,1
ambtemp_end,-173,1.11198323096661,0,1
ambtemp_end,-172,1.3195723804417,0,1
ambtemp_end,-171,1.41823165740398,0,1
ambtemp_end,-170,1.51792877044109,0,1
ambtemp_end,-169,1.70543353881268,0,1
ambtemp_end,-168,1.29944198455242,0,1
ambtemp_end,-167,1.85642116393475,0,1
ambtemp_end,-166,1.90240328635601,0,1
ambtemp_end,-165,1.70486181105999,0,1
ambtemp_end,-164,1.63645308341412,0,1
ambtemp_end,-163,1.7389215740147,0,1
ambtemp_end,-162,1.70694916572002,0,1
ambtemp_end,-161,1.9695603164616,0,1
ambtemp_end,-160,1.83588378753094,0,1
ambtemp_end,-159,1.2697471889439,0,1
ambtemp_end,-158,1.43542187537579,0,1
ambtemp_end,-157,1.40343873824505,0,1
ambtemp_end,-156,1.60194580878643,0,1
ambtemp_end,-155,1.70265930022625,0,1
ambtemp_end,-154,1.72612850989727,0,1
ambtemp_end,-153,1.53173439826397,0,1
ambtemp_end,-152,1.46684663619427,0,1
ambtemp_end,-151,1.54708164061932,0,1
ambtemp_end,-150,1.2998039039555,0,1
ambtemp_end,-149,1.10929410781292,0,1
ambtemp_end,-148,0.532891920465507,0,1
ambtemp_end,-147,0.120181253809013,0,1
ambtemp_end,-146,-0.110534617048226,0,1
ambtemp_end,-145,0.271715811151542,0,1
ambtemp_end,-144,0.184942415613212,0,1
ambtemp_end,-143,0.0775905164661785,0,1
ambtemp_end,-142,-0.174748012166939,0,1
ambtemp_end,-141,-0.346064397436104,0,1
ambtemp_end,-140,-0.0890514341411213,0,1
ambtemp_end,-139,0.065891555208244,0,1
ambtemp_end,-138,-0.448071309667549,0,1
ambtemp_end,-137,-0.51997596893879,0,1
ambtemp_end,-136,0.0939434083881756,0,1
ambtemp_end,-135,0.286659172433891,0,1
ambtemp_end,-134,0.0478204997959515,0,1
ambtemp_end,-133,-0.350103327375374,0,1
ambtemp_end,-132,-0.663247653585396,0,1
ambtemp_end,-131,-0.705623098951302,0,1
ambtemp_end,-130,-0.519893118482552,0,1
ambtemp_end,-129,-0.304202505689583,0,1
ambtemp_end,-128,-0.500407168012581,0,1
ambtemp_end,-127,-0.104753562551461,0,1
ambtemp_end,-126,-0.0473448720988849,0,1
ambtemp_end,-125,-0.301044174772225,0,1
ambtemp_end,-124,-0.775380679708443,0,1
ambtemp_end,-123,-0.753807851415596,0,1
ambtemp_end,-122,-0.597376772504769,0,1
ambtemp_end,-121,-0.121560165029488,0,1
ambtemp_end,-120,0.0939281495991131,0,1
ambtemp_end,-119,0.0175319227161785,0,1
ambtemp_end,-118,-0.393503615003548,0,1
ambtemp_end,-117,-0.405104347806893,0,1
ambtemp_end,-116,-0.446855970960579,0,1
ambtemp_end,-115,-0.460342237096749,0,1
ambtemp_end,-114,-0.591545769315682,0,1
ambtemp_end,-113,-0.801076003652535,0,1
ambtemp_end,-112,-1.22100467358204,0,1
ambtemp_end,-111,-0.93708623324009,0,1
ambtemp_end,-110,-0.493327685934029,0,1
ambtemp_end,-109,-0.666162678342781,0,1
ambtemp_end,-108,-0.751795002561531,0,1
ambtemp_end,-107,-0.948360928636513,0,1
ambtemp_end,-106,-1.0769507375774,0,1
ambtemp_end,-105,-0.837251493078194,0,1
ambtemp_end,-104,-0.272281476598702,0,1
ambtemp_end,-103,-0.379008361440621,0,1
ambtemp_end,-102,-0.673935004812203,0,1
ambtemp_end,-101,-0.477902003866158,0,1
ambtemp_end,-100,-0.617739030462227,0,1
ambtemp_end,-99,-0.538589188199959,0,1
ambtemp_end,-98,-0.256855794530831,0,1
ambtemp_end,-97,0.129402807611503,0,1
ambtemp_end,-96,0.103905728715934,0,1
ambtemp_end,-95,-0.478203484159432,0,1
ambtemp_end,-94,-0.303477117162667,0,1
ambtemp_end,-93,-0.509815522771798,0,1
ambtemp_end,-92,-0.390078612905465,0,1
ambtemp_end,-91,0.29118674125103,0,1
ambtemp_end,-90,0.171161583322563,0,1
ambtemp_end,-89,-0.445996114355049,0,1
ambtemp_end,-88,-0.472606369596444,0,1
ambtemp_end,-87,-0.198953935247383,0,1
ambtemp_end,-86,-0.796242663007698,0,1
ambtemp_end,-85,-0.826955386739693,0,1
ambtemp_end,-84,-0.325190016370736,0,1
ambtemp_end,-83,0.120386889833488,0,1
ambtemp_end,-82,-0.14083082352253,0,1
ambtemp_end,-81,-0.218185254674874,0,1
ambtemp_end,-80,-0.0866921630916218,0,1
ambtemp_end,-79,0.271120241540947,0,1
ambtemp_end,-78,0.0286095651569744,0,1
ambtemp_end,-77,-0.501359054189644,0,1
ambtemp_end,-76,-0.829791852575264,0,1
ambtemp_end,-75,-0.49054104958149,0,1
ambtemp_end,-74,-1.04574538145634,0,1
ambtemp_end,-73,-0.282622763257943,0,1
ambtemp_end,-72,0.0157028945866009,0,1
ambtemp_end,-71,-0.12236363564106,0,1
ambtemp_end,-70,-0.486885139089547,0,1
ambtemp_end,-69,-0.625327416997872,0,1
ambtemp_end,-68,-0.686692663770638,0,1
ambtemp_end,-67,-0.774608441930733,0,1
ambtemp_end,-66,-0.66952533398243,0,1
ambtemp_end,-65,-0.64406580601307,0,1
ambtemp_end,-64,-1.06253636751743,0,1
ambtemp_end,-63,-0.637684413534127,0,1
ambtemp_end,-62,-0.260758706670723,0,1
ambtemp_end,-61,-0.518987127881966,0,1
ambtemp_end,-60,-0.467102715116463,0,1
ambtemp_end,-59,-0.220692583661995,0,1
ambtemp_end,-58,-0.578377434354744,0,1
ambtemp_end,-57,-0.702688881498299,0,1
ambtemp_end,-56,-0.705280610662423,0,1
ambtemp_end,-55,-0.420379230123482,0,1
ambtemp_end,-54,0.0536302837314984,0,1
ambtemp_end,-53,0.396821192163505,0,1
ambtemp_end,-52,-0.347501346212349,0,1
ambtemp_end,-51,-0.484111973386727,0,1
ambtemp_end,-50,-0.453756996732674,0,1
ambtemp_end,-49,-0.207025238614998,0,1
ambtemp_end,-48,-0.0898236719188312,0,1
ambtemp_end,-47,-0.422413536649666,0,1
ambtemp_end,-46,-0.309129902463875,0,1
ambtemp_end,-45,-0.0409781423625568,0,1
ambtemp_end,-44,-0.171071359258614,0,1
ambtemp_end,-43,-0.494086929899178,0,1
ambtemp_end,-42,-0.98475731287571,0,1
ambtemp_end,-41,-0.803373166662178,0,1
ambtemp_end,-40,-0.574910470586739,0,1
ambtemp_end,-39,-0.666260072332344,0,1
ambtemp_end,-38,-0.769106337171517,0,1
ambtemp_end,-37,-0.629647919279061,0,1
ambtemp_end,-36,-0.674688288312874,0,1
ambtemp_end,-35,-0.748723456006966,0,1
ambtemp_end,-34,-0.612941929441414,0,1
ambtemp_end,-33,-0.452994295698128,0,1
ambtemp_end,-32,-0.497555204969368,0,1
ambtemp_end,-31,-0.256801196676216,0,1
ambtemp_end,-30,-0.41746599350544,0,1
ambtemp_end,-29,-0.56287021313282,0,1
ambtemp_end,-28,-0.591650673490487,0,1
ambtemp_end,-27,-0.28216440353962,0,1
ambtemp_end,-26,0.0233190568867108,0,1
ambtemp_end,-25,-0.215235540014229,0,1
ambtemp_end,-24,-0.296569058042488,0,1
ambtemp_end,-23,-0.798992225271187,0,1
ambtemp_end,-22,-0.865747341257058,0,1
ambtemp_end,-21,-0.587960192304573,0,1
ambtemp_end,-20,-0.764095136266671,0,1
ambtemp_end,-19,-0.816475340467415,0,1
ambtemp_end,-18,-1.03298659000965,0,1
ambtemp_end,-17,-1.04471743975254,0,1
ambtemp_end,-16,-0.255938479047737,0,1
ambtemp_end,-15,-0.23513288174244,0,1
ambtemp_end,-14,-0.798334786039315,0,1
ambtemp_end,-13,-0.714927145582161,0,1
ambtemp_end,-12,-0.538787075620613,0,1
ambtemp_end,-11,-0.737810799222908,0,1
ambtemp_end,-10,-0.506461330991707,0,1
ambtemp_end,-9,-0.453268477064095,0,1
ambtemp_end,-8,-0.269629069906197,0,1
ambtemp_end,-7,-0.649481364828072,0,1
ambtemp_end,-6,-0.721265026670418,0,1
ambtemp_end,-5,-1.2627948609409,0,1
ambtemp_end,-4,-0.991808005910836,0,1
ambtemp_end,-3,-0.869265028577767,0,1
ambtemp_end,-2,-0.678503700834237,0,1
ambtemp_end,-1,-0.545579859357796,0,1
ambtemp_end,0,-0.743519970518074,0,1
ambtemp_end,1,-1.09340519581409,0,1
ambtemp_end,2,-1.44850514207455,0,1
ambtemp_end,3,-0.969065198045693,0,1
ambtemp_end,4,-0.241741844755135,0,1
ambtemp_end,5,-0.267127582174263,0,1
ambtemp_end,6,-0.58682531986805,0,1
ambtemp_end,7,-0.800472447019539,0,1
ambtemp_end,8,-1.37920893107029,0,1
ambtemp_end,9,-1.17753107224079,0,1
ambtemp_end,10,-0.983404406648598,0,1
ambtemp_end,11,-0.976924308877907,0,1
ambtemp_end,12,-1.06536651526066,0,1
ambtemp_end,13,-0.797709414106331,0,1
ambtemp_end,14,-0.853084692102394,0,1
ambtemp_end,15,-0.876069733243904,0,1
ambtemp_end,16,-0.916491994005165,0,1
ambtemp_end,17,-1.30315882835957,0,1
ambtemp_end,18,-0.795237847906075,0,1
ambtemp_end,19,-1.40521786485287,0,1
ambtemp_end,20,-1.13939745102497,0,1
ambtemp_end,21,-0.831065961461983,0,1
ambtemp_end,22,-0.413238832097969,0,1
ambtemp_end,23,-1.13754571352573,0,1
ambtemp_end,24,-0.964022823911629,0,1
ambtemp_end,25,-0.914730497938118,0,1
ambtemp_end,26,-1.161002465826,0,1
ambtemp_end,27,-1.23795903597446,0,1
ambtemp_end,28,-1.47981030617329,0,1
ambtemp_end,29,-0.958822855096779,0,1
ambtemp_end,30,-0.984705218416176,0,1
ambtemp_end,31,-1.24540925894352,0,1
ambtemp_end,32,-0.587039300542794,0,1
ambtemp_end,33,-1.14088071261021,0,1
ambtemp_end,34,-1.36985076342197,0,1
ambtemp_end,35,-1.21555221949192,0,1
ambtemp_end,36,-0.885745772462807,0,1
ambtemp_end,37,-0.507173010450325,0,1
ambtemp_end,38,-0.350243994337044,0,1
ambtemp_end,39,-0.955431887250862,0,1
ambtemp_end,40,-1.11415011559101,0,1
ambtemp_end,41,-0.437964507680855,0,1
ambtemp_end,42,-0.495658585172615,0,1
ambtemp_end,43,-0.308560558896981,0,1
ambtemp_end,44,-0.361914583784066,0,1
ambtemp_end,45,-0.606611081701241,0,1
ambtemp_end,46,-1.37696693215939,0,1
ambtemp_end,47,-1.18284649525257,0,1
ambtemp_end,48,-0.919845291715584,0,1
ambtemp_end,49,-0.701198050123177,0,1
ambtemp_end,50,-0.395630189519844,0,1
ambtemp_end,51,-0.662151047330819,0,1
ambtemp_end,52,-0.59710056458088,0,1
ambtemp_end,53,-0.693251082044564,0,1
ambtemp_end,54,-0.640944072347603,0,1
ambtemp_end,55,-0.763336488347969,0,1
ambtemp_end,56,-1.06149513397785,0,1
ambtemp_end,57,-0.714600273710213,0,1
ambtemp_end,58,-0.613961407285653,0,1
ambtemp_end,59,-0.365550347906075,0,1
ambtemp_end,60,-0.400226780515633,0,1
ambtemp_end,61,-1.12806315098377,0,1
ambtemp_end,62,-1.56470579777332,0,1
ambtemp_end,63,-1.22939647112461,0,1
ambtemp_end,64,-1.25478685770603,0,1
ambtemp_end,65,-0.815353223424874,0,1
ambtemp_end,66,-1.29971105728718,0,1
ambtemp_end,67,-1.13478572044941,0,1
ambtemp_end,68,-1.07706970844837,0,1
ambtemp_end,69,-1.21572537098499,0,1
ambtemp_end,70,-1.23022074375721,0,1
ambtemp_end,71,-0.945911296945534,0,1
ambtemp_end,72,-1.45628837619396,0,1
ambtemp_end,73,-1.53822059307667,0,1
ambtemp_end,74,-1.21497321997257,0,1
ambtemp_end,75,-1.02670139942738,0,1
ambtemp_end,76,-0.842859872919045,0,1
ambtemp_end,77,-0.814710566144905,0,1
ambtemp_end,78,-0.396960684400521,0,1
ambtemp_end,79,-0.619967648130379,0,1
ambtemp_end,80,-0.634972998243294,0,1
ambtemp_end,81,-0.553731390577278,0,1
ambtemp_end,82,-0.962770232301674,0,1
ambtemp_end,83,-1.06311942015263,0,1
ambtemp_end,84,-0.79092425976368,0,1
ambtemp_end,85,-0.632993647199593,0,1
ambtemp_end,86,-0.780087181669197,0,1
ambtemp_end,87,-0.954736241441689,0,1
ambtemp_end,88,-1.48258019362064,0,1
ambtemp_end,89,-1.82432375785383,0,1
ambtemp_end,90,-1.03140062962147,0,1
ambtemp_end,91,-0.767676183324776,0,1
ambtemp_end,92,-1.21300924692722,0,1
ambtemp_end,93,-1.42284331594082,0,1
ambtemp_end,94,-1.33026654396626,0,1
ambtemp_end,95,-1.01003117237659,0,1
ambtemp_end,96,-0.916472980123482,0,1
ambtemp_end,97,-0.762517520528756,0,1
ambtemp_end,98,-0.520793863874398,0,1
ambtemp_end,99,-1.22987974558445,0,1
ambtemp_end,100,-1.21688104544254,0,1
ambtemp_end,101,-1.13022995863529,0,1
ambtemp_end,102,-1.47493399057957,0,1
ambtemp_end,103,-1.4357784775314,0,1
ambtemp_end,104,-0.742359587293587,0,1
ambtemp_end,105,-1.11544806633564,0,1
ambtemp_end,106,-1.32272840414616,0,1
ambtemp_end,107,-1.30841077242466,0,1
ambtemp_end,108,-0.655850001913033,0,1
ambtemp_end,109,-0.572602578741036,0,1
ambtemp_end,110,-0.849096485715828,0,1
ambtemp_end,111,-0.79312152538868,0,1
ambtemp_end,112,-0.988071629148445,0,1
ambtemp_end,113,-1.03207767878147,0,1
ambtemp_end,114,-1.61676124606701,0,1
ambtemp_end,115,-0.777894684415779,0,1
ambtemp_end,116,-1.141211637598,0,1
ambtemp_end,117,-1.43581728015514,0,1
ambtemp_end,118,-1.44479576621624,0,1
ambtemp_end,119,-1.86427881878289,0,1
ambtemp_end,120,-1.68693501625629,0,1
ambtemp_end,121,-1.43267715845676,0,1
ambtemp_end,122,-1.10734707985493,0,1
ambtemp_end,123,-0.997432896238289,0,1
ambtemp_end,124,-1.26665777836414,0,1
ambtemp_end,125,-0.594312378507576,0,1
ambtemp_end,126,-0.4528371778545,0,1
ambtemp_end,127,-0.740571805578194,0,1
ambtemp_end,128,-1.31620390091511,0,1
ambtemp_end,129,-1.15731162701222,0,1
ambtemp_end,130,-1.34586490069004,0,1
ambtemp_end,131,-1.86968716729852,0,1
ambtemp_end,132,-1.22834057484242,0,1
ambtemp_end,133,-0.920687564950905,0,1
ambtemp_end,134,-1.1286698070583,0,1
ambtemp_end,135,-1.30791641150089,0,1
ambtemp_end,136,-1.38624064002605,0,1
ambtemp_end,137,-1.45052040491673,0,1
ambtemp_end,138,-1.105187722784,0,1
ambtemp_end,139,-1.25258184347721,0,1
ambtemp_end,140,-1.12319267664524,0,1
ambtemp_end,141,-1.13557494555088,0,1
ambtemp_end,142,-1.13410855208012,0,1
ambtemp_end,143,-1.11366040382954,0,1
ambtemp_end,144,-1.1154245821056,0,1
ambtemp_end,145,-1.15013254557224,0,1
ambtemp_end,146,-1.63860536490055,0,1
ambtemp_end,147,-1.7170929846582,0,1
ambtemp_end,148,-1.64656592283817,0,1
ambtemp_end,149,-1.14201355848881,0,1
ambtemp_end,150,-1.32823789988133,0,1
ambtemp_end,151,-1.88568274055096,0,1
ambtemp_end,152,-1.29264748964878,0,1
ambtemp_end,153,-1.63258632395836,0,1
ambtemp_end,154,-1.79388577614399,0,1
ambtemp_end,155,-1.26158744965168,0,1
ambtemp_end,156,-1.52896619711491,0,1
ambtemp_end,157,-1.60773202155205,0,1
ambtemp_end,158,-1.47847996030422,0,1
ambtemp_end,159,-1.04446447764011,0,1
ambtemp_end,160,-0.590997287374459,0,1
ambtemp_end,161,-0.903075226884804,0,1
ambtemp_end,162,-1.09490681562992,0,1
ambtemp_end,163,-0.861952909570656,0,1
ambtemp_end,164,-1.25750333939167,0,1
ambtemp_end,165,-1.72567194078537,0,1
ambtemp_end,166,-1.33152402315708,0,1
ambtemp_end,167,-1.56107054029079,0,1
ambtemp_end,168,-1.86465590570541,0,1
ambtemp_end,169,-1.6008301315126,0,1
ambtemp_end,170,-1.49779594812962,0,1
ambtemp_end,171,-1.30255711947056,0,1
ambtemp_end,172,-1.14679009590717,0,1
ambtemp_end,173,-0.935420223813973,0,1
ambtemp_end,174,-0.839615949731789,0,1
ambtemp_end,175,-1.00539220247837,0,1
ambtemp_end,176,-1.31811649475666,0,1
ambtemp_end,177,-1.37015826378437,0,1
ambtemp_end,178,-1.86714025151404,0,1
ambtemp_end,179,-1.82853974432173,0,1
ambtemp_end,180,-1.87920456875535,0,1
ambtemp_end,181,-2.24113775168034,0,1
ambtemp_end,182,-2.04766281817528,0,1
ambtemp_end,183,-2.00441532705399,0,1
ambtemp_end,184,-1.86455486651929,0,1
ambtemp_end,185,-1.21360487614246,0,1
ambtemp_end,186,-1.5194721308765,0,1
ambtemp_end,187,-1.84845546011301,0,1
ambtemp_end,188,-1.57789493475529,0,1
ambtemp_end,189,-1.52654478822323,0,1
ambtemp_end,190,-1.67310346041294,0,1
ambtemp_end,191,-1.3884337035236,0,1
ambtemp_end,192,-1.31747193012806,0,1
ambtemp_end,193,-1.52470607433888,0,1
ambtemp_end,194,-1.44619134936901,0,1
ambtemp_end,195,-1.05217886839481,0,1
ambtemp_end,196,-1.08916396771046,0,1
ambtemp_end,197,-1.53039083753201,0,1
ambtemp_end,198,-1.36153263722034,0,1
ambtemp_end,199,-1.70908252273174,0,1
ambtemp_end,200,-1.44820178423496,0,1
ambtemp_end,201,-1.46608317766758,0,1
ambtemp_end,202,-1.75215072308155,0,1
ambtemp_end,203,-1.83987009858201,0,1
ambtemp_end,204,-1.45313195262524,0,1
ambtemp_end,205,-1.54064814124676,0,1
ambtemp_end,206,-1.38949383173557,0,1
ambtemp_end,207,-1.05990398798557,0,1
ambtemp_end,208,-0.692734190565071,0,1
ambtemp_end,209,-1.29283291969868,0,1
ambtemp_end,210,-1.34838874016377,0,1
ambtemp_end,211,-1.48910559092136,0,1
ambtemp_end,212,-1.09069533024403,0,1
ambtemp_end,213,-1.3383364168224,0,1
ambtemp_end,214,-1.65829510365101,0,1
ambtemp_end,215,-1.96679788206192,0,1
ambtemp_end,216,-1.98869822297665,0,1
ambtemp_end,217,-1.75004880998703,0,1
ambtemp_end,218,-1.02116818104359,0,1
ambtemp_end,219,-0.709916063886605,0,1
ambtemp_end,220,-1.48125539098354,0,1
ambtemp_end,221,-1.42596051965328,0,1
ambtemp_end,222,-1.16582686577412,0,1
ambtemp_end,223,-1.60099830601784,0,1
ambtemp_end,224,-1.46202806506725,0,1
ambtemp_end,225,-0.741485306364022,0,1
ambtemp_end,226,-0.693227359395943,0,1
ambtemp_end,227,-1.21408970032307,0,1
ambtemp_end,228,-1.07919574652287,0,1
ambtemp_end,229,-0.803337761503182,0,1
ambtemp_end,230,-1.20937986050221,0,1
ambtemp_end,231,-1.38361946616741,0,1
ambtemp_end,232,-1.26127750549885,0,1
ambtemp_end,233,-1.4200176981506,0,1
ambtemp_end,234,-1.14230287943455,0,1
ambtemp_end,235,-1.39725936327549,0,1
ambtemp_end,236,-1.44741398964497,0,1
ambtemp_end,237,-1.02589852486225,0,1
ambtemp_end,238,-1.02430106077763,0,1
ambtemp_end,239,-1.01494271431538,0,1
ambtemp_end,240,-1.21876979742619,0,1
ambtemp_end,241,-1.22823054466816,0,1
ambtemp_end,242,-0.916138836484871,0,1
ambtemp_end,243,-1.14931322012516,0,1
ambtemp_end,244,-1.29483855639072,0,1
ambtemp_end,245,-1.45995298896404,0,1
ambtemp_end,246,-0.722827025991402,0,1
ambtemp_end,247,-0.77886314068409,0,1
ambtemp_end,248,-0.774390169721566,0,1
ambtemp_end,249,-1.37040615950199,0,1
ambtemp_end,250,-1.85711954284879,0,1
ambtemp_end,251,-1.49045691762539,0,1
ambtemp_end,252,-0.644792148214302,0,1
ambtemp_end,253,-0.463041254621468,0,1
ambtemp_end,254,-0.796532937627755,0,1
ambtemp_end,255,-1.34005234513851,0,1
ambtemp_end,256,-1.36541996274563,0,1
ambtemp_end,257,-1.23016912613483,0,1
ambtemp_end,258,-1.11947853241535,0,1
ambtemp_end,259,-0.926185855012856,0,1
ambtemp_end,260,-1.1892736640987,0,1
ambtemp_end,261,-1.07722104464146,0,1
ambtemp_end,262,-1.34359089408489,0,1
ambtemp_end,263,-1.69906465087505,0,1
ambtemp_end,264,-1.84807620041492,0,1
ambtemp_end,265,-1.2459012356815,0,1
ambtemp_end,266,-1.43268371496769,0,1
ambtemp_end,267,-1.44619435940357,0,1
ambtemp_end,268,-1.87259073306294,0,1
ambtemp_end,269,-1.7430499580917,0,1
ambtemp_end,270,-1.60353460286232,0,1
ambtemp_end,271,-1.60738457117649,0,1
ambtemp_end,272,-1.74938026193949,0,1
ambtemp_end,273,-1.41783327732655,0,1
ambtemp_end,274,-1.4508398560104,0,1
ambtemp_end,275,-1.49125260983082,0,1
ambtemp_end,276,-1.71259749804112,0,1
ambtemp_end,277,-2.23899132881733,0,1
ambtemp_end,278,-2.04562396679493,0,1
ambtemp_end,279,-1.63865272079083,0,1
ambtemp_end,280,-1.40191883717152,0,1
ambtemp_end,281,-1.42259208236309,0,1
ambtemp_end,282,-1.66184873257252,0,1
ambtemp_end,283,-1.67664005730721,0,1
ambtemp_end,284,-1.917035864037,0,1
ambtemp_end,285,-1.85878305074247,0,1
ambtemp_end,286,-1.8573516004947,0,1
ambtemp_end,287,-1.42132157955738,0,1
ambtemp_end,288,-1.62124117587181,0,1
ambtemp_end,289,-1.9521142033157,0,1
ambtemp_end,290,-2.2528652337608,0,1
ambtemp_end,291,-1.94061828528019,0,1
ambtemp_end,292,-1.35342399154278,0,1
ambtemp_end,293,-1.91419440631243,0,1
ambtemp_end,294,-1.9267304104981,0,1
ambtemp_end,295,-1.85240201402875,0,1
ambtemp_end,296,-1.74844517682167,0,1
ambtemp_end,297,-2.05815013621422,0,1
ambtemp_end,298,-2.17046002421948,0,1
ambtemp_end,299,-1.75868100051256,0,1
ambtemp_end,300,-1.97955476615997,0,1
ambtemp_end,301,-2.25850702200504,0,1
ambtemp_end,302,-1.88652081538411,0,1
ambtemp_end,303,-1.55324495707127,0,1
ambtemp_end,304,-1.89306877304288,0,1
ambtemp_end,305,-2.09745050345036,0,1
ambtemp_end,306,-1.9316578445253,0,1
ambtemp_end,307,-2.09961874161335,0,1
ambtemp_end,308,-2.4330201235828,0,1
ambtemp_end,309,-2.5766444293079,0,1
ambtemp_end,310,-2.5606035677013,0,1
ambtemp_end,311,-2.65740919981571,0,1
ambtemp_end,312,-2.64966464911076,0,1
ambtemp_end,313,-2.39618481073948,0,1
ambtemp_end,314,-2.80921704445454,0,1
ambtemp_end,315,-3.63439733658405,0,1
ambtemp_end,316,-3.93146617088886,0,1
ambtemp_end,317,-3.9897435394344,0,1
ambtemp_end,318,-4.17492396507832,0,1
ambtemp_end,319,-3.95937950287434,0,1
ambtemp_end,320,-4.01313526306721,0,1
ambtemp_end,321,-3.72088319931599,0,1
ambtemp_end,322,-3.0187015024242,0,1
ambtemp_end,323,-3.36132378254505,0,1
ambtemp_end,324,-3.60595650349232,0,1
ambtemp_end,325,-3.88986689720722,0,1
ambtemp_end,326,-3.6385049310741,0,1
ambtemp_end,327,-3.65070147190662,0,1
ambtemp_end,328,-3.85762936745258,0,1
ambtemp_end,329,-3.89242536697956,0,1
ambtemp_end,330,-3.63644046459766,0,1
ambtemp_end,331,-3.25031656895252,0,1
ambtemp_end,332,-3.05656141911121,0,1
ambtemp_end,333,-2.70514244709583,0,1
ambtemp_end,334,-2.866577931982,0,1
ambtemp_end,335,-3.19056350861164,0,1
ambtemp_end,336,-2.78807307158085,0,1
ambtemp_end,337,-2.88518924389454,0,1
ambtemp_end,338,-2.76159531746479,0,1
ambtemp_end,339,-2.69311935577961,0,1
ambtemp_end,340,-2.41603363428684,0,1
ambtemp_end,341,-2.43804330502125,0,1
ambtemp_end,342,-3.28865403805347,0,1
ambtemp_end,343,-2.62535024557682,0,1
ambtemp_end,344,-2.58955127869221,0,1
ambtemp_end,345,-2.3658649412212,0,1
ambtemp_end,346,-2.50821531687351,0,1
ambtemp_end,347,-3.02862054977985,0,1
ambtemp_end,348,-2.920896956068,0,1
ambtemp_end,349,-2.87975902233692,0,1
ambtemp_end,350,-2.37039036427113,0,1
ambtemp_end,351,-2.08051442478272,0,1
ambtemp_end,352,-2.48420841370197,0,1
ambtemp_end,353,-2.51866013680073,0,1
ambtemp_end,354,-2.58009410772892,0,1
ambtemp_end,355,-2.27239558969112,0,1
ambtemp_end,356,-1.88440963376733,0,1
ambtemp_end,357,-2.15846080456348,0,1
ambtemp_end,358,-1.92020048324438,0,1
ambtemp_end,359,-1.97552500043484,0,1
ambtemp_end,360,-2.03461908672424,0,1
ambtemp_end,361,-1.05505640183064,0,1
ambtemp_end,362,-0.708213993650399,0,1
ambtemp_end,363,-0.261181303602181,0,1
ambtemp_end,364,-0.383938380819283,0,1
ambtemp_end,365,-0.209671684843026,0,1
ambtemp_end,366,1.13004606093792,0,1
ambtemp_end,367,0.833953312295951,0,1
ambtemp_end,368,0.532706430810966,0,1
ambtemp_end,369,1.14361112441448,0,1
ambtemp_end,370,0.597846916574516,0,1
ambtemp_end,371,0.559511354822197,0,1
ambtemp_end,372,0.790317228693046,0,1
ambtemp_end,373,0.7520047935429,0,1
ambtemp_end,374,0.347380569833793,0,1
ambtemp_end,375,0.098159244913139,0,1
ambtemp_end,376,0.144573620218315,0,1
ambtemp_end,377,-0.00356061134906804,0,1
ambtemp_end,378,-0.713300296407662,0,1
ambtemp_end,379,-0.951446363073311,0,1
ambtemp_end,380,-0.0507043090877155,0,1
ambtemp_end,381,-0.141463824850045,0,1
ambtemp_end,382,-0.310245224576912,0,1
ambtemp_end,383,-0.130877563100777,0,1
ambtemp_end,384,-0.451600381475411,0,1
ambtemp_end,385,-0.185728975873909,0,1
ambtemp_end,386,-0.479879209142647,0,1
ambtemp_end,387,-0.665232130628548,0,1
ambtemp_end,388,-0.826791831594429,0,1
ambtemp_end,389,-0.939834543806038,0,1
ambtemp_end,390,-0.778124877553902,0,1
ambtemp_end,391,-0.633959838491402,0,1
ambtemp_end,392,-0.345012494665108,0,1
ambtemp_end,393,-0.773246475797615,0,1
ambtemp_end,394,-0.720100828748665,0,1
ambtemp_end,395,-0.507831403356514,0,1
ambtemp_end,396,-0.780231424909554,0,1
ambtemp_end,397,-0.876871236902199,0,1
ambtemp_end,398,-0.832446881872139,0,1
ambtemp_end,399,-0.561778017621956,0,1
ambtemp_end,400,-0.315958687406502,0,1
ambtemp_end,401,-1.11745447788807,0,1
ambtemp_end,402,-0.658998319250069,0,1
ambtemp_end,403,-0.729933449369393,0,1
ambtemp_end,404,-0.834398695569954,0,1
ambtemp_end,405,-0.342794605833016,0,1
ambtemp_end,406,-0.383853861432991,0,1
ambtemp_end,407,-0.573343941312752,0,1
ambtemp_end,408,-0.360094853979073,0,1
ambtemp_end,409,-0.118330427747689,0,1
ambtemp_end,410,-0.472220608335457,0,1
ambtemp_end,411,-0.765354224782906,0,1
ambtemp_end,412,-0.874880501371346,0,1
ambtemp_end,413,-0.603206941228829,0,1
ambtemp_end,414,-0.70290083561512,0,1
ambtemp_end,415,-0.780363985639534,0,1
ambtemp_end,416,-0.957462200265847,0,1
ambtemp_end,417,-0.978771933656655,0,1
ambtemp_end,418,-1.0153434363422,0,1
ambtemp_end,419,-0.943158575635872,0,1
ambtemp_end,420,-1.02175314102741,0,1
ambtemp_end,421,-0.991930195432625,0,1
ambtemp_end,422,-1.01807654772373,0,1
ambtemp_end,423,-0.716206261259041,0,1
ambtemp_end,424,-0.147673555952034,0,1
ambtemp_end,425,-1.02246428404423,0,1
ambtemp_end,426,-0.922050723176918,0,1
ambtemp_end,427,-0.923560210805855,0,1
ambtemp_end,428,-1.14805562172504,0,1
ambtemp_end,429,-0.911131092649422,0,1
ambtemp_end,430,-0.45958025131794,0,1
ambtemp_end,431,-1.01655358944508,0,1
ambtemp_end,432,-0.960196861368142,0,1
ambtemp_end,433,-0.849916526418648,0,1
ambtemp_end,434,-1.28036946926685,0,1
ambtemp_end,435,-1.45049310598942,0,1
ambtemp_end,436,-1.37429822359654,0,1
ambtemp_end,437,-1.42252359662624,0,1
ambtemp_end,438,-0.716375538450203,0,1
ambtemp_end,439,-0.562976667028389,0,1
ambtemp_end,440,-0.990970739465676,0,1
ambtemp_end,441,-0.813131877523384,0,1
ambtemp_end,442,-1.07730651770206,0,1
ambtemp_end,443,-0.952630051713906,0,1
ambtemp_end,444,-0.323074289899788,0,1
ambtemp_end,445,-0.737580129247628,0,1
ambtemp_end,446,-1.08632082615467,0,1
ambtemp_end,447,-1.17152799044224,0,1
ambtemp_end,448,-1.20911962662312,0,1
ambtemp_end,449,-0.996884414297066,0,1
ambtemp_end,450,-0.940480896573983,0,1
ambtemp_end,451,-1.57115993772121,0,1
ambtemp_end,452,-1.51013393078419,0,1
ambtemp_end,453,-0.775179573636971,0,1
ambtemp_end,454,-0.586182781797371,0,1
ambtemp_end,455,-0.603574344259224,0,1
ambtemp_end,456,-0.815620967489205,0,1
ambtemp_end,457,-1.20304984722706,0,1
ambtemp_end,458,-1.31510079775425,0,1
ambtemp_end,459,-0.907931932550393,0,1
ambtemp_end,460,-0.999010571580849,0,1
ambtemp_end,461,-0.962488659959755,0,1
ambtemp_end,462,-1.22917772207829,0,1
ambtemp_end,463,-1.0607159224567,0,1
ambtemp_end,464,-0.887353786569558,0,1
ambtemp_end,465,-0.602709480863533,0,1
ambtemp_end,466,-0.670189568143807,0,1
ambtemp_end,467,-1.01355249558064,0,1
ambtemp_end,468,-1.23250795279118,0,1
ambtemp_end,469,-0.704240032773934,0,1
ambtemp_end,470,-0.543270656209908,0,1
ambtemp_end,471,-1.01012832794758,0,1
ambtemp_end,472,-1.51043490443798,0,1
ambtemp_end,473,-1.07499493036839,0,1
ambtemp_end,474,-1.09696550045582,0,1
ambtemp_end,475,-1.41499627504917,0,1
ambtemp_end,476,-1.04758269463154,0,1
ambtemp_end,477,-1.24579949055286,0,1
ambtemp_end,478,-1.1103877512035,0,1
ambtemp_end,479,-1.2893126097736,0,1
ambtemp_end,480,-1.23462493095966,0,1
ambtemp_end,481,-1.37051672611805,0,1
ambtemp_end,482,-1.3935102013168,0,1
ambtemp_end,483,-1.51702613506886,0,1
ambtemp_end,484,-1.2565863219318,0,1
ambtemp_end,485,-0.445628472906075,0,1
ambtemp_end,486,-0.546971747022591,0,1
ambtemp_end,487,-0.92804504309269,0,1
ambtemp_end,488,-1.0689562645969,0,1
ambtemp_end,489,-0.810709425550423,0,1
ambtemp_end,490,-0.618653604131661,0,1
ambtemp_end,491,-0.704907366376839,0,1
ambtemp_end,492,-0.649453469854317,0,1
ambtemp_end,493,-0.642150470357857,0,1
ambtemp_end,494,-0.587944933515511,0,1
ambtemp_end,495,-0.494685956579171,0,1
ambtemp_end,496,-0.501301952939949,0,1
ambtemp_end,497,-0.443726131063424,0,1
ambtemp_end,498,-0.819397279363594,0,1
ambtemp_end,499,-0.625568458181343,0,1
ambtemp_end,500,-0.454809376340828,0,1
ambtemp_end,501,-0.898273953538857,0,1
ambtemp_end,502,-1.07641656075092,0,1
ambtemp_end,503,-1.3533239153442,0,1
ambtemp_end,504,-1.98803540442558,0,1
ambtemp_end,505,-1.60885609064671,0,1
ambtemp_end,506,-1.6966854718742,0,1
ambtemp_end,507,-1.42600066338154,0,1
ambtemp_end,508,-1.16365868721577,0,1
ambtemp_end,509,-0.871818551164589,0,1
ambtemp_end,510,-1.2049465862331,0,1
ambtemp_end,511,-1.07593501482578,0,1
ambtemp_end,512,-0.64563138161274,0,1
ambtemp_end,513,-0.817823359113655,0,1
ambtemp_end,514,-1.88856039692136,0,1
ambtemp_end,515,-2.1389040139732,0,1
ambtemp_end,516,-1.68488837156864,0,1
ambtemp_end,517,-1.34184400115582,0,1
ambtemp_end,518,-1.13033790264698,0,1
ambtemp_end,519,-1.10374785338017,0,1
ambtemp_end,520,-1.42940259848209,0,1
ambtemp_end,521,-1.15917063627811,0,1
ambtemp_end,522,-0.888615736108742,0,1
ambtemp_end,523,-0.629063674550972,0,1
ambtemp_end,524,-0.736996003728829,0,1
ambtemp_end,525,-0.837866732221566,0,1
ambtemp_end,526,-0.741099783521614,0,1
ambtemp_end,527,-0.979455181699715,0,1
ambtemp_end,528,-0.974317320924721,0,1
ambtemp_end,529,-1.02787638578983,0,1
ambtemp_end,530,-0.950251289945565,0,1
ambtemp_end,531,-0.996065029245339,0,1
ambtemp_end,532,-1.33607865248295,0,1
ambtemp_end,533,-1.20076394949528,0,1
ambtemp_end,534,-0.697074243169747,0,1
ambtemp_end,535,-0.561335751157723,0,1
ambtemp_end,536,-0.935061701875649,0,1
ambtemp_end,537,-0.369811722379647,0,1
ambtemp_end,538,-0.237252065282784,0,1
ambtemp_end,539,-0.587844916921578,0,1
ambtemp_end,540,-0.997521945577584,0,1
ambtemp_end,541,-1.35996995244595,0,1
ambtemp_end,542,-0.849056371789894,0,1
ambtemp_end,543,-0.662940928083382,0,1
ambtemp_end,544,-0.767367550474129,0,1
ambtemp_end,545,-0.79804141197773,0,1
ambtemp_end,546,-0.566727944951973,0,1
ambtemp_end,547,-0.462139674764595,0,1
ambtemp_end,548,-0.606212326627694,0,1
ambtemp_end,549,-0.993205079179726,0,1
ambtemp_end,550,-0.638565250974617,0,1
ambtemp_end,551,-1.14590115223499,0,1
ambtemp_end,552,-1.32891447220417,0,1
ambtemp_end,553,-0.64377648506733,0,1
ambtemp_end,554,-0.92766559992405,0,1
ambtemp_end,555,-0.931839653593026,0,1
ambtemp_end,556,-1.38605729613873,0,1
ambtemp_end,557,-1.36374292646023,0,1
ambtemp_end,558,-1.56967634831043,0,1
ambtemp_end,559,-1.4714092997131,0,1
ambtemp_end,560,-1.11603123818012,0,1
ambtemp_end,561,-1.33351064596745,0,1
ambtemp_end,562,-1.04747725401493,0,1
ambtemp_end,563,-1.24065817270847,0,1
ambtemp_end,564,-1.2599443880138,0,1
ambtemp_end,565,-1.35990435753437,0,1
ambtemp_end,566,-1.29768068466755,0,1
ambtemp_end,567,-1.13085318480106,0,1
ambtemp_end,568,-1.65808536980721,0,1
ambtemp_end,569,-2.23817981157871,0,1
ambtemp_end,570,-2.39588774118992,0,1
ambtemp_end,571,-1.47525913391682,0,1
ambtemp_end,572,-1.25396109495731,0,1
ambtemp_end,573,-1.47606546555134,0,1
ambtemp_end,574,-1.22624660406681,0,1
ambtemp_end,575,-1.15530157957645,0,1
ambtemp_end,576,-1.11937923107716,0,1
ambtemp_end,577,-0.932170757394753,0,1
ambtemp_end,578,-0.970141479116402,0,1
ambtemp_end,579,-1.32334984217258,0,1
ambtemp_end,580,-1.18999523792835,0,1
ambtemp_end,581,-1.51774177823635,0,1
ambtemp_end,582,-2.04407968495461,0,1
ambtemp_end,583,-2.18859512482258,0,1
ambtemp_end,584,-2.11108736072155,0,1
ambtemp_end,585,-1.79376447324129,0,1
ambtemp_end,586,-1.8900666174707,0,1
ambtemp_end,587,-1.99383693311783,0,1
ambtemp_end,588,-2.42413825665089,0,1
ambtemp_end,589,-2.01090910409065,0,1
ambtemp_end,590,-1.67190571997734,0,1
ambtemp_end,591,-2.08454469714733,0,1
ambtemp_end,592,-2.25925607357594,0,1
ambtemp_end,593,-2.40451092396351,0,1
ambtemp_end,594,-2.0083666530666,0,1
ambtemp_end,595,-2.22182587657543,0,1
ambtemp_end,596,-2.18473307166668,0,1
ambtemp_end,597,-1.9246454623756,0,1
ambtemp_end,598,-1.70520202193829,0,1
ambtemp_end,599,-1.74101822201582,0,1
ambtemp_end,600,-1.92280434195372,0,1
ambtemp_start,-300,-0.123301376224748,0,1
ambtemp_start,-299,-0.310408939243547,0,1
ambtemp_start,-298,-0.358403195263139,0,1
ambtemp_start,-297,-0.0906727207910936,0,1
ambtemp_start,-296,0.243474672912367,0,1
ambtemp_start,-295,0.411264430164107,0,1
ambtemp_start,-294,0.245676051257857,0,1
ambtemp_start,-293,0.216873298763045,0,1
ambtemp_start,-292,-0.430203784824602,0,1
ambtemp_start,-291,-0.133194316745989,0,1
ambtemp_start,-290,0.0402128206479628,0,1
ambtemp_start,-289,-0.113258231998674,0,1
ambtemp_start,-288,-0.10748742950081,0,1
ambtemp_start,-287,-0.396062482715837,0,1
ambtemp_start,-286,0.328424821971663,0,1
ambtemp_start,-285,0.27533419000984,0,1
ambtemp_start,-284,0.429546575425871,0,1
ambtemp_start,-283,0.436420630096205,0,1
ambtemp_start,-282,0.207707892535933,0,1
ambtemp_start,-281,-0.395919431568376,0,1
ambtemp_start,-280,-0.148757447124712,0,1
ambtemp_start,-279,0.267140756725081,0,1
ambtemp_start,-278,0.321670960067518,0,1
ambtemp_start,-277,0.215679298518904,0,1
ambtemp_start,-276,0.313510190128096,0,1
ambtemp_start,-275,0.315365503906019,0,1
ambtemp_start,-274,-0.0647056592714708,0,1
ambtemp_start,-273,-0.199141849399797,0,1
ambtemp_start,-272,0.15763206350685,0,1
ambtemp_start,-271,-0.00724737775444195,0,1
ambtemp_start,-270,-0.306839217067949,0,1
ambtemp_start,-269,0.433362643598326,0,1
ambtemp_start,-268,-0.181064356685869,0,1
ambtemp_start,-267,-0.278156865955583,0,1
ambtemp_start,-266,0.344677101253279,0,1
ambtemp_start,-265,0.369964312194594,0,1
ambtemp_start,-264,0.316902648090132,0,1
ambtemp_start,-263,0.455068628667601,0,1
ambtemp_start,-262,0.0402664052236159,0,1
ambtemp_start,-261,-0.425939549328081,0,1
ambtemp_start,-260,-0.14302324187874,0,1
ambtemp_start,-259,0.185012410758742,0,1
ambtemp_start,-258,0.118451605914839,0,1
ambtemp_start,-257,0.127575408099898,0,1
ambtemp_start,-256,0.245993028758772,0,1
ambtemp_start,-255,0.267246078132399,0,1
ambtemp_start,-254,0.619041989921339,0,1
ambtemp_start,-253,0.365410815356978,0,1
ambtemp_start,-252,0.459060798763045,0,1
ambtemp_start,-251,0.558643023847349,0,1
ambtemp_start,-250,0.436737905620344,0,1
ambtemp_start,-249,0.82395249920965,0,1
ambtemp_start,-248,1.09887961614014,0,1
ambtemp_start,-247,1.05609988736988,0,1
ambtemp_start,-246,1.19793505537391,0,1
ambtemp_start,-245,1.00374537277103,0,1
ambtemp_start,-244,0.898879125146874,0,1
ambtemp_start,-243,0.74085768628002,0,1
ambtemp_start,-242,0.464831452249296,0,1
ambtemp_start,-241,0.122140775798567,0,1
ambtemp_start,-240,0.204472313998945,0,1
ambtemp_start,-239,0.61927453744293,0,1
ambtemp_start,-238,0.689972262262114,0,1
ambtemp_start,-237,0.415584574817427,0,1
ambtemp_start,-236,0.366340170978316,0,1
ambtemp_start,-235,0.481292675613173,0,1
ambtemp_start,-234,0.389726530193098,0,1
ambtemp_start,-233,0.228236507056959,0,1
ambtemp_start,-232,0.197740684627302,0,1
ambtemp_start,-231,0.136754106162794,0,1
ambtemp_start,-230,0.592368106721648,0,1
ambtemp_start,-229,0.960138081936844,0,1
ambtemp_start,-228,0.670022528051146,0,1
ambtemp_start,-227,0.362143467544325,0,1
ambtemp_start,-226,0.209497879623183,0,1
ambtemp_start,-225,0.454834501622923,0,1
ambtemp_start,-224,0.357309948085554,0,1
ambtemp_start,-223,-0.0352184666407029,0,1
ambtemp_start,-222,-0.0816483391535203,0,1
ambtemp_start,-221,-0.119404901386492,0,1
ambtemp_start,-220,-0.2122158898127,0,1
ambtemp_start,-219,-0.2149014366877,0,1
ambtemp_start,-218,0.138255010722883,0,1
ambtemp_start,-217,0.269461642383345,0,1
ambtemp_start,-216,0.493201296209105,0,1
ambtemp_start,-215,0.466108720182188,0,1
ambtemp_start,-214,0.398080240367659,0,1
ambtemp_start,-213,0.0318206654775222,0,1
ambtemp_start,-212,0.221157203792341,0,1
ambtemp_start,-211,0.187615703223952,0,1
ambtemp_start,-210,-0.145944465519182,0,1
ambtemp_start,-209,-0.544409383655779,0,1
ambtemp_start,-208,0.137305627940901,0,1
ambtemp_start,-207,0.145666609882124,0,1
ambtemp_start,-206,-0.350154150844805,0,1
ambtemp_start,-205,-0.393931139827959,0,1
ambtemp_start,-204,-0.274062384487383,0,1
ambtemp_start,-203,-0.209005464435808,0,1
ambtemp_start,-202,-0.277716387630693,0,1
ambtemp_start,-201,-0.0949096573603074,0,1
ambtemp_start,-200,0.126294683097609,0,1
ambtemp_start,-199,0.117893408416518,0,1
ambtemp_start,-198,0.0407936083066542,0,1
ambtemp_start,-197,-0.0611248506319444,0,1
ambtemp_start,-196,-0.0711150063288133,0,1
ambtemp_start,-195,-0.507307757259599,0,1
ambtemp_start,-194,-0.588421572567217,0,1
ambtemp_start,-193,-0.332976688266985,0,1
ambtemp_start,-192,-0.417776097179643,0,1
ambtemp_start,-191,-0.373884428859941,0,1
ambtemp_start,-190,-0.318463553310625,0,1
ambtemp_start,-189,-0.120368946911089,0,1
ambtemp_start,-188,0.475867967485197,0,1
ambtemp_start,-187,0.295578073142775,0,1
ambtemp_start,-186,0.0668417917478163,0,1
ambtemp_start,-185,-0.099590648533098,0,1
ambtemp_start,-184,-0.264764775158159,0,1
ambtemp_start,-183,-0.397849429966203,0,1
ambtemp_start,-182,-0.403462280155412,0,1
ambtemp_start,-181,-0.0276611341249864,0,1
ambtemp_start,-180,-0.0877838028681199,0,1
ambtemp_start,-179,0.141679357169874,0,1
ambtemp_start,-178,-0.105620015979997,0,1
ambtemp_start,-177,0.320277224658736,0,1
ambtemp_start,-176,0.305514048217543,0,1
ambtemp_start,-175,0.180617700694807,0,1
ambtemp_start,-174,0.179785381435164,0,1
ambtemp_start,-173,-0.0327565563929002,0,1
ambtemp_start,-172,0.373459945796736,0,1
ambtemp_start,-171,0.39014930593849,0,1
ambtemp_start,-170,0.389750670074232,0,1
ambtemp_start,-169,0.383457492469557,0,1
ambtemp_start,-168,0.383546661018141,0,1
ambtemp_start,-167,0.614522229312666,0,1
ambtemp_start,-166,0.217268179534682,0,1
ambtemp_start,-165,0.0202431784856398,0,1
ambtemp_start,-164,0.188179920791395,0,1
ambtemp_start,-163,-0.156803120495073,0,1
ambtemp_start,-162,0.102646063445814,0,1
ambtemp_start,-161,0.189163039802321,0,1
ambtemp_start,-160,-0.0898804558527391,0,1
ambtemp_start,-159,-0.0330949319612901,0,1
ambtemp_start,-158,-0.0617891443979661,0,1
ambtemp_start,-157,-0.0486694468271653,0,1
ambtemp_start,-156,-0.145555962444536,0,1
ambtemp_start,-155,-0.0715898169290941,0,1
ambtemp_start,-154,-0.188091625095598,0,1
ambtemp_start,-153,0.225860308288344,0,1
ambtemp_start,-152,0.229873489021071,0,1
ambtemp_start,-151,0.499033729909666,0,1
ambtemp_start,-150,0.297986458419569,0,1
ambtemp_start,-149,0.113218377708205,0,1
ambtemp_start,-148,0.305831204532393,0,1
ambtemp_start,-147,0.0772642599332412,0,1
ambtemp_start,-146,-0.307817925335161,0,1
ambtemp_start,-145,-0.395508159519426,0,1
ambtemp_start,-144,-0.242905486942522,0,1
ambtemp_start,-143,0.00406319963813617,0,1
ambtemp_start,-142,-0.42500578296303,0,1
ambtemp_start,-141,-0.267833937526933,0,1
ambtemp_start,-140,-0.227680791736833,0,1
ambtemp_start,-139,-0.234842051388017,0,1
ambtemp_start,-138,0.188538263915785,0,1
ambtemp_start,-137,0.00903917419792011,0,1
ambtemp_start,-136,-0.122371066929094,0,1
ambtemp_start,-135,0.082994710086592,0,1
ambtemp_start,-134,0.520367007135161,0,1
ambtemp_start,-133,0.103087495445021,0,1
ambtemp_start,-132,-0.0680686129343431,0,1
ambtemp_start,-131,-0.121392239452593,0,1
ambtemp_start,-130,0.150998424171217,0,1
ambtemp_start,-129,-0.440374602199785,0,1
ambtemp_start,-128,-0.1187499655497,0,1
ambtemp_start,-127,0.318312774776228,0,1
ambtemp_start,-126,-0.177014340282671,0,1
ambtemp_start,-125,-0.343899835468523,0,1
ambtemp_start,-124,-0.346152891041033,0,1
ambtemp_start,-123,-0.147411097408525,0,1
ambtemp_start,-122,-0.286400545955888,0,1
ambtemp_start,-121,-0.440004695774309,0,1
ambtemp_start,-120,-0.197071541668169,0,1
ambtemp_start,-119,0.0837843524205764,0,1
ambtemp_start,-118,0.00719148981452777,0,1
ambtemp_start,-117,-0.442166794658891,0,1
ambtemp_start,-116,-0.118958104969255,0,1
ambtemp_start,-115,0.188488017200239,0,1
ambtemp_start,-114,-0.0145087136042039,0,1
ambtemp_start,-113,-0.0254028333437364,0,1
ambtemp_start,-112,-0.133069027782671,0,1
ambtemp_start,-111,-0.219693769336931,0,1
ambtemp_start,-110,-0.203838933826677,0,1
ambtemp_start,-109,-0.539980877758257,0,1
ambtemp_start,-108,-0.115865815998308,0,1
ambtemp_start,-107,-0.0700006378900926,0,1
ambtemp_start,-106,-0.0879500998270433,0,1
ambtemp_start,-105,0.220553110717543,0,1
ambtemp_start,-104,0.100020478843458,0,1
ambtemp_start,-103,0.00654269325614765,0,1
ambtemp_start,-102,-0.240805496097795,0,1
ambtemp_start,-101,-0.332660545231096,0,1
ambtemp_start,-100,-0.146590579868547,0,1
ambtemp_start,-99,-0.0477510584604661,0,1
ambtemp_start,-98,-0.082752097965471,0,1
ambtemp_start,-97,-0.0550179375421922,0,1
ambtemp_start,-96,0.294198523639448,0,1
ambtemp_start,-95,0.196770022987135,0,1
ambtemp_start,-94,-0.558445681453935,0,1
ambtemp_start,-93,-0.41927896869301,0,1
ambtemp_start,-92,0.0254906522023757,0,1
ambtemp_start,-91,0.323324512122877,0,1
ambtemp_start,-90,-0.163372982860796,0,1
ambtemp_start,-89,-0.0930271042597215,0,1
ambtemp_start,-88,-0.6269948376429,0,1
ambtemp_start,-87,-0.626124013782732,0,1
ambtemp_start,-86,-0.0704879654657762,0,1
ambtemp_start,-85,-0.0547032250177781,0,1
ambtemp_start,-84,-0.381167520405046,0,1
ambtemp_start,-83,-0.387890685917131,0,1
ambtemp_start,-82,-0.333083738209001,0,1
ambtemp_start,-81,0.188129078029402,0,1
ambtemp_start,-80,0.00907380449653461,0,1
ambtemp_start,-79,-0.406005014301531,0,1
ambtemp_start,-78,-0.534759749294512,0,1
ambtemp_start,-77,-0.642902482868425,0,1
ambtemp_start,-76,0.00644750463844135,0,1
ambtemp_start,-75,0.0503468619573195,0,1
ambtemp_start,-74,-0.45083414447426,0,1
ambtemp_start,-73,-0.481530298115007,0,1
ambtemp_start,-72,-0.982287157894365,0,1
ambtemp_start,-71,-0.881315935970537,0,1
ambtemp_start,-70,-0.578819979549638,0,1
ambtemp_start,-69,-0.56269298923134,0,1
ambtemp_start,-68,-0.572692860485307,0,1
ambtemp_start,-67,-0.397286404491655,0,1
ambtemp_start,-66,-0.551911581875078,0,1
ambtemp_start,-65,-0.809130181194536,0,1
ambtemp_start,-64,-0.818753351093523,0,1
ambtemp_start,-63,-0.591781128765337,0,1
ambtemp_start,-62,-0.589591969372026,0,1
ambtemp_start,-61,-0.763999451519243,0,1
ambtemp_start,-60,-1.21364222896218,0,1
ambtemp_start,-59,-0.544094790340654,0,1
ambtemp_start,-58,-0.116278280140154,0,1
ambtemp_start,-57,0.463375072358855,0,1
ambtemp_start,-56,0.391867171405562,0,1
ambtemp_start,-55,0.45149887668968,0,1
ambtemp_start,-54,0.632936428664931,0,1
ambtemp_start,-53,0.801151226638563,0,1
ambtemp_start,-52,1.40729577410103,0,1
ambtemp_start,-51,0.958684529541739,0,1
ambtemp_start,-50,1.00957942324758,0,1
ambtemp_start,-49,0.8715213494289,0,1
ambtemp_start,-48,1.09431017506004,0,1
ambtemp_start,-47,0.840272027431734,0,1
ambtemp_start,-46,0.707031633137472,0,1
ambtemp_start,-45,0.345174263595351,0,1
ambtemp_start,-44,0.047646056293257,0,1
ambtemp_start,-43,0.297221253989943,0,1
ambtemp_start,-42,0.0442544924008925,0,1
ambtemp_start,-41,0.254163752673872,0,1
ambtemp_start,-40,0.315035532592543,0,1
ambtemp_start,-39,0.443553547738798,0,1
ambtemp_start,-38,0.211903344272383,0,1
ambtemp_start,-37,-0.0551811350595872,0,1
ambtemp_start,-36,0.303793381332167,0,1
ambtemp_start,-35,0.443532090066679,0,1
ambtemp_start,-34,0.868776130853899,0,1
ambtemp_start,-33,1.06990128326298,0,1
ambtemp_start,-32,0.728021721719511,0,1
ambtemp_start,-31,0.399962316631087,0,1
ambtemp_start,-30,0.459668378709563,0,1
ambtemp_start,-29,0.462216387866743,0,1
ambtemp_start,-28,0.651315699695357,0,1
ambtemp_start,-27,0.639709274648436,0,1
ambtemp_start,-26,0.535648177741774,0,1
ambtemp_start,-25,0.65929449665428,0,1
ambtemp_start,-24,0.755016054390677,0,1
ambtemp_start,-23,0.924345240360804,0,1
ambtemp_start,-22,0.545229594587096,0,1
ambtemp_start,-21,0.61481309997917,0,1
ambtemp_start,-20,0.419489751933821,0,1
ambtemp_start,-19,0.393947313903578,0,1
ambtemp_start,-18,0.243443320869215,0,1
ambtemp_start,-17,0.391963671325453,0,1
ambtemp_start,-16,0.530059080003508,0,1
ambtemp_start,-15,0.489613901256331,0,1
ambtemp_start,-14,0.407252083896406,0,1
ambtemp_start,-13,0.448548983215102,0,1
ambtemp_start,-12,0.087781976341017,0,1
ambtemp_start,-11,0.555536966203459,0,1
ambtemp_start,-10,0.481541077970274,0,1
ambtemp_start,-9,0.244286368964918,0,1
ambtemp_start,-8,0.546115140794524,0,1
ambtemp_start,-7,0.717936481713064,0,1
ambtemp_start,-6,0.799066911815413,0,1
ambtemp_start,-5,1.11013647484661,0,1
ambtemp_start,-4,0.75426157879711,0,1
ambtemp_start,-3,0.259849141715773,0,1
ambtemp_start,-2,0.133667241214522,0,1
ambtemp_start,-1,0.139815579532393,0,1
ambtemp_start,0,0.0402957903134902,0,1
ambtemp_start,1,0.550512741683729,0,1
ambtemp_start,2,0.805499117254027,0,1
ambtemp_start,3,0.445513497470625,0,1
ambtemp_start,4,0.261466632961043,0,1
ambtemp_start,5,0.161543797134169,0,1
ambtemp_start,6,0.465413044570692,0,1
ambtemp_start,7,1.24181748497368,0,1
ambtemp_start,8,1.02334839421392,0,1
ambtemp_start,9,0.581366102575072,0,1
ambtemp_start,10,0.666753809331663,0,1
ambtemp_start,11,1.07118275332332,0,1
ambtemp_start,12,0.682250867961653,0,1
ambtemp_start,13,0.0906301842916091,0,1
ambtemp_start,14,0.385475586532362,0,1
ambtemp_start,15,0.955563935815104,0,1
ambtemp_start,16,0.653928469299086,0,1
ambtemp_start,17,0.314910124419935,0,1
ambtemp_start,18,0.289884458659895,0,1
ambtemp_start,19,0.413541923640974,0,1
ambtemp_start,20,0.733667741893538,0,1
ambtemp_start,21,0.375417183517226,0,1
ambtemp_start,22,0.596411924241789,0,1
ambtemp_start,23,0.381003986476668,0,1
ambtemp_start,24,0.398017774699934,0,1
ambtemp_start,25,0.630022536395796,0,1
ambtemp_start,26,0.50435532200218,0,1
ambtemp_start,27,0.552916984437712,0,1
ambtemp_start,28,0.484215538381346,0,1
ambtemp_start,29,0.557907502530821,0,1
ambtemp_start,30,0.670128415702589,0,1
ambtemp_start,31,0.358643840430983,0,1
ambtemp_start,32,0.504410873531111,0,1
ambtemp_start,33,0.580117474673994,0,1
ambtemp_start,34,0.637720804094084,0,1
ambtemp_start,35,0.174797366737135,0,1
ambtemp_start,36,0.251245568870314,0,1
ambtemp_start,37,0.508466045736082,0,1
ambtemp_start,38,0.584728668807753,0,1
ambtemp_start,39,0.479320208905943,0,1
ambtemp_start,40,0.752978067277678,0,1
ambtemp_start,41,0.35807539093376,0,1
ambtemp_start,42,0.655798416017302,0,1
ambtemp_start,43,0.504515628694304,0,1
ambtemp_start,44,0.381498764632948,0,1
ambtemp_start,45,0.0301147209394057,0,1
ambtemp_start,46,0.0021526323545058,0,1
ambtemp_start,47,0.646288614152678,0,1
ambtemp_start,48,1.05497248041511,0,1
ambtemp_start,49,0.896145995138891,0,1
ambtemp_start,50,0.80179361569763,0,1
ambtemp_start,51,0.792869921206244,0,1
ambtemp_start,52,0.974017362474211,0,1
ambtemp_start,53,1.06703683304668,0,1
ambtemp_start,54,1.14302637743831,0,1
ambtemp_start,55,1.09304989445091,0,1
ambtemp_start,56,0.855503264247187,0,1
ambtemp_start,57,0.152059506057509,0,1
ambtemp_start,58,0.244708667873152,0,1
ambtemp_start,59,0.353873144267805,0,1
ambtemp_start,60,0.129407476066359,0,1
ambtemp_start,61,0.223904739497908,0,1
ambtemp_start,62,0.0136931048619826,0,1
ambtemp_start,63,0.0651182638394912,0,1
ambtemp_start,64,0.0287283765065749,0,1
ambtemp_start,65,-0.0372679723513047,0,1
ambtemp_start,66,0.0348249779927809,0,1
ambtemp_start,67,-0.0189008010637681,0,1
ambtemp_start,68,0.616989652990111,0,1
ambtemp_start,69,0.613894026159056,0,1
ambtemp_start,70,0.19005633461357,0,1
ambtemp_start,71,-0.0847186936151902,0,1
ambtemp_start,72,0.1752193080175,0,1
ambtemp_start,73,0.119699369548567,0,1
ambtemp_start,74,0.11941469776512,0,1
ambtemp_start,75,0.824814740000971,0,1
ambtemp_start,76,0.692704807399519,0,1
ambtemp_start,77,-0.0929522408258836,0,1
ambtemp_start,78,-0.0534818662416856,0,1
ambtemp_start,79,0.0238636242139418,0,1
ambtemp_start,80,-0.204165090442888,0,1
ambtemp_start,81,-0.114399541736833,0,1
ambtemp_start,82,-0.203681935192339,0,1
ambtemp_start,83,-0.329932202221147,0,1
ambtemp_start,84,0.0619971262204726,0,1
ambtemp_start,85,-0.344084848285906,0,1
ambtemp_start,86,-0.0618292583239,0,1
ambtemp_start,87,0.642758856891402,0,1
ambtemp_start,88,0.261681269286879,0,1
ambtemp_start,89,0.19415892231346,0,1
ambtemp_start,90,0.0492311822164138,0,1
ambtemp_start,91,-0.108490218044512,0,1
ambtemp_start,92,-0.158651460529558,0,1
ambtemp_start,93,-0.0983701838266771,0,1
ambtemp_start,94,-0.377653588176958,0,1
ambtemp_start,95,0.246368299602278,0,1
ambtemp_start,96,0.747503112434157,0,1
ambtemp_start,97,0.893645354910501,0,1
ambtemp_start,98,0.79912004935623,0,1
ambtemp_start,99,0.647506337045439,0,1
ambtemp_start,100,1.39117867815376,0,1
ambtemp_start,101,1.85129077303291,0,1
ambtemp_start,102,1.26687173116089,0,1
ambtemp_start,103,1.06523736882091,0,1
ambtemp_start,104,1.31481353509308,0,1
ambtemp_start,105,1.23618454801918,0,1
ambtemp_start,106,1.45953745710731,0,1
ambtemp_start,107,1.65794075596214,0,1
ambtemp_start,108,1.56400133240105,0,1
ambtemp_start,109,1.50057811605812,0,1
ambtemp_start,110,1.05783862936378,0,1
ambtemp_start,111,0.853680673419245,0,1
ambtemp_start,112,1.35184807646156,0,1
ambtemp_start,113,1.57490355837227,0,1
ambtemp_start,114,1.18215865957619,0,1
ambtemp_start,115,1.08956084716202,0,1
ambtemp_start,116,1.59095049965263,0,1
ambtemp_start,117,1.67704553472877,0,1
ambtemp_start,118,1.56785292494179,0,1
ambtemp_start,119,0.996093626497992,0,1
ambtemp_start,120,1.14511535632492,0,1
ambtemp_start,121,1.52160860168815,0,1
ambtemp_start,122,1.65614111292244,0,1
ambtemp_start,123,1.59916974174858,0,1
ambtemp_start,124,1.04604693072916,0,1
ambtemp_start,125,0.849279608010062,0,1
ambtemp_start,126,1.20632592904449,0,1
ambtemp_start,127,1.52218938934685,0,1
ambtemp_start,128,1.64339781868339,0,1
ambtemp_start,129,1.88493747579933,0,1
ambtemp_start,130,1.14424649941803,0,1
ambtemp_start,131,1.89680273401619,0,1
ambtemp_start,132,2.16087580788017,0,1
ambtemp_start,133,1.54038954841972,0,1
ambtemp_start,134,2.07153059112907,0,1
ambtemp_start,135,1.93999088871361,0,1
ambtemp_start,136,1.53430629837395,0,1
ambtemp_start,137,1.48027516472221,0,1
ambtemp_start,138,1.77677847015739,0,1
ambtemp_start,139,1.65031308996559,0,1
ambtemp_start,140,2.09597493278862,0,1
ambtemp_start,141,1.89358074533821,0,1
ambtemp_start,142,2.00807465183616,0,1
ambtemp_start,143,1.91040236818672,0,1
ambtemp_start,144,1.81558210718513,0,1
ambtemp_start,145,2.07134796249748,0,1
ambtemp_start,146,2.33832086193443,0,1
ambtemp_start,147,2.08490646946312,0,1
ambtemp_start,148,1.70262433159233,0,1
ambtemp_start,149,1.3798964725721,0,1
ambtemp_start,150,1.71538276541115,0,1
ambtemp_start,151,1.69758195745827,0,1
ambtemp_start,152,1.67666281330467,0,1
ambtemp_start,153,1.673881064533,0,1
ambtemp_start,154,2.41943539249779,0,1
ambtemp_start,155,2.13474119770408,0,1
ambtemp_start,156,2.07901145088554,0,1
ambtemp_start,157,1.95797825920463,0,1
ambtemp_start,158,2.28037167656303,0,1
ambtemp_start,159,1.9001880990255,0,1
ambtemp_start,160,1.69104344713569,0,1
ambtemp_start,161,2.26766694652916,0,1
ambtemp_start,162,2.30169619190574,0,1
ambtemp_start,163,1.79590309727074,0,1
ambtemp_start,164,1.34403426515938,0,1
ambtemp_start,165,1.65362913477302,0,1
ambtemp_start,166,1.61424620020271,0,1
ambtemp_start,167,1.55397451984764,0,1
ambtemp_start,168,1.31433613169075,0,1
ambtemp_start,169,1.4161958204496,0,1
ambtemp_start,170,1.54500712025047,0,1
ambtemp_start,171,1.1710474150169,0,1
ambtemp_start,172,1.14468852746368,0,1
ambtemp_start,173,0.966047033100136,0,1
ambtemp_start,174,0.999079267858275,0,1
ambtemp_start,175,1.40788121092201,0,1
ambtemp_start,176,1.27642003762604,0,1
ambtemp_start,177,0.37107051479698,0,1
ambtemp_start,178,0.253124366878279,0,1
ambtemp_start,179,0.699688847540625,0,1
ambtemp_start,180,0.973304017810829,0,1
ambtemp_start,181,0.855666007279166,0,1
ambtemp_start,182,1.32466889488579,0,1
ambtemp_start,183,0.962706144331702,0,1
ambtemp_start,184,0.19683236944557,0,1
ambtemp_start,185,0.401923071025618,0,1
ambtemp_start,186,1.06550576853634,0,1
ambtemp_start,187,0.748934875606306,0,1
ambtemp_start,188,0.73673650193096,0,1
ambtemp_start,189,1.10863366293789,0,1
ambtemp_start,190,1.12591988909126,0,1
ambtemp_start,191,0.941218399806627,0,1
ambtemp_start,192,0.669546137927779,0,1
ambtemp_start,193,0.383292804836043,0,1
ambtemp_start,194,0.668011973975905,0,1
ambtemp_start,195,1.0694607602346,0,1
ambtemp_start,196,1.37535137998939,0,1
ambtemp_start,197,1.66009719240547,0,1
ambtemp_start,198,1.22227225768448,0,1
ambtemp_start,199,0.670260946630247,0,1
ambtemp_start,200,0.76382262575508,0,1
ambtemp_start,201,0.746024052976378,0,1
ambtemp_start,202,1.28391904699684,0,1
ambtemp_start,203,0.45529566275955,0,1
ambtemp_start,204,0.460834543584593,0,1
ambtemp_start,205,0.527661423562773,0,1
ambtemp_start,206,0.434504877208479,0,1
ambtemp_start,207,0.567918281434782,0,1
ambtemp_start,208,0.424612413524397,0,1
ambtemp_start,209,0.170475493549116,0,1
ambtemp_start,210,0.463426868795164,0,1
ambtemp_start,211,0.582639764426955,0,1
ambtemp_start,212,0.597436110852965,0,1
ambtemp_start,213,0.407864402412184,0,1
ambtemp_start,214,0.620353023885496,0,1
ambtemp_start,215,0.509796212791212,0,1
ambtemp_start,216,0.547571282266386,0,1
ambtemp_start,217,0.655779938577421,0,1
ambtemp_start,218,0.406273673652418,0,1
ambtemp_start,219,0.00878490078330829,0,1
ambtemp_start,220,0.624103526948698,0,1
ambtemp_start,221,0.641820739387282,0,1
ambtemp_start,222,0.338551114677199,0,1
ambtemp_start,223,0.0588424907910903,0,1
ambtemp_start,224,0.562145452378996,0,1
ambtemp_start,225,0.811061981498011,0,1
ambtemp_start,226,0.381900499938734,0,1
ambtemp_start,227,0.713750656126745,0,1
ambtemp_start,228,0.829174745260485,0,1
ambtemp_start,229,0.681187714813956,0,1
ambtemp_start,230,0.153111408828505,0,1
ambtemp_start,231,0.121093343375929,0,1
ambtemp_start,232,-0.00960670840858624,0,1
ambtemp_start,233,-0.14539574515938,0,1
ambtemp_start,234,0.101826857208021,0,1
ambtemp_start,235,0.0716051565396865,0,1
ambtemp_start,236,-0.036624659420244,0,1
ambtemp_start,237,-0.117726911426775,0,1
ambtemp_start,238,0.000497530578382754,0,1
ambtemp_start,239,-0.163226236225359,0,1
ambtemp_start,240,0.484848480104216,0,1
ambtemp_start,241,0.63916612732292,0,1
ambtemp_start,242,0.399013351081618,0,1
ambtemp_start,243,0.215067218421706,0,1
ambtemp_start,244,0.347870837329634,0,1
ambtemp_start,245,0.132074903129347,0,1
ambtemp_start,246,0.187930534957655,0,1
ambtemp_start,247,0.213092099307783,0,1
ambtemp_start,248,0.323378633140333,0,1
ambtemp_start,249,0.209551344989546,0,1
ambtemp_start,250,-0.206364263416521,0,1
ambtemp_start,251,-0.115816820980303,0,1
ambtemp_start,252,-0.0737126363527696,0,1
ambtemp_start,253,0.272007118343123,0,1
ambtemp_start,254,0.52125207650543,0,1
ambtemp_start,255,0.267829130767592,0,1
ambtemp_start,256,0.306175480960615,0,1
ambtemp_start,257,0.556298475145109,0,1
ambtemp_start,258,0.476543139098891,0,1
ambtemp_start,259,0.302438090919264,0,1
ambtemp_start,260,0.575515400050886,0,1
ambtemp_start,261,-0.0270287884485643,0,1
ambtemp_start,262,-0.466350783230058,0,1
ambtemp_start,263,-0.0057356847536485,0,1
ambtemp_start,264,0.282235633014448,0,1
ambtemp_start,265,0.415574680446394,0,1
ambtemp_start,266,0.603352527498015,0,1
ambtemp_start,267,0.124614487766035,0,1
ambtemp_start,268,0.101953457473524,0,1
ambtemp_start,269,0.47884149420143,0,1
ambtemp_start,270,0.846642460106619,0,1
ambtemp_start,271,1.09553311335922,0,1
ambtemp_start,272,0.655919800876387,0,1
ambtemp_start,273,0.475754778264769,0,1
ambtemp_start,274,0.389865289806135,0,1
ambtemp_start,275,0.783912714003332,0,1
ambtemp_start,276,0.906974210767754,0,1
ambtemp_start,277,0.242472957252272,0,1
ambtemp_start,278,0.131265054820784,0,1
ambtemp_start,279,0.435686658500441,0,1
ambtemp_start,280,0.25840223896385,0,1
ambtemp_start,281,0.941587861059912,0,1
ambtemp_start,282,1.11008025276542,0,1
ambtemp_start,283,1.41843817698837,0,1
ambtemp_start,284,1.01036620455862,0,1
ambtemp_start,285,0.705837871311911,0,1
ambtemp_start,286,0.365889381049879,0,1
ambtemp_start,287,0.223376523135908,0,1
ambtemp_start,288,0.274460207103499,0,1
ambtemp_start,289,0.553053121446379,0,1
ambtemp_start,290,0.393128405689009,0,1
ambtemp_start,291,0.13116801845909,0,1
ambtemp_start,292,0.212895642398604,0,1
ambtemp_start,293,0.746678824900397,0,1
ambtemp_start,294,0.44959954488159,0,1
ambtemp_start,295,0.165434073089369,0,1
ambtemp_start,296,0.486767392038115,0,1
ambtemp_start,297,0.283446203349837,0,1
ambtemp_start,298,0.254413317321547,0,1
ambtemp_start,299,0.421499233125456,0,1
ambtemp_start,300,0.428712348817595,0,1
ambtemp_start,301,0.582956414102324,0,1
ambtemp_start,302,0.558817605851897,0,1
ambtemp_start,303,0.374219785808333,0,1
ambtemp_start,304,0.55443535315872,0,1
ambtemp_start,305,0.406062434791334,0,1
ambtemp_start,306,-0.0540705813181321,0,1
ambtemp_start,307,0.401765118716963,0,1
ambtemp_start,308,0.712080131648787,0,1
ambtemp_start,309,0.859838239281185,0,1
ambtemp_start,310,0.598327319501646,0,1
ambtemp_start,311,0.909037984340199,0,1
ambtemp_start,312,0.880543957828291,0,1
ambtemp_start,313,0.395285795806654,0,1
ambtemp_start,314,0.501662920593031,0,1
ambtemp_start,315,0.59168602096916,0,1
ambtemp_start,316,0.309869896053084,0,1
ambtemp_start,317,0.749961550711401,0,1
ambtemp_start,318,0.814259815393694,0,1
ambtemp_start,319,1.12199441659332,0,1
ambtemp_start,320,0.716227005599745,0,1
ambtemp_start,321,0.183978389381178,0,1
ambtemp_start,322,0.182572971462019,0,1
ambtemp_start,323,0.851566854296931,0,1
ambtemp_start,324,0.490394751905211,0,1
ambtemp_start,325,0.408362339614638,0,1
ambtemp_start,326,0.440790902255781,0,1
ambtemp_start,327,0.340861271499403,0,1
ambtemp_start,328,0.805581267355688,0,1
ambtemp_start,329,0.842379267691382,0,1
ambtemp_start,330,0.594050269006499,0,1
ambtemp_start,331,0.788108016728171,0,1
ambtemp_start,332,0.613640617011793,0,1
ambtemp_start,333,0.496623765109785,0,1
ambtemp_start,334,0.376418481944807,0,1
ambtemp_start,335,0.546476493953474,0,1
ambtemp_start,336,0.393585215686568,0,1
ambtemp_start,337,0.476026307224043,0,1
ambtemp_start,338,0.51491589414955,0,1
ambtemp_start,339,0.956462572692641,0,1
ambtemp_start,340,0.545394937871702,0,1
ambtemp_start,341,1.06945353317142,0,1
ambtemp_start,342,0.805978442906149,0,1
ambtemp_start,343,0.577490906595,0,1
ambtemp_start,344,0.745614732979544,0,1
ambtemp_start,345,0.374027680038222,0,1
ambtemp_start,346,0.575133781312712,0,1
ambtemp_start,347,0.907497396125205,0,1
ambtemp_start,348,1.06861529815079,0,1
ambtemp_start,349,1.02745040821911,0,1
ambtemp_start,350,0.730932663558729,0,1
ambtemp_start,351,0.886176987915047,0,1
ambtemp_start,352,0.751284133075484,0,1
ambtemp_start,353,0.596142928479918,0,1
ambtemp_start,354,0.355959068416365,0,1
ambtemp_start,355,0.848052743254908,0,1
ambtemp_start,356,0.73964796531082,0,1
ambtemp_start,357,0.676251571058043,0,1
ambtemp_start,358,0.680367137669333,0,1
ambtemp_start,359,0.538670520662077,0,1
ambtemp_start,360,1.03822560924173,0,1
ambtemp_start,361,0.822840976892718,0,1
ambtemp_start,362,0.749426181792029,0,1
ambtemp_start,363,0.944349882556804,0,1
ambtemp_start,364,0.798138703583487,0,1
ambtemp_start,365,0.759256746052511,0,1
ambtemp_start,366,0.352507542251356,0,1
ambtemp_start,367,0.680370013593443,0,1
ambtemp_start,368,1.0229254396546,0,1
ambtemp_start,369,1.04814271199585,0,1
ambtemp_start,370,1.01730387228609,0,1
ambtemp_start,371,1.16547712254406,0,1
ambtemp_start,372,1.00616521704079,0,1
ambtemp_start,373,0.794355626581915,0,1
ambtemp_start,374,0.439645956634291,0,1
ambtemp_start,375,0.444581817268141,0,1
ambtemp_start,376,0.743563334821471,0,1
ambtemp_start,377,0.50878829824806,0,1
ambtemp_start,378,0.815828550039538,0,1
ambtemp_start,379,0.60065967905403,0,1
ambtemp_start,380,0.628748218892821,0,1
ambtemp_start,381,0.126790236114271,0,1
ambtemp_start,382,0.713539283155211,0,1
ambtemp_start,383,1.18087677228332,0,1
ambtemp_start,384,1.30937809812904,0,1
ambtemp_start,385,1.00128370839239,0,1
ambtemp_start,386,0.598026256440886,0,1
ambtemp_start,387,0.737129683970221,0,1
ambtemp_start,388,0.86681827473522,0,1
ambtemp_start,389,0.957142751096495,0,1
ambtemp_start,390,0.43456904160858,0,1
ambtemp_start,391,0.543283443330534,0,1
ambtemp_start,392,0.134813796161421,0,1
ambtemp_start,393,0.0862685548055251,0,1
ambtemp_start,394,0.268468867419966,0,1
ambtemp_start,395,0.264841149925001,0,1
ambtemp_start,396,0.00430090296150043,0,1
ambtemp_start,397,0.27621389496208,0,1
ambtemp_start,398,0.72550765740753,0,1
ambtemp_start,399,0.376311312793501,0,1
ambtemp_start,400,-0.0407048357736985,0,1
ambtemp_start,401,0.677004735349425,0,1
ambtemp_start,402,0.669224928497084,0,1
ambtemp_start,403,-0.169928301693193,0,1
ambtemp_start,404,0.336205493091353,0,1
ambtemp_start,405,-0.355158676029436,0,1
ambtemp_start,406,-0.677028168560259,0,1
ambtemp_start,407,-0.0617220891725938,0,1
ambtemp_start,408,0.172638367294081,0,1
ambtemp_start,409,-0.376180042148821,0,1
ambtemp_start,410,-0.119960893512956,0,1
ambtemp_start,411,0.775365422843703,0,1
ambtemp_start,412,0.657074193834074,0,1
ambtemp_start,413,0.0027130948293288,0,1
ambtemp_start,414,0.0262243853795607,0,1
ambtemp_start,415,-0.0848698509943406,0,1
ambtemp_start,416,-0.305008520008318,0,1
ambtemp_start,417,-0.0202723635446946,0,1
ambtemp_start,418,-0.259751070858232,0,1
ambtemp_start,419,-0.851512302280657,0,1
ambtemp_start,420,-0.83298598659157,0,1
ambtemp_start,421,-0.89533196818947,0,1
ambtemp_start,422,-1.67926679980873,0,1
ambtemp_start,423,-1.27020059955239,0,1
ambtemp_start,424,-0.495658387066118,0,1
ambtemp_start,425,-0.337095488430254,0,1
ambtemp_start,426,-0.345119823337785,0,1
ambtemp_start,427,-0.168837059856645,0,1
ambtemp_start,428,0.00745535957694843,0,1
ambtemp_start,429,-0.626869071842424,0,1
ambtemp_start,430,-0.436406482578508,0,1
ambtemp_start,431,-0.0746348990213792,0,1
ambtemp_start,432,-0.176741470218889,0,1
ambtemp_start,433,-0.362148989559404,0,1
ambtemp_start,434,0.399146507858046,0,1
ambtemp_start,435,1.01074300277115,0,1
ambtemp_start,436,0.216527293800123,0,1
ambtemp_start,437,0.128352056621321,0,1
ambtemp_start,438,0.391014884589918,0,1
ambtemp_start,439,0.364230106948622,0,1
ambtemp_start,440,0.396201561568983,0,1
ambtemp_start,441,0.667314033387907,0,1
ambtemp_start,442,0.478690485833891,0,1
ambtemp_start,443,0.436233531116255,0,1
ambtemp_start,444,0.557098399280318,0,1
ambtemp_start,445,0.759154479383238,0,1
ambtemp_start,446,1.31763530838371,0,1
ambtemp_start,447,1.46835560667396,0,1
ambtemp_start,448,0.98146126735092,0,1
ambtemp_start,449,1.44406045544029,0,1
ambtemp_start,450,1.24998177158714,0,1
ambtemp_start,451,1.4623634325254,0,1
ambtemp_start,452,1.25295845734955,0,1
ambtemp_start,453,1.18598953950287,0,1
ambtemp_start,454,0.894064057050951,0,1
ambtemp_start,455,0.920726815049516,0,1
ambtemp_start,456,1.11440562772632,0,1
ambtemp_start,457,1.08300593066097,0,1
ambtemp_start,458,0.89900864231468,0,1
ambtemp_start,459,0.702025826452978,0,1
ambtemp_start,460,-0.110187758327715,0,1
ambtemp_start,461,0.100207875846632,0,1
ambtemp_start,462,0.0324583755719741,0,1
ambtemp_start,463,0.690201144098051,0,1
ambtemp_start,464,0.949407174615868,0,1
ambtemp_start,465,0.889786615400322,0,1
ambtemp_start,466,0.747174810050734,0,1
ambtemp_start,467,0.377562175868758,0,1
ambtemp_start,468,0.606632064460524,0,1
ambtemp_start,469,0.551088135122069,0,1
ambtemp_start,470,0.321365545867689,0,1
ambtemp_start,471,0.715591411470183,0,1
ambtemp_start,472,0.870373807280072,0,1
ambtemp_start,473,0.783275525449522,0,1
ambtemp_start,474,0.465439628242262,0,1
ambtemp_start,475,0.301367710708388,0,1
ambtemp_start,476,0.279031287311323,0,1
ambtemp_start,477,0.152903627036818,0,1
ambtemp_start,478,0.287977169631727,0,1
ambtemp_start,479,0.1603347169149,0,1
ambtemp_start,480,-0.367044676662676,0,1
ambtemp_start,481,0.346982549308546,0,1
ambtemp_start,482,0.831134434221991,0,1
ambtemp_start,483,0.428503166316756,0,1
ambtemp_start,484,-0.127592791439287,0,1
ambtemp_start,485,-0.00950561893104718,0,1
ambtemp_start,486,0.365814696429976,0,1
ambtemp_start,487,0.703607838033446,0,1
ambtemp_start,488,0.425752888797529,0,1
ambtemp_start,489,-0.101572860599748,0,1
ambtemp_start,490,-0.770405401111833,0,1
ambtemp_start,491,-0.833872665287248,0,1
ambtemp_start,492,-0.384026874424211,0,1
ambtemp_start,493,0.0974369751203139,0,1
ambtemp_start,494,-0.448729146839372,0,1
ambtemp_start,495,-0.700726617695085,0,1
ambtemp_start,496,0.0243601309049208,0,1
ambtemp_start,497,0.0865915523755629,0,1
ambtemp_start,498,-0.613833178402178,0,1
ambtemp_start,499,-0.732193101764909,0,1
ambtemp_start,500,-0.152083147884599,0,1
ambtemp_start,501,-0.528836358906023,0,1
ambtemp_start,502,-0.452926982761614,0,1
ambtemp_start,503,-0.233501542927019,0,1
ambtemp_start,504,-0.200522173763506,0,1
ambtemp_start,505,0.0121691929090102,0,1
ambtemp_start,506,-0.22953401935219,0,1
ambtemp_start,507,-0.201958526493303,0,1
ambtemp_start,508,-0.0552281035196702,0,1
ambtemp_start,509,-0.255540479542009,0,1
ambtemp_start,510,-0.428812850834123,0,1
ambtemp_start,511,-0.851087440372698,0,1
ambtemp_start,512,-0.782096017719499,0,1
ambtemp_start,513,-0.439214218975298,0,1
ambtemp_start,514,-0.536541093708269,0,1
ambtemp_start,515,-0.0838240278971116,0,1
ambtemp_start,516,-0.420122016788713,0,1
ambtemp_start,517,-0.45958601367592,0,1
ambtemp_start,518,-0.730969060779802,0,1
ambtemp_start,519,-0.797615279079668,0,1
ambtemp_start,520,0.0302451359021743,0,1
ambtemp_start,521,-0.0226684702646653,0,1
ambtemp_start,522,-0.484549273372881,0,1
ambtemp_start,523,-0.356502641559831,0,1
ambtemp_start,524,-0.708814014316789,0,1
ambtemp_start,525,-0.798268069149248,0,1
ambtemp_start,526,-0.263434637905351,0,1
ambtemp_start,527,-0.278910268665544,0,1
ambtemp_start,528,-0.309748162151567,0,1
ambtemp_start,529,-0.0749842418444078,0,1
ambtemp_start,530,-0.612660993458025,0,1
ambtemp_start,531,-0.593414653660051,0,1
ambtemp_start,532,-0.11019419562935,0,1
ambtemp_start,533,-0.389722932697527,0,1
ambtemp_start,534,-0.740062464596025,0,1
ambtemp_start,535,-0.489713181377641,0,1
ambtemp_start,536,-0.663299430729143,0,1
ambtemp_start,537,-1.21542011630654,0,1
ambtemp_start,538,-0.898376215816728,0,1
ambtemp_start,539,-0.369120229603044,0,1
ambtemp_start,540,-0.0568690193903367,0,1
ambtemp_start,541,-0.0559448493730943,0,1
ambtemp_start,542,-0.198201049686662,0,1
ambtemp_start,543,-0.0929705990564744,0,1
ambtemp_start,544,0.131568382858046,0,1
ambtemp_start,545,-0.181281079174272,0,1
ambtemp_start,546,-0.176487316013567,0,1
ambtemp_start,547,-0.428982247234575,0,1
ambtemp_start,548,-0.029244710327379,0,1
ambtemp_start,549,0.142429183601149,0,1
ambtemp_start,550,0.165874193786391,0,1
ambtemp_start,551,0.330380509971388,0,1
ambtemp_start,552,0.128390203593977,0,1
ambtemp_start,553,-0.113099087597124,0,1
ambtemp_start,554,-0.738443125606767,0,1
ambtemp_start,555,-0.730911959530107,0,1
ambtemp_start,556,-0.785407055736772,0,1
ambtemp_start,557,-0.239749897838823,0,1
ambtemp_start,558,-0.472962726474992,0,1
ambtemp_start,559,-0.680118669391863,0,1
ambtemp_start,560,-0.41233967673897,0,1
ambtemp_start,561,-0.638585676075212,0,1
ambtemp_start,562,-0.716517795444719,0,1
ambtemp_start,563,-0.382443417431108,0,1
ambtemp_start,564,0.10683472025276,0,1
ambtemp_start,565,0.17836130726219,0,1
ambtemp_start,566,0.189951668857344,0,1
ambtemp_start,567,-0.0276177419435899,0,1
ambtemp_start,568,0.043976794360884,0,1
ambtemp_start,569,0.0826639639127333,0,1
ambtemp_start,570,-0.265943755031816,0,1
ambtemp_start,571,-0.292741645694963,0,1
ambtemp_start,572,0.0513677703130324,0,1
ambtemp_start,573,0.254636238693007,0,1
ambtemp_start,574,0.465034048436888,0,1
ambtemp_start,575,0.227676283000716,0,1
ambtemp_start,576,-0.0886180294763963,0,1
ambtemp_start,577,-0.59292410743355,0,1
ambtemp_start,578,-0.852200735927812,0,1
ambtemp_start,579,-0.560519446254961,0,1
ambtemp_start,580,0.0153861151921828,0,1
ambtemp_start,581,0.304116557716139,0,1
ambtemp_start,582,-0.21671663653969,0,1
ambtemp_start,583,-0.783028353573076,0,1
ambtemp_start,584,-0.000444282413713193,0,1
ambtemp_start,585,0.410334240077742,0,1
ambtemp_start,586,0.0549453006970961,0,1
ambtemp_start,587,0.0813348995435317,0,1
ambtemp_start,588,0.0138260828244765,0,1
ambtemp_start,589,0.0241077648389418,0,1
ambtemp_start,590,0.11476929056526,0,1
ambtemp_start,591,0.405593465446242,0,1
ambtemp_start,592,-0.109202851177446,0,1
ambtemp_start,593,-0.236795891643755,0,1
ambtemp_start,594,-0.00250356328605816,0,1
ambtemp_start,595,0.0651218401181777,0,1
ambtemp_start,596,0.0918815838086684,0,1
ambtemp_start,597,0.0938322054135878,0,1
ambtemp_start,598,-0.144450177074663,0,1
ambtemp_start,599,-0.63501964938759,0,1
ambtemp_start,600,-0.361498464466325,0,1
