state_code,start_s,end_s,dur_s
0,0,136,137
1,137,234,98
0,235,398,164
1,399,440,42
15,441,447,7
1,448,483,36
15,484,487,4
1,488,599,112
15,600,606,7
1,607,653,47
15,654,660,7
1,661,733,73
2,734,828,95
0,829,1233,405
1,1234,1289,56
15,1290,1295,6
1,1296,1426,131
15,1427,1432,6
1,1433,1501,69
0,1502,2152,651
1,2153,2209,57
15,2210,2214,5
1,2215,2597,383
0,2598,2760,163
1,2761,2885,125
0,2886,2988,103
1,2989,3038,50
15,3039,3040,2
1,3041,3220,180
15,3221,3223,3
1,3224,3231,8
2,3232,3252,21
0,3253,3270,18
1,3271,3286,16
15,3287,3290,4
1,3291,3351,61
15,3352,3353,2
1,3354,3419,66
2,3420,3509,90
1,3510,3539,30
15,3540,3550,11
1,3551,3572,22
15,3573,3576,4
1,3577,3669,93
15,3670,3673,4
1,3674,3724,51
15,3725,3726,2
1,3727,3778,52
15,3779,3788,10
1,3789,3883,95
15,3884,3887,4
1,3888,3933,46
0,3934,3959,26
1,3960,3984,25
15,3985,3988,4
1,3989,4000,12
15,4001,4002,2
1,4003,4063,61
0,4064,4207,144
1,4208,4231,24
15,4232,4234,3
1,4235,4272,38
15,4273,4275,3
1,4276,4329,54
15,4330,4331,2
1,4332,4352,21
15,4353,4355,3
1,4356,4405,50
2,4406,4502,97
0,4503,4528,26
1,4529,4556,28
15,4557,4562,6
1,4563,4571,9
15,4572,4573,2
1,4574,4610,37
15,4611,4625,15
1,4626,4633,8
15,4634,4636,3
1,4637,4642,6
15,4643,4644,2
1,4645,4648,4
15,4649,4650,2
1,4651,4693,43
15,4694,4696,3
1,4697,4726,30
15,4727,4729,3
1,4730,4738,9
15,4739,4740,2
1,4741,4776,36
0,4777,5408,632
1,5409,5471,63
15,5472,5474,3
1,5475,5501,27
15,5502,5504,3
1,5505,5539,35
15,5540,5541,2
1,5542,5585,44
15,5586,5588,3
1,5589,5597,9
15,5598,5599,2
1,5600,5631,32
15,5632,5633,2
1,5634,5645,12
15,5646,5647,2
1,5648,5691,44
15,5692,5693,2
1,5694,5736,43
15,5737,5738,2
1,5739,5748,10
15,5749,5750,2
1,5751,5763,13
2,5764,5800,37
0,5801,6125,325
1,6126,6187,62
15,6188,6191,4
1,6192,6232,41
15,6233,6235,3
1,6236,6303,68
15,6304,6309,6
1,6310,6394,85
0,6395,6447,53
1,6448,6474,27
15,6475,6476,2
1,6477,6503,27
15,6504,6507,4
1,6508,6652,145
0,6653,7076,424
1,7077,7129,53
15,7130,7131,2
1,7132,7194,63
15,7195,7196,2
1,7197,7216,20
15,7217,7225,9
1,7226,7258,33
15,7259,7270,12
1,7271,7298,28
15,7299,7304,6
1,7305,7346,42
15,7347,7349,3
1,7350,7412,63
15,7413,7415,3
1,7416,7475,60
2,7476,7532,57
15,7533,7540,8
1,7541,7576,36
15,7577,7581,5
1,7582,7624,43
15,7625,7626,2
1,7627,7666,40
15,7667,7669,3
1,7670,7678,9
15,7679,7680,2
1,7681,7707,27
15,7708,7710,3
1,7711,7771,61
2,7772,7804,33
15,7805,7807,3
1,7808,7826,19
15,7827,7829,3
1,7830,7895,66
15,7896,7899,4
1,7900,7952,53
15,7953,7954,2
1,7955,7993,39
15,7994,7995,2
1,7996,8053,58
15,8054,8056,3
1,8057,8143,87
15,8144,8148,5
1,8149,8165,17
15,8166,8168,3
1,8169,8212,44
15,8213,8217,5
1,8218,8265,48
2,8266,8456,191
0,8457,8484,28
1,8485,8523,39
15,8524,8527,4
1,8528,8555,28
15,8556,8560,5
1,8561,8650,90
15,8651,8656,6
1,8657,8713,57
15,8714,8718,5
1,8719,8799,81
15,8800,8803,4
1,8804,8857,54
15,8858,8861,4
1,8862,8876,15
15,8877,8879,3
1,8880,8915,36
15,8916,8929,14
1,8930,9022,93
2,9023,9058,36
0,9059,9075,17
1,9076,9136,61
15,9137,9143,7
1,9144,9157,14
15,9158,9161,4
1,9162,9187,26
15,9188,9200,13
1,9201,9235,35
2,9236,9291,56
0,9292,9307,16
1,9308,9370,63
15,9371,9376,6
1,9377,9413,37
15,9414,9416,3
1,9417,9474,58
2,9475,9697,223
0,9698,10496,799
1,10497,10578,82
15,10579,10583,5
1,10584,10591,8
15,10592,10602,11
1,10603,10668,66
15,10669,10670,2
1,10671,10734,64
0,10735,11312,578
1,11313,11460,148
15,11461,11474,14
1,11475,11531,57
15,11532,11536,5
1,11537,11576,40
15,11577,11580,4
1,11581,11641,61
15,11642,11645,4
1,11646,11776,131
15,11777,11782,6
1,11783,11845,63
15,11846,11852,7
1,11853,11984,132
2,11985,12023,39
0,12024,12154,131
1,12155,12194,40
15,12195,12197,3
1,12198,12224,27
15,12225,12228,4
1,12229,12253,25
15,12254,12256,3
1,12257,12271,15
15,12272,12274,3
1,12275,12309,35
15,12310,12313,4
1,12314,12341,28
15,12342,12346,5
1,12347,12405,59
15,12406,12408,3
1,12409,12463,55
15,12464,12465,2
1,12466,12509,44
0,12510,12526,17
1,12527,12618,92
15,12619,12622,4
1,12623,12671,49
15,12672,12676,5
1,12677,12723,47
2,12724,12808,85
15,12809,12812,4
1,12813,12855,43
15,12856,12859,4
1,12860,12927,68
15,12928,12930,3
1,12931,12958,28
15,12959,12961,3
1,12962,12997,36
15,12998,12999,2
1,13000,13113,114
15,13114,13118,5
1,13119,13190,72
0,13191,13309,119
1,13310,13353,44
15,13354,13357,4
1,13358,13389,32
15,13390,13392,3
1,13393,13448,56
15,13449,13451,3
1,13452,13488,37
15,13489,13493,5
1,13494,13535,42
15,13536,13540,5
1,13541,13575,35
15,13576,13582,7
1,13583,13634,52
2,13635,13711,77
0,13712,14073,362
1,14074,14159,86
15,14160,14162,3
1,14163,14192,30
15,14193,14195,3
1,14196,14229,34
0,14230,14250,21
1,14251,14287,37
15,14288,14290,3
1,14291,14321,31
15,14322,14323,2
1,14324,14363,40
15,14364,14366,3
1,14367,14446,80
15,14447,14449,3
1,14450,14456,7
2,14457,14565,109
0,14566,14594,29
1,14595,14654,60
15,14655,14657,3
1,14658,14701,44
15,14702,14703,2
1,14704,14725,22
15,14726,14728,3
1,14729,14778,50
15,14779,14781,3
1,14782,14823,42
15,14824,14826,3
1,14827,14889,63
15,14890,14893,4
1,14894,14948,55
15,14949,14951,3
1,14952,14995,44
15,14996,14999,4
1,15000,15044,45
2,15045,15144,100
0,15145,15160,16
1,15161,15182,22
15,15183,15185,3
1,15186,15272,87
15,15273,15276,4
1,15277,15324,48
15,15325,15327,3
1,15328,15365,38
15,15366,15369,4
1,15370,15443,74
15,15444,15446,3
1,15447,15551,105
2,15552,15594,43
0,15595,15653,59
1,15654,15741,88
0,15742,15940,199
1,15941,15985,45
15,15986,15990,5
1,15991,16042,52
15,16043,16048,6
1,16049,16147,99
0,16148,16268,121
1,16269,16316,48
0,16317,16543,227
1,16544,16636,93
15,16637,16646,10
1,16647,16758,112
0,16759,16781,23
1,16782,16861,80
2,16862,17075,214
0,17076,17139,64
1,17140,17208,69
15,17209,17211,3
1,17212,17241,30
15,17242,17244,3
1,17245,17311,67
15,17312,17314,3
1,17315,17375,61
15,17376,17378,3
1,17379,17447,69
15,17448,17451,4
1,17452,17484,33
15,17485,17487,3
1,17488,17545,58
15,17546,17551,6
1,17552,17585,34
0,17586,17608,23
1,17609,17741,133
2,17742,17817,76
15,17818,17827,10
1,17828,17863,36
0,17864,17947,84
1,17948,17993,46
15,17994,17997,4
1,17998,18076,79
15,18077,18079,3
1,18080,18228,149
15,18229,18232,4
1,18233,18251,19
0,18252,19092,841
1,19093,19194,102
15,19195,19196,2
1,19197,19241,45
15,19242,19243,2
1,19244,19283,40
15,19284,19286,3
1,19287,19357,71
15,19358,19359,2
1,19360,19464,105
15,19465,19474,10
1,19475,19493,19
2,19494,19521,28
15,19522,19523,2
1,19524,19538,15
15,19539,19541,3
1,19542,19621,80
2,19622,19650,29
15,19651,19654,4
1,19655,19707,53
15,19708,19710,3
1,19711,19759,49
15,19760,19761,2
1,19762,19795,34
15,19796,19799,4
1,19800,19859,60
15,19860,19862,3
1,19863,19942,80
15,19943,19946,4
1,19947,19980,34
15,19981,19984,4
1,19985,20051,67
2,20052,20200,149
0,20201,20541,341
1,20542,20693,152
0,20694,20716,23
1,20717,20787,71
15,20788,20796,9
1,20797,20829,33
15,20830,20831,2
1,20832,20861,30
0,20862,20877,16
1,20878,21059,182
15,21060,21070,11
1,21071,21108,38
15,21109,21111,3
1,21112,21129,18
15,21130,21132,3
1,21133,21181,49
15,21182,21186,5
1,21187,21206,20
2,21207,21269,63
0,21270,21287,18
1,21288,21401,114
0,21402,22266,865
