label,event_time_s,time_rel_s,dFF_bc
ambtemp_end,22000,-300,3.10107147155811
ambtemp_end,22000,-299,3.64712273536731
ambtemp_end,22000,-298,3.82691704689075
ambtemp_end,22000,-297,3.72319924293567
ambtemp_end,22000,-296,3.90412985740711
ambtemp_end,22000,-295,4.27159153877307
ambtemp_end,22000,-294,4.2244332975011
ambtemp_end,22000,-293,4.63256442009021
ambtemp_end,22000,-292,4.10660635887195
ambtemp_end,22000,-291,3.82872855125476
ambtemp_end,22000,-290,3.43698632179309
ambtemp_end,22000,-289,3.80782067237903
ambtemp_end,22000,-288,4.21130549369861
ambtemp_end,22000,-287,3.9889334386449
ambtemp_end,22000,-286,3.91418778358508
ambtemp_end,22000,-285,3.79344689308215
ambtemp_end,22000,-284,3.16805588661243
ambtemp_end,22000,-283,4.11550032554675
ambtemp_end,22000,-282,3.92172038017322
ambtemp_end,22000,-281,4.21207987724353
ambtemp_end,22000,-280,4.16685568748523
ambtemp_end,22000,-279,4.56151234565784
ambtemp_end,22000,-278,3.89045035301257
ambtemp_end,22000,-277,2.46119343696643
ambtemp_end,22000,-276,3.53256165443469
ambtemp_end,22000,-275,3.00218188224841
ambtemp_end,22000,-274,2.66094052253772
ambtemp_end,22000,-273,2.51530992446948
ambtemp_end,22000,-272,2.76611506401111
ambtemp_end,22000,-271,3.58571850715686
ambtemp_end,22000,-270,4.0106767362218
ambtemp_end,22000,-269,3.84463536201526
ambtemp_end,22000,-268,4.03889834343005
ambtemp_end,22000,-267,4.08744179664661
ambtemp_end,22000,-266,3.87564312873889
ambtemp_end,22000,-265,4.41705214439441
ambtemp_end,22000,-264,3.99570977150012
ambtemp_end,22000,-263,4.06925332008411
ambtemp_end,22000,-262,4.01219546257068
ambtemp_end,22000,-261,3.62145125328113
ambtemp_end,22000,-260,2.9151755517583
ambtemp_end,22000,-259,3.35799824653674
ambtemp_end,22000,-258,3.3028458303075
ambtemp_end,22000,-257,3.30247342048694
ambtemp_end,22000,-256,2.63538395820667
ambtemp_end,22000,-255,2.2885624116521
ambtemp_end,22000,-254,2.84630333839465
ambtemp_end,22000,-253,2.01775729118396
ambtemp_end,22000,-252,2.34717380462695
ambtemp_end,22000,-251,2.30653511940051
ambtemp_end,22000,-250,2.05567371307422
ambtemp_end,22000,-249,2.02541934906055
ambtemp_end,22000,-248,1.73917161880542
ambtemp_end,22000,-247,1.88342987953235
ambtemp_end,22000,-246,2.0367850011449
ambtemp_end,22000,-245,1.4027346318822
ambtemp_end,22000,-244,0.0569056218724378
ambtemp_end,22000,-243,0.00868319927264527
ambtemp_end,22000,-242,-0.281312769069182
ambtemp_end,22000,-241,1.05633282123615
ambtemp_end,22000,-240,2.04664885459949
ambtemp_end,22000,-239,2.15885173736621
ambtemp_end,22000,-238,2.30528079925586
ambtemp_end,22000,-237,3.20369040428211
ambtemp_end,22000,-236,3.41646086631824
ambtemp_end,22000,-235,3.32199131904651
ambtemp_end,22000,-234,3.8447626775365
ambtemp_end,22000,-233,4.17927824913074
ambtemp_end,22000,-232,4.58853423057605
ambtemp_end,22000,-231,3.93605601249744
ambtemp_end,22000,-230,3.713621491776
ambtemp_end,22000,-229,4.14553534446765
ambtemp_end,22000,-228,4.99976336418201
ambtemp_end,22000,-227,4.96557270942737
ambtemp_end,22000,-226,2.48627101837207
ambtemp_end,22000,-225,2.95576726852466
ambtemp_end,22000,-224,4.05872952400256
ambtemp_end,22000,-223,3.47058808265735
ambtemp_end,22000,-222,2.85187065063525
ambtemp_end,22000,-221,3.28183400093128
ambtemp_end,22000,-220,4.13221632896472
ambtemp_end,22000,-219,3.04591214119006
ambtemp_end,22000,-218,1.64021741806079
ambtemp_end,22000,-217,1.35314809738208
ambtemp_end,22000,-216,2.24892579971362
ambtemp_end,22000,-215,1.06743168293048
ambtemp_end,22000,-214,1.33060609756519
ambtemp_end,22000,-213,1.39324986396839
ambtemp_end,22000,-212,0.400179023132814
ambtemp_end,22000,-211,-0.12497300447415
ambtemp_end,22000,-210,-0.679185872687804
ambtemp_end,22000,-209,-0.576203083409774
ambtemp_end,22000,-208,-0.546801512851226
ambtemp_end,22000,-207,-0.497678493871199
ambtemp_end,22000,-206,-1.41381061614941
ambtemp_end,22000,-205,-1.59128529371213
ambtemp_end,22000,-204,-1.72184241355847
ambtemp_end,22000,-203,-1.98724270404767
ambtemp_end,22000,-202,-1.92277384342145
ambtemp_end,22000,-201,-2.03306901992749
ambtemp_end,22000,-200,-2.12938130439709
ambtemp_end,22000,-199,-2.26066411079358
ambtemp_end,22000,-198,-2.33822119773816
ambtemp_end,22000,-197,-2.10774028839062
ambtemp_end,22000,-196,-1.41245157064389
ambtemp_end,22000,-195,-0.397387450351226
ambtemp_end,22000,-194,-0.373252993239867
ambtemp_end,22000,-193,-0.597595905675399
ambtemp_end,22000,-192,-1.16855568231534
ambtemp_end,22000,-191,-1.14378291906308
ambtemp_end,22000,-190,-1.16434959114979
ambtemp_end,22000,-189,-1.56483084501218
ambtemp_end,22000,-188,-1.89663339199017
ambtemp_end,22000,-187,-1.6899634653468
ambtemp_end,22000,-186,-2.14600420535992
ambtemp_end,22000,-185,-2.05632865966748
ambtemp_end,22000,-184,-0.869774972810256
ambtemp_end,22000,-183,-0.894328497140514
ambtemp_end,22000,-182,-0.592666512145507
ambtemp_end,22000,-181,0.235895747528566
ambtemp_end,22000,-180,0.492133015976442
ambtemp_end,22000,-179,0.145287746773256
ambtemp_end,22000,-178,-0.0650051885981433
ambtemp_end,22000,-177,-0.594497596635329
ambtemp_end,22000,-176,-1.07756972850751
ambtemp_end,22000,-175,-1.16605270446728
ambtemp_end,22000,-174,-0.178209250583159
ambtemp_end,22000,-173,0.746200556145204
ambtemp_end,22000,-172,2.16762554107715
ambtemp_end,22000,-171,3.02888500152637
ambtemp_end,22000,-170,3.03337776123096
ambtemp_end,22000,-169,2.92456304489185
ambtemp_end,22000,-168,2.76219093261768
ambtemp_end,22000,-167,1.9180036729436
ambtemp_end,22000,-166,1.26995384155322
ambtemp_end,22000,-165,0.920702571259034
ambtemp_end,22000,-164,0.877815121994508
ambtemp_end,22000,-163,0.968832725868715
ambtemp_end,22000,-162,0.582462066994203
ambtemp_end,22000,-161,0.245558137283815
ambtemp_end,22000,-160,-0.109051173343169
ambtemp_end,22000,-159,0.0694124048810132
ambtemp_end,22000,-158,0.95315586982776
ambtemp_end,22000,-157,0.770664567337526
ambtemp_end,22000,-156,0.199655408249391
ambtemp_end,22000,-155,0.0907035416226514
ambtemp_end,22000,-154,0.749011630402101
ambtemp_end,22000,-153,0.380219096527589
ambtemp_end,22000,-152,0.407255048141969
ambtemp_end,22000,-151,-0.0362569743533008
ambtemp_end,22000,-150,-0.342407112731444
ambtemp_end,22000,-149,-0.562871193303572
ambtemp_end,22000,-148,-1.10964693666886
ambtemp_end,22000,-147,-0.42900458516072
ambtemp_end,22000,-146,0.335047716484559
ambtemp_end,22000,-145,0.908307546959413
ambtemp_end,22000,-144,0.9570993131261
ambtemp_end,22000,-143,0.223112339363588
ambtemp_end,22000,-142,0.0202777927975781
ambtemp_end,22000,-141,-0.692456936254012
ambtemp_end,22000,-140,-0.987423633946883
ambtemp_end,22000,-139,-0.12052679599713
ambtemp_end,22000,-138,0.651809687004579
ambtemp_end,22000,-137,0.133508557663453
ambtemp_end,22000,-136,-0.453218703879821
ambtemp_end,22000,-135,-0.947157112671839
ambtemp_end,22000,-134,-1.06112024725865
ambtemp_end,22000,-133,-1.19337887109708
ambtemp_end,22000,-132,-1.3180263990302
ambtemp_end,22000,-131,-1.53863728584241
ambtemp_end,22000,-130,-1.83757782520245
ambtemp_end,22000,-129,-1.58272493423413
ambtemp_end,22000,-128,-0.645441388501631
ambtemp_end,22000,-127,-0.230299776210295
ambtemp_end,22000,-126,-0.454302137507903
ambtemp_end,22000,-125,-1.03119220377396
ambtemp_end,22000,-124,-1.35063374580334
ambtemp_end,22000,-123,-1.64302707256268
ambtemp_end,22000,-122,-1.82641339839886
ambtemp_end,22000,-121,-1.44886625350903
ambtemp_end,22000,-120,-2.13576913417767
ambtemp_end,22000,-119,-1.98004091323804
ambtemp_end,22000,-118,-1.54176140369366
ambtemp_end,22000,-117,-1.69452739299725
ambtemp_end,22000,-116,-1.74343151391934
ambtemp_end,22000,-115,-1.64722586215924
ambtemp_end,22000,-114,-0.142635648860442
ambtemp_end,22000,-113,1.29181587158252
ambtemp_end,22000,-112,1.29828392921497
ambtemp_end,22000,-111,1.15637599884082
ambtemp_end,22000,-110,2.08183085380603
ambtemp_end,22000,-109,1.89933168350269
ambtemp_end,22000,-108,1.26281821189929
ambtemp_end,22000,-107,0.753415698395265
ambtemp_end,22000,-106,0.345345968590272
ambtemp_end,22000,-105,0.0472287481885083
ambtemp_end,22000,-104,0.110569710121644
ambtemp_end,22000,-103,-0.00490576566647216
ambtemp_end,22000,-102,-0.0315305644411914
ambtemp_end,22000,-101,0.185052985535157
ambtemp_end,22000,-100,1.36037885604907
ambtemp_end,22000,-99,1.73796307502796
ambtemp_end,22000,-98,1.07150959430744
ambtemp_end,22000,-97,0.545500630722535
ambtemp_end,22000,-96,0.239569420204652
ambtemp_end,22000,-95,-0.0860439592738025
ambtemp_end,22000,-94,-0.503580605401503
ambtemp_end,22000,-93,-0.630592619790541
ambtemp_end,22000,-92,-0.763193299784171
ambtemp_end,22000,-91,-0.965905485465037
ambtemp_end,22000,-90,-0.65258548201512
ambtemp_end,22000,-89,-1.15665475071858
ambtemp_end,22000,-88,-1.1418300920863
ambtemp_end,22000,-87,-0.869699965021419
ambtemp_end,22000,-86,-1.14513677896451
ambtemp_end,22000,-85,-1.31923375071477
ambtemp_end,22000,-84,-1.30744159759473
ambtemp_end,22000,-83,-1.31688649000119
ambtemp_end,22000,-82,-1.50273496450375
ambtemp_end,22000,-81,-1.7590923959155
ambtemp_end,22000,-80,-1.12498850168179
ambtemp_end,22000,-79,-1.06713335753869
ambtemp_end,22000,-78,-0.566677367104995
ambtemp_end,22000,-77,0.171100372658265
ambtemp_end,22000,-76,1.56281005798389
ambtemp_end,22000,-75,1.71684967933704
ambtemp_end,22000,-74,1.59007465301563
ambtemp_end,22000,-73,1.70329868255664
ambtemp_end,22000,-72,1.2303656285863
ambtemp_end,22000,-71,1.27599203048755
ambtemp_end,22000,-70,1.3287497705083
ambtemp_end,22000,-69,1.20875560699512
ambtemp_end,22000,-68,1.03577386795093
ambtemp_end,22000,-67,0.742699260101808
ambtemp_end,22000,-66,0.642953748093141
ambtemp_end,22000,-65,0.621495479927552
ambtemp_end,22000,-64,0.54359137474109
ambtemp_end,22000,-63,-0.0116307789225452
ambtemp_end,22000,-62,-0.434972828044402
ambtemp_end,22000,-61,-0.491447871341216
ambtemp_end,22000,-60,-0.689404850615966
ambtemp_end,22000,-59,-0.566585724963652
ambtemp_end,22000,-58,-0.636209016456114
ambtemp_end,22000,-57,-0.454339628829467
ambtemp_end,22000,-56,-0.514977728738295
ambtemp_end,22000,-55,0.0186972564320691
ambtemp_end,22000,-54,1.1746708100896
ambtemp_end,22000,-53,1.62047492919971
ambtemp_end,22000,-52,2.02760493217517
ambtemp_end,22000,-51,1.52880298553516
ambtemp_end,22000,-50,0.797850245819581
ambtemp_end,22000,-49,0.0982934182744153
ambtemp_end,22000,-48,-0.191704218997466
ambtemp_end,22000,-47,-0.403172140731322
ambtemp_end,22000,-46,-0.303503995551573
ambtemp_end,22000,-45,0.161985868797792
ambtemp_end,22000,-44,0.123813742981447
ambtemp_end,22000,-43,-0.541180526628005
ambtemp_end,22000,-42,-0.726313104643332
ambtemp_end,22000,-41,-0.873507209843802
ambtemp_end,22000,-40,-0.80919420511912
ambtemp_end,22000,-39,-0.799595592333781
ambtemp_end,22000,-38,-0.814598841382968
ambtemp_end,22000,-37,-0.80078507752608
ambtemp_end,22000,-36,-0.462837492837416
ambtemp_end,22000,-35,0.0125675147633679
ambtemp_end,22000,-34,-0.191285079135405
ambtemp_end,22000,-33,-0.423235988034713
ambtemp_end,22000,-32,-0.67445092441033
ambtemp_end,22000,-31,-0.52730626405667
ambtemp_end,22000,-30,-0.082619493617522
ambtemp_end,22000,-29,-0.107567136897551
ambtemp_end,22000,-28,0.187502140388978
ambtemp_end,22000,-27,-0.414946650876509
ambtemp_end,22000,-26,-0.0336554700274341
ambtemp_end,22000,-25,0.265955561981691
ambtemp_end,22000,-24,0.753168100700868
ambtemp_end,22000,-23,1.28686797081043
ambtemp_end,22000,-22,1.20997058807422
ambtemp_end,22000,-21,0.988944763527406
ambtemp_end,22000,-20,0.59434091507007
ambtemp_end,22000,-19,1.10038184581806
ambtemp_end,22000,-18,2.29279481826831
ambtemp_end,22000,-17,2.60687744079639
ambtemp_end,22000,-16,2.94760047851611
ambtemp_end,22000,-15,2.27151166854907
ambtemp_end,22000,-14,2.24796378074695
ambtemp_end,22000,-13,1.88331996856738
ambtemp_end,22000,-12,1.35851704536487
ambtemp_end,22000,-11,1.0139932578664
ambtemp_end,22000,-10,0.650911683426393
ambtemp_end,22000,-9,0.330052251205934
ambtemp_end,22000,-8,0.41140794216205
ambtemp_end,22000,-7,-0.136554127349364
ambtemp_end,22000,-6,-0.674935212149131
ambtemp_end,22000,-5,-0.202788477553832
ambtemp_end,22000,-4,0.754811281548036
ambtemp_end,22000,-3,2.41495406089832
ambtemp_end,22000,-2,3.16765963493396
ambtemp_end,22000,-1,3.06089269577075
ambtemp_end,22000,0,2.77968394218494
ambtemp_end,22000,1,4.06340062080432
ambtemp_end,22000,2,4.7365878766637
ambtemp_end,22000,3,5.1718004888158
ambtemp_end,22000,4,4.27672659812976
ambtemp_end,22000,5,5.40324389396716
ambtemp_end,22000,6,5.66205059944202
ambtemp_end,22000,7,5.40338551460315
ambtemp_end,22000,8,4.77814804969837
ambtemp_end,22000,9,4.5795997327428
ambtemp_end,22000,10,3.99136673866321
ambtemp_end,22000,11,4.75490033088733
ambtemp_end,22000,12,4.90286623893787
ambtemp_end,22000,13,5.12893139778186
ambtemp_end,22000,14,5.12119852958728
ambtemp_end,22000,15,4.53815686164905
ambtemp_end,22000,16,5.00235354362537
ambtemp_end,22000,17,4.51726185737659
ambtemp_end,22000,18,5.08581196723987
ambtemp_end,22000,19,4.47716843544055
ambtemp_end,22000,20,3.99143492637683
ambtemp_end,22000,21,3.21004473625232
ambtemp_end,22000,22,2.44679319320728
ambtemp_end,22000,23,2.21485912262012
ambtemp_end,22000,24,2.61201393066455
ambtemp_end,22000,25,2.88121401725818
ambtemp_end,22000,26,3.23245417533923
ambtemp_end,22000,27,4.00678574501087
ambtemp_end,22000,28,4.50699936805774
ambtemp_end,22000,29,3.75927245079089
ambtemp_end,22000,30,4.87719094215442
ambtemp_end,22000,31,5.22052514015247
ambtemp_end,22000,32,5.25409352241565
ambtemp_end,22000,33,4.81266629158069
ambtemp_end,22000,34,4.67091500221301
ambtemp_end,22000,35,3.8467043584447
ambtemp_end,22000,36,4.0476230329137
ambtemp_end,22000,37,4.34364735542346
ambtemp_end,22000,38,3.33762347160388
ambtemp_end,22000,39,3.50636422096301
ambtemp_end,22000,40,3.14381825386096
ambtemp_end,22000,41,3.6036041921239
ambtemp_end,22000,42,3.26987254081775
ambtemp_end,22000,43,3.97224842964221
ambtemp_end,22000,44,3.96886717735339
ambtemp_end,22000,45,3.79818570076038
ambtemp_end,22000,46,4.05297886787463
ambtemp_end,22000,47,3.23164402900745
ambtemp_end,22000,48,3.11856710372974
ambtemp_end,22000,49,3.39984642921497
ambtemp_end,22000,50,2.80064808784534
ambtemp_end,22000,51,2.11140334068347
ambtemp_end,22000,52,2.34236037193347
ambtemp_end,22000,53,2.98684203086902
ambtemp_end,22000,54,2.29694139419605
ambtemp_end,22000,55,2.87874352394153
ambtemp_end,22000,56,2.95184599815418
ambtemp_end,22000,57,1.94686233459522
ambtemp_end,22000,58,0.993589753494752
ambtemp_end,22000,59,0.874002332077516
ambtemp_end,22000,60,0.747646087990297
ambtemp_end,22000,61,0.983739370689882
ambtemp_end,22000,62,0.896059030876649
ambtemp_end,22000,63,0.630498165474427
ambtemp_end,22000,64,0.894998425827516
ambtemp_end,22000,65,1.27105295120288
ambtemp_end,22000,66,1.7243808454137
ambtemp_end,22000,67,2.60811292587329
ambtemp_end,22000,68,3.74920641838123
ambtemp_end,22000,69,3.26609885154773
ambtemp_end,22000,70,2.40919553695728
ambtemp_end,22000,71,1.86546241699268
ambtemp_end,22000,72,2.16015207229663
ambtemp_end,22000,73,2.9367397969823
ambtemp_end,22000,74,2.97697126327564
ambtemp_end,22000,75,3.24222886024524
ambtemp_end,22000,76,2.52017938552905
ambtemp_end,22000,77,2.39890300689746
ambtemp_end,22000,78,2.33630358634998
ambtemp_end,22000,79,3.55901896415759
ambtemp_end,22000,80,3.76780974327136
ambtemp_end,22000,81,3.92218625007678
ambtemp_end,22000,82,3.62758194862415
ambtemp_end,22000,83,3.82662045417835
ambtemp_end,22000,84,3.01317512451221
ambtemp_end,22000,85,3.61969983039905
ambtemp_end,22000,86,3.21508395134021
ambtemp_end,22000,87,2.57294380127002
ambtemp_end,22000,88,1.3820146268468
ambtemp_end,22000,89,0.832851523743165
ambtemp_end,22000,90,-0.0882393175501697
ambtemp_end,22000,91,-0.539546018256652
ambtemp_end,22000,92,-0.986997430934416
ambtemp_end,22000,93,-1.30806819142293
ambtemp_end,22000,94,-1.20197490395497
ambtemp_end,22000,95,-0.86950973400365
ambtemp_end,22000,96,-0.699465682520377
ambtemp_end,22000,97,-0.861473730555581
ambtemp_end,22000,98,-1.41398013175915
ambtemp_end,22000,99,-1.7285182529826
ambtemp_end,22000,100,-1.91899109424542
ambtemp_end,22000,101,-1.64758849681805
ambtemp_end,22000,102,-1.56814015449475
ambtemp_end,22000,103,-1.14216039122533
ambtemp_end,22000,104,-0.122488504065978
ambtemp_end,22000,105,0.390113109932435
ambtemp_end,22000,106,0.199943060265077
ambtemp_end,22000,107,0.662885541306032
ambtemp_end,22000,108,0.419031495438112
ambtemp_end,22000,109,-0.527195697440612
ambtemp_end,22000,110,-0.752813262655246
ambtemp_end,22000,111,-0.978092325641619
ambtemp_end,22000,112,-0.938464062078702
ambtemp_end,22000,113,-1.49353892148923
ambtemp_end,22000,114,-2.17288256229352
ambtemp_end,22000,115,-2.48877251686047
ambtemp_end,22000,116,-2.57989216388653
ambtemp_end,22000,117,-2.35513401569318
ambtemp_end,22000,118,-0.868831552821057
ambtemp_end,22000,119,-0.215369349135863
ambtemp_end,22000,120,-0.0835216099161975
ambtemp_end,22000,121,-0.96640516610335
ambtemp_end,22000,122,-1.31923381031941
ambtemp_end,22000,123,-1.40761501134823
ambtemp_end,22000,124,-1.47317082227658
ambtemp_end,22000,125,-0.683777725114333
ambtemp_end,22000,126,-0.303883855952727
ambtemp_end,22000,127,-0.134408002509581
ambtemp_end,22000,128,-0.442329799546706
ambtemp_end,22000,129,-0.282416706695067
ambtemp_end,22000,130,-0.155475621833312
ambtemp_end,22000,131,1.01736318527271
ambtemp_end,22000,132,1.22513567863513
ambtemp_end,22000,133,0.644697779999269
ambtemp_end,22000,134,0.33418762146045
ambtemp_end,22000,135,0.2100050395589
ambtemp_end,22000,136,-0.172738617076384
ambtemp_end,22000,137,-0.731264149560439
ambtemp_end,22000,138,-0.673619216098296
ambtemp_end,22000,139,-0.93380115346502
ambtemp_end,22000,140,-1.04566933752488
ambtemp_end,22000,141,-0.885567735670912
ambtemp_end,22000,142,-0.761242126836287
ambtemp_end,22000,143,-0.661848386539923
ambtemp_end,22000,144,-0.89374143981825
ambtemp_end,22000,145,-1.12439983130883
ambtemp_end,22000,146,-1.18697670639943
ambtemp_end,22000,147,-1.38916403593014
ambtemp_end,22000,148,-1.45388877929639
ambtemp_end,22000,149,-1.12964210452031
ambtemp_end,22000,150,0.110055798874391
ambtemp_end,22000,151,1.36266004501392
ambtemp_end,22000,152,1.35793291984607
ambtemp_end,22000,153,1.39561330734302
ambtemp_end,22000,154,1.03399264274646
ambtemp_end,22000,155,0.553689951286805
ambtemp_end,22000,156,-0.000683789863096917
ambtemp_end,22000,157,-0.37204480709027
ambtemp_end,22000,158,-0.947583308233725
ambtemp_end,22000,159,-0.419011896266448
ambtemp_end,22000,160,-0.0548921877283923
ambtemp_end,22000,161,-0.00046974958370849
ambtemp_end,22000,162,-0.316300635947692
ambtemp_end,22000,163,0.210702652321351
ambtemp_end,22000,164,-0.0138745957751147
ambtemp_end,22000,165,-0.384816532744872
ambtemp_end,22000,166,-0.781674323393809
ambtemp_end,22000,167,-1.22566006125401
ambtemp_end,22000,168,-1.16918385566662
ambtemp_end,22000,169,-1.14431131423901
ambtemp_end,22000,170,-0.840264880820023
ambtemp_end,22000,171,-0.610641723289
ambtemp_end,22000,172,-0.747220938815581
ambtemp_end,22000,173,-0.398382430686461
ambtemp_end,22000,174,0.947606081352723
ambtemp_end,22000,175,1.48608433662464
ambtemp_end,22000,176,1.19876062332202
ambtemp_end,22000,177,0.648305768356813
ambtemp_end,22000,178,-0.0248333865542285
ambtemp_end,22000,179,-0.600331818475234
ambtemp_end,22000,180,-0.0442365461726062
ambtemp_end,22000,181,1.30264484344531
ambtemp_end,22000,182,1.81276118217517
ambtemp_end,22000,183,1.70027625022937
ambtemp_end,22000,184,1.31875049530078
ambtemp_end,22000,185,0.3520868962865
ambtemp_end,22000,186,0.101061040745271
ambtemp_end,22000,187,0.235733146057618
ambtemp_end,22000,188,2.16751563011218
ambtemp_end,22000,189,2.50747501312305
ambtemp_end,22000,190,2.00176011978198
ambtemp_end,22000,191,1.58604347168018
ambtemp_end,22000,192,0.972384447441591
ambtemp_end,22000,193,0.41914593635608
ambtemp_end,22000,194,0.605771655426515
ambtemp_end,22000,195,0.282049173698915
ambtemp_end,22000,196,0.114187771664155
ambtemp_end,22000,197,-0.344673698558318
ambtemp_end,22000,198,0.442533487663759
ambtemp_end,22000,199,0.282769317017091
ambtemp_end,22000,200,0.422296757088197
ambtemp_end,22000,201,0.652351016388429
ambtemp_end,22000,202,1.19036590515186
ambtemp_end,22000,203,1.86779581962634
ambtemp_end,22000,204,2.42215001045276
ambtemp_end,22000,205,2.35062038360645
ambtemp_end,22000,206,1.78787838874866
ambtemp_end,22000,207,1.04507469593097
ambtemp_end,22000,208,0.400900477753175
ambtemp_end,22000,209,-0.313152855052458
ambtemp_end,22000,210,0.329311127052797
ambtemp_end,22000,211,0.527216309891237
ambtemp_end,22000,212,0.394774789200319
ambtemp_end,22000,213,0.400263423309816
ambtemp_end,22000,214,0.0997736996274121
ambtemp_end,22000,215,0.20668267665912
ambtemp_end,22000,216,-0.0393611246485583
ambtemp_end,22000,217,-0.13716567100476
ambtemp_end,22000,218,-0.564306562556731
ambtemp_end,22000,219,-0.101405625953185
ambtemp_end,22000,220,0.0877966827016003
ambtemp_end,22000,221,-0.470728581561553
ambtemp_end,22000,222,-0.505226349248397
ambtemp_end,22000,223,-0.063061421527373
ambtemp_end,22000,224,0.067931944714082
ambtemp_end,22000,225,-0.375930433883177
ambtemp_end,22000,226,0.0647904223065503
ambtemp_end,22000,227,-0.212363069667327
ambtemp_end,22000,228,-0.185153966559874
ambtemp_end,22000,229,-0.13803852142285
ambtemp_end,22000,230,-0.0458564812083118
ambtemp_end,22000,231,0.070528859482301
ambtemp_end,22000,232,0.0177422708134778
ambtemp_end,22000,233,0.144131655083192
ambtemp_end,22000,234,0.788774723396791
ambtemp_end,22000,235,0.914547318802369
ambtemp_end,22000,236,0.674971455917848
ambtemp_end,22000,237,0.161337370262636
ambtemp_end,22000,238,-0.111814027442443
ambtemp_end,22000,239,0.0355731791119702
ambtemp_end,22000,240,0.206046456680787
ambtemp_end,22000,241,-0.143668418540465
ambtemp_end,22000,242,-0.498449181928145
ambtemp_end,22000,243,0.362485522614015
ambtemp_end,22000,244,0.814988846169008
ambtemp_end,22000,245,0.667548055038942
ambtemp_end,22000,246,0.00607877431918458
ambtemp_end,22000,247,0.207464331970704
ambtemp_end,22000,248,0.562751287804139
ambtemp_end,22000,249,-0.033726876391875
ambtemp_end,22000,250,0.491087073669923
ambtemp_end,22000,251,0.561664575920594
ambtemp_end,22000,252,0.0629062598805554
ambtemp_end,22000,253,0.00119924007464722
ambtemp_end,22000,254,-0.0168457681078784
ambtemp_end,22000,255,0.423882002220643
ambtemp_end,22000,256,0.152991885529054
ambtemp_end,22000,257,0.223357314453615
ambtemp_end,22000,258,-0.0110301429171435
ambtemp_end,22000,259,0.0919095820050366
ambtemp_end,22000,260,-0.256750946654784
ambtemp_end,22000,261,0.113117808685792
ambtemp_end,22000,262,0.554100746498597
ambtemp_end,22000,263,1.56330692230274
ambtemp_end,22000,264,1.20860683380176
ambtemp_end,22000,265,0.952999705658448
ambtemp_end,22000,266,0.542369360313905
ambtemp_end,22000,267,0.652782315598024
ambtemp_end,22000,268,0.778015846596254
ambtemp_end,22000,269,0.795638794289125
ambtemp_end,22000,270,0.935901159630311
ambtemp_end,22000,271,1.00550710617114
ambtemp_end,22000,272,1.25942575393726
ambtemp_end,22000,273,2.18241893707324
ambtemp_end,22000,274,2.3877428716283
ambtemp_end,22000,275,1.36998187957813
ambtemp_end,22000,276,1.25617420135547
ambtemp_end,22000,277,1.21351968704273
ambtemp_end,22000,278,0.726294631348146
ambtemp_end,22000,279,0.475008720741761
ambtemp_end,22000,280,0.242455357895387
ambtemp_end,22000,281,0.415693873749269
ambtemp_end,22000,282,0.868517155037416
ambtemp_end,22000,283,0.74383711277057
ambtemp_end,22000,284,1.78760015426685
ambtemp_end,22000,285,1.92694651542713
ambtemp_end,22000,286,1.43519484458972
ambtemp_end,22000,287,1.05601262508441
ambtemp_end,22000,288,0.700533384666932
ambtemp_end,22000,289,0.805926794395936
ambtemp_end,22000,290,0.228147739754213
ambtemp_end,22000,291,0.752123469696534
ambtemp_end,22000,292,0.910048479424012
ambtemp_end,22000,293,2.40413700996448
ambtemp_end,22000,294,2.50934111534168
ambtemp_end,22000,295,2.50452887474109
ambtemp_end,22000,296,2.05928480087329
ambtemp_end,22000,297,1.10562598167468
ambtemp_end,22000,298,0.796776289330018
ambtemp_end,22000,299,0.605841631279481
ambtemp_end,22000,300,0.928025121078981
ambtemp_end,22000,301,1.36220681129505
ambtemp_end,22000,302,3.03658067642261
ambtemp_end,22000,303,3.54605757652332
ambtemp_end,22000,304,3.41866099296619
ambtemp_end,22000,305,2.53536974845935
ambtemp_end,22000,306,3.03860628067066
ambtemp_end,22000,307,2.6729413217168
ambtemp_end,22000,308,2.23023807464649
ambtemp_end,22000,309,1.76373469291736
ambtemp_end,22000,310,1.3465503400426
ambtemp_end,22000,311,1.19845354019214
ambtemp_end,22000,312,0.573043698654664
ambtemp_end,22000,313,-0.0185421759028308
ambtemp_end,22000,314,0.178200954781068
ambtemp_end,22000,315,0.754527801857484
ambtemp_end,22000,316,1.23534213958789
ambtemp_end,22000,317,1.29279505668689
ambtemp_end,22000,318,0.810025209770692
ambtemp_end,22000,319,1.11241864620258
ambtemp_end,22000,320,2.10535776077319
ambtemp_end,22000,321,2.40320765434314
ambtemp_end,22000,322,2.33678924499561
ambtemp_end,22000,323,3.1454390233617
ambtemp_end,22000,324,2.65663468299915
ambtemp_end,22000,325,2.474851960526
ambtemp_end,22000,326,2.37626897750903
ambtemp_end,22000,327,1.41308390556384
ambtemp_end,22000,328,0.989449853287233
ambtemp_end,22000,329,0.891429657326234
ambtemp_end,22000,330,1.88653218208362
ambtemp_end,22000,331,1.72246944366504
ambtemp_end,22000,332,1.59408032356311
ambtemp_end,22000,333,1.23399888931323
ambtemp_end,22000,334,0.547639722214235
ambtemp_end,22000,335,0.366053695068849
ambtemp_end,22000,336,0.383693212852968
ambtemp_end,22000,337,-0.120412176265227
ambtemp_end,22000,338,-0.727506091608512
ambtemp_end,22000,339,-0.634321888699042
ambtemp_end,22000,340,-0.278264051093566
ambtemp_end,22000,341,-0.458261793269622
ambtemp_end,22000,342,-0.100162869109618
ambtemp_end,22000,343,-0.299032991542327
ambtemp_end,22000,344,-0.546241884841429
ambtemp_end,22000,345,-0.945415382995116
ambtemp_end,22000,346,-1.31548414172124
ambtemp_end,22000,347,-1.3585982078452
ambtemp_end,22000,348,-0.728967612399565
ambtemp_end,22000,349,-0.54420763791989
ambtemp_end,22000,350,-0.215292757167327
ambtemp_end,22000,351,-0.364062672271239
ambtemp_end,22000,352,-0.782468950166213
ambtemp_end,22000,353,-1.04962277950238
ambtemp_end,22000,354,-1.01922210098694
ambtemp_end,22000,355,-0.619474803819167
ambtemp_end,22000,356,-0.980756794824111
ambtemp_end,22000,357,-0.271472042216765
ambtemp_end,22000,358,0.170680398331178
ambtemp_end,22000,359,0.545694226608766
ambtemp_end,22000,360,1.45051299987842
ambtemp_end,22000,361,1.14414655624439
ambtemp_end,22000,362,0.812793130264772
ambtemp_end,22000,363,0.264945501671327
ambtemp_end,22000,364,-0.0512769872088306
ambtemp_end,22000,365,-0.0736538225550525
ambtemp_end,22000,366,-0.615094071044432
ambtemp_end,22000,367,-0.335690563334929
ambtemp_end,22000,368,-0.421629404439437
ambtemp_end,22000,369,-0.646408980502593
ambtemp_end,22000,370,-0.578622525348174
ambtemp_end,22000,371,-0.525792842521178
ambtemp_end,22000,372,-0.335656290664183
ambtemp_end,22000,373,-0.128253584517943
ambtemp_end,22000,374,-0.181535726203429
ambtemp_end,22000,375,1.16804420410205
ambtemp_end,22000,376,2.36922180114795
ambtemp_end,22000,377,2.19473421035816
ambtemp_end,22000,378,1.65403997360278
ambtemp_end,22000,379,1.13505017219592
ambtemp_end,22000,380,0.801355356560243
ambtemp_end,22000,381,0.618161672935975
ambtemp_end,22000,382,0.27397000251819
ambtemp_end,22000,383,0.413809294090761
ambtemp_end,22000,384,0.431501860008729
ambtemp_end,22000,385,0.578255409584535
ambtemp_end,22000,386,-0.0528115683932178
ambtemp_end,22000,387,-0.485505496873366
ambtemp_end,22000,388,-0.362637346400725
ambtemp_end,22000,389,0.215452784882081
ambtemp_end,22000,390,0.178029770241273
ambtemp_end,22000,391,0.713803047523988
ambtemp_end,22000,392,0.542622084007753
ambtemp_end,22000,393,0.407001132355226
ambtemp_end,22000,394,0.25509952961017
ambtemp_end,22000,395,0.195681924210084
ambtemp_end,22000,396,0.384159201965822
ambtemp_end,22000,397,0.0611313527684338
ambtemp_end,22000,398,-0.0590399557490222
ambtemp_end,22000,399,-0.297466045035826
ambtemp_end,22000,400,-0.148494010581481
ambtemp_end,22000,401,-0.0358975583453052
ambtemp_end,22000,402,0.250075573311342
ambtemp_end,22000,403,0.224857682571901
ambtemp_end,22000,404,-0.0776806527514331
ambtemp_end,22000,405,0.135108346329225
ambtemp_end,22000,406,0.487551683769716
ambtemp_end,22000,407,0.214284891472352
ambtemp_end,22000,408,0.362776274071229
ambtemp_end,22000,409,0.524427170143617
ambtemp_end,22000,410,0.467269176826967
ambtemp_end,22000,411,0.709149593697084
ambtemp_end,22000,412,0.937495107040895
ambtemp_end,22000,413,1.38368856369068
ambtemp_end,22000,414,1.29542242942859
ambtemp_end,22000,415,1.10706018863727
ambtemp_end,22000,416,0.759342426643861
ambtemp_end,22000,417,0.696729893074525
ambtemp_end,22000,418,1.11324428974201
ambtemp_end,22000,419,0.929671162949098
ambtemp_end,22000,420,2.23401033340503
ambtemp_end,22000,421,2.98028289733936
ambtemp_end,22000,422,3.28338133750964
ambtemp_end,22000,423,3.13853203712512
ambtemp_end,22000,424,2.64400445877124
ambtemp_end,22000,425,2.06691252647449
ambtemp_end,22000,426,1.82757865844776
ambtemp_end,22000,427,2.0282503312688
ambtemp_end,22000,428,1.993162507401
ambtemp_end,22000,429,1.77228342948963
ambtemp_end,22000,430,1.55655133186389
ambtemp_end,22000,431,1.13838278709461
ambtemp_end,22000,432,1.56719147621204
ambtemp_end,22000,433,1.09722816406299
ambtemp_end,22000,434,0.451770896301759
ambtemp_end,22000,435,0.379368061409486
ambtemp_end,22000,436,0.516389006958497
ambtemp_end,22000,437,-0.0815593654055469
ambtemp_end,22000,438,-0.41624349893521
ambtemp_end,22000,439,-0.0348801070589893
ambtemp_end,22000,440,0.029409760818971
ambtemp_end,22000,441,0.172880048141969
ambtemp_end,22000,442,0.272933835373414
ambtemp_end,22000,443,-0.0194196158785693
ambtemp_end,22000,444,-0.0107346230883472
ambtemp_end,22000,445,0.568597668991578
ambtemp_end,22000,446,0.656228060112489
ambtemp_end,22000,447,0.599124664650453
ambtemp_end,22000,448,0.663679594383729
ambtemp_end,22000,449,0.779030317650331
ambtemp_end,22000,450,0.779315943108094
ambtemp_end,22000,451,0.816975111351503
ambtemp_end,22000,452,0.814292067871583
ambtemp_end,22000,453,1.0085890239339
ambtemp_end,22000,454,1.05930947719623
ambtemp_end,22000,455,1.47347437797595
ambtemp_end,22000,456,1.76551663337756
ambtemp_end,22000,457,2.55159604011585
ambtemp_end,22000,458,2.74183451591541
ambtemp_end,22000,459,2.5545490926366
ambtemp_end,22000,460,2.16144835411121
ambtemp_end,22000,461,1.93254625259448
ambtemp_end,22000,462,1.28975641189624
ambtemp_end,22000,463,0.957902187691224
ambtemp_end,22000,464,0.882192248688234
ambtemp_end,22000,465,0.937509292946351
ambtemp_end,22000,466,0.680886263237489
ambtemp_end,22000,467,0.480702871666444
ambtemp_end,22000,468,1.02467870174457
ambtemp_end,22000,469,1.32856261192371
ambtemp_end,22000,470,1.74406349121143
ambtemp_end,22000,471,1.91807949005176
ambtemp_end,22000,472,2.18629800735523
ambtemp_end,22000,473,1.86764966903735
ambtemp_end,22000,474,1.44828593193103
ambtemp_end,22000,475,1.05046891628314
ambtemp_end,22000,476,0.34090148864795
ambtemp_end,22000,477,-0.162037199153411
ambtemp_end,22000,478,-0.561610376252639
ambtemp_end,22000,479,-0.581906234635817
ambtemp_end,22000,480,-0.592440163506972
ambtemp_end,22000,481,-0.992321720137107
ambtemp_end,22000,482,-1.36739475072812
ambtemp_end,22000,483,-1.31017116249989
ambtemp_end,22000,484,-0.492201631679045
ambtemp_end,22000,485,0.17544578968097
ambtemp_end,22000,486,0.176986331329835
ambtemp_end,22000,487,0.806460613594545
ambtemp_end,22000,488,1.00285458026935
ambtemp_end,22000,489,0.103677863464845
ambtemp_end,22000,490,0.113281125412477
ambtemp_end,22000,491,-0.115133469714629
ambtemp_end,22000,492,-0.176007276191222
ambtemp_end,22000,493,-0.794403170957076
ambtemp_end,22000,494,-1.39907569230984
ambtemp_end,22000,495,-1.59709793867062
ambtemp_end,22000,496,-1.28551784695576
ambtemp_end,22000,497,-0.738199611916053
ambtemp_end,22000,498,-0.721122374548423
ambtemp_end,22000,499,-0.956033920659529
ambtemp_end,22000,500,-0.64955756606053
ambtemp_end,22000,501,0.300347918854249
ambtemp_end,22000,502,0.609157199249757
ambtemp_end,22000,503,1.49511277137805
ambtemp_end,22000,504,2.58018290458728
ambtemp_end,22000,505,3.09034692703296
ambtemp_end,22000,506,3.19871603904773
ambtemp_end,22000,507,3.76734101234485
ambtemp_end,22000,508,2.17731487213184
ambtemp_end,22000,509,2.14082514701892
ambtemp_end,22000,510,2.03889953552295
ambtemp_end,22000,511,2.33188688217212
ambtemp_end,22000,512,1.64317547737171
ambtemp_end,22000,513,2.43459474502612
ambtemp_end,22000,514,2.15846788345386
ambtemp_end,22000,515,3.34994303642322
ambtemp_end,22000,516,3.08170854507495
ambtemp_end,22000,517,4.457433575974
ambtemp_end,22000,518,5.1837781613927
ambtemp_end,22000,519,5.55233036933948
ambtemp_end,22000,520,5.53866517005969
ambtemp_end,22000,521,5.68286120353748
ambtemp_end,22000,522,5.65877711235095
ambtemp_end,22000,523,4.87564742027332
ambtemp_end,22000,524,5.46756636558582
ambtemp_end,22000,525,5.87010466514636
ambtemp_end,22000,526,4.9433783238988
ambtemp_end,22000,527,5.25011860786487
ambtemp_end,22000,528,5.91472517906238
ambtemp_end,22000,529,4.26960741935779
ambtemp_end,22000,530,2.95556437431384
ambtemp_end,22000,531,2.49788128791858
ambtemp_end,22000,532,1.72765004097034
ambtemp_end,22000,533,1.10067629276325
ambtemp_end,22000,534,0.653249496803773
ambtemp_end,22000,535,0.413728827820314
ambtemp_end,22000,536,0.000266963825715338
ambtemp_end,22000,537,-0.4720177704234
ambtemp_end,22000,538,-0.964009081735121
ambtemp_end,22000,539,-0.866904872259902
ambtemp_end,22000,540,-0.781255235685813
ambtemp_end,22000,541,-0.766783704771506
ambtemp_end,22000,542,-1.26462036909054
ambtemp_end,22000,543,-1.44263977350186
ambtemp_end,22000,544,-1.18254441560696
ambtemp_end,22000,545,-0.355432277335631
ambtemp_end,22000,546,-0.41246718706082
ambtemp_end,22000,547,-0.667209049477088
ambtemp_end,22000,548,-0.665403580083358
ambtemp_end,22000,549,-0.116050546779143
ambtemp_end,22000,550,0.0700496977429517
ambtemp_end,22000,551,0.297889942513002
ambtemp_end,22000,552,0.0615507906537183
ambtemp_end,22000,553,-0.0976159626383655
ambtemp_end,22000,554,-0.601129328622328
ambtemp_end,22000,555,-1.13145092667531
ambtemp_end,22000,556,-1.19057626069974
ambtemp_end,22000,557,-0.9706365594406
ambtemp_end,22000,558,-1.17604402245473
ambtemp_end,22000,559,-1.01661426366757
ambtemp_end,22000,560,-0.840959733142363
ambtemp_end,22000,561,-0.157871549739348
ambtemp_end,22000,562,0.858141893730653
ambtemp_end,22000,563,1.07355296073963
ambtemp_end,22000,564,1.23868905960132
ambtemp_end,22000,565,0.829170698509706
ambtemp_end,22000,566,0.504467481956971
ambtemp_end,22000,567,-0.149872248782622
ambtemp_end,22000,568,-0.559740340127455
ambtemp_end,22000,569,-0.951382322027194
ambtemp_end,22000,570,-0.839428609027373
ambtemp_end,22000,571,-0.777327684475886
ambtemp_end,22000,572,0.259358996735109
ambtemp_end,22000,573,1.71310293136646
ambtemp_end,22000,574,2.34920179306079
ambtemp_end,22000,575,2.08245193420459
ambtemp_end,22000,576,1.57121288238574
ambtemp_end,22000,577,1.34589683471729
ambtemp_end,22000,578,0.65340148864795
ambtemp_end,22000,579,0.362835044250978
ambtemp_end,22000,580,-0.0352731400866382
ambtemp_end,22000,581,-0.0745598131556384
ambtemp_end,22000,582,1.17900573669483
ambtemp_end,22000,583,1.95992814956714
ambtemp_end,22000,584,1.72278868614246
ambtemp_end,22000,585,2.17628061233569
ambtemp_end,22000,586,1.91933118759204
ambtemp_end,22000,587,1.22697746215869
ambtemp_end,22000,588,1.14014756141712
ambtemp_end,22000,589,1.43379747329761
ambtemp_end,22000,590,0.700714701996339
ambtemp_end,22000,591,0.360956663475526
ambtemp_end,22000,592,0.155554289207948
ambtemp_end,22000,593,0.774621481285585
ambtemp_end,22000,594,1.57473337112476
ambtemp_end,22000,595,1.61134135185291
ambtemp_end,22000,596,1.87795054374744
ambtemp_end,22000,597,2.15289723335315
ambtemp_end,22000,598,2.40489470420886
ambtemp_end,22000,599,2.62608491836597
ambtemp_end,22000,600,2.56320774017383
ambtemp_start,11000,-300,-1.77567420935332
ambtemp_start,11000,-299,-1.65586493944823
ambtemp_start,11000,-298,-0.617540881392355
ambtemp_start,11000,-297,-0.116032906231279
ambtemp_start,11000,-296,0.329659476521616
ambtemp_start,11000,-295,-0.265298858639593
ambtemp_start,11000,-294,-0.383742407318945
ambtemp_start,11000,-293,0.974356427434092
ambtemp_start,11000,-292,1.08491684460938
ambtemp_start,11000,-291,1.75484968686402
ambtemp_start,11000,-290,1.43913246655763
ambtemp_start,11000,-289,1.5387672331363
ambtemp_start,11000,-288,1.13080204987824
ambtemp_start,11000,-287,0.582398965600138
ambtemp_start,11000,-286,0.0228199955254842
ambtemp_start,11000,-285,-0.86382566427886
ambtemp_start,11000,-284,-1.35210965609252
ambtemp_start,11000,-283,-1.33583591913878
ambtemp_start,11000,-282,-1.49138926005065
ambtemp_start,11000,-281,-1.57065068220794
ambtemp_start,11000,-280,-1.12781678175628
ambtemp_start,11000,-279,0.444509103539591
ambtemp_start,11000,-278,0.619019761326914
ambtemp_start,11000,-277,0.472734585049753
ambtemp_start,11000,-276,-0.0335917681276749
ambtemp_start,11000,-275,-0.923157915827627
ambtemp_start,11000,-274,-1.76617394423186
ambtemp_start,11000,-273,-1.64794264769256
ambtemp_start,11000,-272,-1.45221994852721
ambtemp_start,11000,-271,-1.71786783671081
ambtemp_start,11000,-270,-1.79978702997863
ambtemp_start,11000,-269,-1.68194697832763
ambtemp_start,11000,-268,0.812493517640238
ambtemp_start,11000,-267,1.40617229008973
ambtemp_start,11000,-266,2.45940507912934
ambtemp_start,11000,-265,2.11362899804414
ambtemp_start,11000,-264,0.911147489789133
ambtemp_start,11000,-263,0.236731096747523
ambtemp_start,11000,-262,-0.50981850957572
ambtemp_start,11000,-261,-0.438688978907461
ambtemp_start,11000,-260,-0.201279089209432
ambtemp_start,11000,-259,0.0231286954313566
ambtemp_start,11000,-258,1.30910290742219
ambtemp_start,11000,-257,1.23837579751313
ambtemp_start,11000,-256,2.00811971688569
ambtemp_start,11000,-255,1.23725260758698
ambtemp_start,11000,-254,0.373509749415522
ambtemp_start,11000,-253,-0.2239652875632
ambtemp_start,11000,-252,-0.438766435143347
ambtemp_start,11000,-251,0.131634994986658
ambtemp_start,11000,-250,1.31507267022431
ambtemp_start,11000,-249,1.13922370934785
ambtemp_start,11000,-248,0.740235224011545
ambtemp_start,11000,-247,0.918437793496256
ambtemp_start,11000,-246,0.430297597888117
ambtemp_start,11000,-245,-0.0819243922650765
ambtemp_start,11000,-244,-0.443990603443975
ambtemp_start,11000,-243,-0.944659874197836
ambtemp_start,11000,-242,-1.46988187765777
ambtemp_start,11000,-241,-1.35163222288787
ambtemp_start,11000,-240,-1.28681467508971
ambtemp_start,11000,-239,-1.76336561178863
ambtemp_start,11000,-238,-1.96454547381103
ambtemp_start,11000,-237,-1.93902264570891
ambtemp_start,11000,-236,-1.99490867590606
ambtemp_start,11000,-235,-2.00681446528136
ambtemp_start,11000,-234,-1.65457235312163
ambtemp_start,11000,-233,0.473932996037607
ambtemp_start,11000,-232,1.19957853818238
ambtemp_start,11000,-231,1.07475377583802
ambtemp_start,11000,-230,0.0594326105147649
ambtemp_start,11000,-229,-0.523902431485052
ambtemp_start,11000,-228,-0.990950331446524
ambtemp_start,11000,-227,-1.08812712168395
ambtemp_start,11000,-226,-1.37480591273009
ambtemp_start,11000,-225,-2.02612815832793
ambtemp_start,11000,-224,-2.30365191435515
ambtemp_start,11000,-223,-1.27092801069915
ambtemp_start,11000,-222,-1.42910824751555
ambtemp_start,11000,-221,-1.86871551012694
ambtemp_start,11000,-220,-2.19790469145476
ambtemp_start,11000,-219,-2.21008692717254
ambtemp_start,11000,-218,-1.37762568926513
ambtemp_start,11000,-217,-1.46098838782012
ambtemp_start,11000,-216,-2.0331516120404
ambtemp_start,11000,-215,-2.0240897986859
ambtemp_start,11000,-214,-2.47548662161529
ambtemp_start,11000,-213,-2.2849849317044
ambtemp_start,11000,-212,-2.09972177481353
ambtemp_start,11000,-211,-2.16980467772185
ambtemp_start,11000,-210,-2.54463611578643
ambtemp_start,11000,-209,-2.44573174452483
ambtemp_start,11000,-208,-1.97621236777007
ambtemp_start,11000,-207,-1.62425528502166
ambtemp_start,11000,-206,-1.88502930140197
ambtemp_start,11000,-205,-2.27735386824309
ambtemp_start,11000,-204,-2.05238519644439
ambtemp_start,11000,-203,-2.13301597571074
ambtemp_start,11000,-202,-2.60028611159026
ambtemp_start,11000,-201,-2.27003799414336
ambtemp_start,11000,-200,-2.32454977965056
ambtemp_start,11000,-199,-2.42168746924102
ambtemp_start,11000,-198,-2.3632410619229
ambtemp_start,11000,-197,-2.09792672133147
ambtemp_start,11000,-196,-2.34522090887725
ambtemp_start,11000,-195,-2.28451405501067
ambtemp_start,11000,-194,-1.92985306715667
ambtemp_start,11000,-193,-2.34587822889983
ambtemp_start,11000,-192,-2.118104562518
ambtemp_start,11000,-191,-1.93377183413207
ambtemp_start,11000,-190,-2.01373706793487
ambtemp_start,11000,-189,-2.30671416258513
ambtemp_start,11000,-188,-2.17696462607085
ambtemp_start,11000,-187,-2.2238367650479
ambtemp_start,11000,-186,-2.20468913054168
ambtemp_start,11000,-185,-1.97888515925109
ambtemp_start,11000,-184,-1.9747962806195
ambtemp_start,11000,-183,-1.75494347548186
ambtemp_start,11000,-182,-1.69801960920989
ambtemp_start,11000,-181,-1.59680210089385
ambtemp_start,11000,-180,-1.30575047468841
ambtemp_start,11000,-179,-0.525522485730047
ambtemp_start,11000,-178,-0.671581432577963
ambtemp_start,11000,-177,-1.50625251269042
ambtemp_start,11000,-176,-1.54431627726256
ambtemp_start,11000,-175,-1.4414961192578
ambtemp_start,11000,-174,-1.4415247294873
ambtemp_start,11000,-173,-1.69228862261474
ambtemp_start,11000,-172,-1.90333400702178
ambtemp_start,11000,-171,-1.72102330660521
ambtemp_start,11000,-170,-2.2224722955197
ambtemp_start,11000,-169,-1.56403492426574
ambtemp_start,11000,-168,-0.968423650023336
ambtemp_start,11000,-167,-0.313909426686163
ambtemp_start,11000,-166,0.0688989307910253
ambtemp_start,11000,-165,0.151164158824091
ambtemp_start,11000,-164,-0.758934662100668
ambtemp_start,11000,-163,0.0208141055136968
ambtemp_start,11000,-162,0.429896607640391
ambtemp_start,11000,-161,0.241187855246668
ambtemp_start,11000,-160,0.0330766957432081
ambtemp_start,11000,-159,1.20107592606843
ambtemp_start,11000,-158,1.34046758675874
ambtemp_start,11000,-157,1.40921045804322
ambtemp_start,11000,-156,1.41310824418366
ambtemp_start,11000,-155,0.818187310937052
ambtemp_start,11000,-154,0.420392110589152
ambtemp_start,11000,-153,-0.113511298206444
ambtemp_start,11000,-152,-0.0960799570947836
ambtemp_start,11000,-151,-0.223352283594007
ambtemp_start,11000,-150,0.387095614913111
ambtemp_start,11000,-149,1.89468134904206
ambtemp_start,11000,-148,1.909802809003
ambtemp_start,11000,-147,1.04092992806733
ambtemp_start,11000,-146,0.400561585667734
ambtemp_start,11000,-145,0.0829537954360296
ambtemp_start,11000,-144,-0.570123598334188
ambtemp_start,11000,-143,-0.183779873308534
ambtemp_start,11000,-142,0.77871651912034
ambtemp_start,11000,-141,1.85258103871644
ambtemp_start,11000,-140,2.01194252038301
ambtemp_start,11000,-139,0.963284507039194
ambtemp_start,11000,-138,0.888609841111307
ambtemp_start,11000,-137,0.532526924851542
ambtemp_start,11000,-136,0.3591895546943
ambtemp_start,11000,-135,0.361916944029932
ambtemp_start,11000,-134,1.27909614110291
ambtemp_start,11000,-133,1.06942214036286
ambtemp_start,11000,-132,0.0294317748576452
ambtemp_start,11000,-131,-0.577587649580831
ambtemp_start,11000,-130,-1.04836760496795
ambtemp_start,11000,-129,-1.26965568995177
ambtemp_start,11000,-128,-1.5470812175244
ambtemp_start,11000,-127,-1.49121151899993
ambtemp_start,11000,-126,-1.49263547396361
ambtemp_start,11000,-125,-1.86962173914611
ambtemp_start,11000,-124,-1.82474027609527
ambtemp_start,11000,-123,-1.79676805472075
ambtemp_start,11000,-122,-2.2115031335324
ambtemp_start,11000,-121,-2.29644118284881
ambtemp_start,11000,-120,-1.86401866411864
ambtemp_start,11000,-119,-2.43496499991118
ambtemp_start,11000,-118,-1.22753034567534
ambtemp_start,11000,-117,0.144515871647005
ambtemp_start,11000,-116,0.866932645085459
ambtemp_start,11000,-115,1.32723750138581
ambtemp_start,11000,-114,1.15319611096681
ambtemp_start,11000,-113,1.77753378415406
ambtemp_start,11000,-112,1.5548325922519
ambtemp_start,11000,-111,2.88923825288117
ambtemp_start,11000,-110,2.34384812379182
ambtemp_start,11000,-109,2.29400576615632
ambtemp_start,11000,-108,1.88296283746064
ambtemp_start,11000,-107,1.22549523377717
ambtemp_start,11000,-106,0.425017669442301
ambtemp_start,11000,-105,-0.141400508937235
ambtemp_start,11000,-104,-0.3319725546807
ambtemp_start,11000,-103,-0.639499530550833
ambtemp_start,11000,-102,-0.824050531145925
ambtemp_start,11000,-101,-0.224250883218641
ambtemp_start,11000,-100,0.736210003140574
ambtemp_start,11000,-99,0.975926652196055
ambtemp_start,11000,-98,0.529796316865091
ambtemp_start,11000,-97,-0.00405006146132453
ambtemp_start,11000,-96,-0.531090066191549
ambtemp_start,11000,-95,-0.934737965819235
ambtemp_start,11000,-94,-1.46532748675048
ambtemp_start,11000,-93,-1.71877788042724
ambtemp_start,11000,-92,-1.70321010088622
ambtemp_start,11000,-91,-1.55806575751006
ambtemp_start,11000,-90,-1.36384509539306
ambtemp_start,11000,-89,-1.23037920927703
ambtemp_start,11000,-88,-0.865558252093191
ambtemp_start,11000,-87,-0.4206957075566
ambtemp_start,11000,-86,-0.737552449461813
ambtemp_start,11000,-85,-1.39878366923034
ambtemp_start,11000,-84,-1.66105185484588
ambtemp_start,11000,-83,-2.22567211126983
ambtemp_start,11000,-82,-2.11108456587493
ambtemp_start,11000,-81,-1.90203033423125
ambtemp_start,11000,-80,-2.04141639208495
ambtemp_start,11000,-79,-2.23931776022613
ambtemp_start,11000,-78,-2.36287771200835
ambtemp_start,11000,-77,-2.43334232306182
ambtemp_start,11000,-76,-2.03387521242797
ambtemp_start,11000,-75,-1.91807292437255
ambtemp_start,11000,-74,-2.04166995024383
ambtemp_start,11000,-73,-2.39604078268706
ambtemp_start,11000,-72,-2.86769638991057
ambtemp_start,11000,-71,-2.6489015672177
ambtemp_start,11000,-70,-2.55764447188079
ambtemp_start,11000,-69,-2.54459629988372
ambtemp_start,11000,-68,-2.51085363363921
ambtemp_start,11000,-67,-1.99203203653991
ambtemp_start,11000,-66,0.136909737828379
ambtemp_start,11000,-65,1.2535630610019
ambtemp_start,11000,-64,0.894939735177164
ambtemp_start,11000,-63,0.706320479157572
ambtemp_start,11000,-62,0.258533462527399
ambtemp_start,11000,-61,0.817238941434031
ambtemp_start,11000,-60,1.75728405976594
ambtemp_start,11000,-59,2.62136329675019
ambtemp_start,11000,-58,3.00080551171601
ambtemp_start,11000,-57,2.13759984040559
ambtemp_start,11000,-56,3.13118781113923
ambtemp_start,11000,-55,2.60616888070405
ambtemp_start,11000,-54,2.03163112664521
ambtemp_start,11000,-53,1.42513443494142
ambtemp_start,11000,-52,0.48942871356309
ambtemp_start,11000,-51,0.0499147992759992
ambtemp_start,11000,-50,-0.554804310557241
ambtemp_start,11000,-49,-0.069484195560957
ambtemp_start,11000,-48,0.791770472767954
ambtemp_start,11000,-47,0.305032565835123
ambtemp_start,11000,-46,-0.132013216969366
ambtemp_start,11000,-45,0.218866333010798
ambtemp_start,11000,-44,0.259995922091608
ambtemp_start,11000,-43,0.867483868840342
ambtemp_start,11000,-42,1.0514454987079
ambtemp_start,11000,-41,1.20581008458436
ambtemp_start,11000,-40,1.9306585934192
ambtemp_start,11000,-39,2.67780627274812
ambtemp_start,11000,-38,2.60103024506867
ambtemp_start,11000,-37,2.75697316193879
ambtemp_start,11000,-36,2.17500771546662
ambtemp_start,11000,-35,2.4247113611728
ambtemp_start,11000,-34,2.61604084039033
ambtemp_start,11000,-33,3.36937393212617
ambtemp_start,11000,-32,3.70326866174043
ambtemp_start,11000,-31,3.23494924569428
ambtemp_start,11000,-30,2.03234423661531
ambtemp_start,11000,-29,0.966035022976999
ambtemp_start,11000,-28,0.310392900946741
ambtemp_start,11000,-27,-0.16038075869977
ambtemp_start,11000,-26,0.207889869454508
ambtemp_start,11000,-25,0.130412280204897
ambtemp_start,11000,-24,-0.389982894417639
ambtemp_start,11000,-23,-1.01898352837264
ambtemp_start,11000,-22,-1.55137001013457
ambtemp_start,11000,-21,-1.56475435232818
ambtemp_start,11000,-20,-1.7132452580899
ambtemp_start,11000,-19,-2.04987464880645
ambtemp_start,11000,-18,-2.07052265143096
ambtemp_start,11000,-17,-1.36303077673614
ambtemp_start,11000,-16,-1.37624596094787
ambtemp_start,11000,-15,-1.46157144045531
ambtemp_start,11000,-14,-1.803447232005
ambtemp_start,11000,-13,-1.25265179609954
ambtemp_start,11000,-12,-1.02049206232726
ambtemp_start,11000,-11,-1.34735964274108
ambtemp_start,11000,-10,-1.6779919717282
ambtemp_start,11000,-9,-1.78266607260406
ambtemp_start,11000,-8,-1.88393507933318
ambtemp_start,11000,-7,-3.15607367491424
ambtemp_start,11000,-6,-2.95772682165801
ambtemp_start,11000,-5,-2.66371165251433
ambtemp_start,11000,-4,-2.99604688620269
ambtemp_start,11000,-3,-2.6708229634732
ambtemp_start,11000,-2,-2.68058882689177
ambtemp_start,11000,-1,-2.67262993788421
ambtemp_start,11000,0,-1.60398303007781
ambtemp_start,11000,1,-0.332798317429418
ambtemp_start,11000,2,0.0903812196284582
ambtemp_start,11000,3,0.80383916163743
ambtemp_start,11000,4,1.11737264657319
ambtemp_start,11000,5,-0.0332320652723263
ambtemp_start,11000,6,0.330756470206385
ambtemp_start,11000,7,0.551637068036203
ambtemp_start,11000,8,-0.362394795176382
ambtemp_start,11000,9,-0.692236110922689
ambtemp_start,11000,10,-1.38898931479156
ambtemp_start,11000,11,-1.64785753225982
ambtemp_start,11000,12,-7.19804137895852e-05
ambtemp_start,11000,13,0.190332159045344
ambtemp_start,11000,14,-0.489562020060415
ambtemp_start,11000,15,-1.12002418970763
ambtemp_start,11000,16,-1.59319470858275
ambtemp_start,11000,17,-1.75869558787047
ambtemp_start,11000,18,-2.23526440596282
ambtemp_start,11000,19,-2.79820810293853
ambtemp_start,11000,20,-2.66538845038115
ambtemp_start,11000,21,-2.57039652800261
ambtemp_start,11000,22,-2.76171027159392
ambtemp_start,11000,23,-2.75961290335357
ambtemp_start,11000,24,-3.18427239393889
ambtemp_start,11000,25,-3.3467570397824
ambtemp_start,11000,26,-2.72400818800628
ambtemp_start,11000,27,-2.52442227339446
ambtemp_start,11000,28,-2.54169975256621
ambtemp_start,11000,29,-1.86761377787292
ambtemp_start,11000,30,-1.24902163481414
ambtemp_start,11000,31,-1.69357429480254
ambtemp_start,11000,32,-1.9441531751126
ambtemp_start,11000,33,-2.25948964094817
ambtemp_start,11000,34,-2.72001634573638
ambtemp_start,11000,35,-2.70686350798308
ambtemp_start,11000,36,-2.9561205956906
ambtemp_start,11000,37,-2.97543536162078
ambtemp_start,11000,38,-3.06177602743804
ambtemp_start,11000,39,-3.44334135985076
ambtemp_start,11000,40,-3.19976769423186
ambtemp_start,11000,41,-3.06480990385711
ambtemp_start,11000,42,-2.63119016623198
ambtemp_start,11000,43,-1.88719509577453
ambtemp_start,11000,44,0.215007438901072
ambtemp_start,11000,45,0.879208162072306
ambtemp_start,11000,46,0.828090503457193
ambtemp_start,11000,47,1.4615092422992
ambtemp_start,11000,48,0.841923489812021
ambtemp_start,11000,49,1.05953909421266
ambtemp_start,11000,50,0.269099488499766
ambtemp_start,11000,51,-0.934110448119039
ambtemp_start,11000,52,-1.45183394884765
ambtemp_start,11000,53,-1.49485467409789
ambtemp_start,11000,54,-1.21422670817077
ambtemp_start,11000,55,-0.481291637179251
ambtemp_start,11000,56,0.389704867842798
ambtemp_start,11000,57,-0.212507173773641
ambtemp_start,11000,58,-0.780233368632193
ambtemp_start,11000,59,-1.47606812452971
ambtemp_start,11000,60,-1.46907518839538
ambtemp_start,11000,61,-1.78644453024566
ambtemp_start,11000,62,-2.19881521200835
ambtemp_start,11000,63,-2.24602495169341
ambtemp_start,11000,64,-2.46141038870513
ambtemp_start,11000,65,-2.76817022299468
ambtemp_start,11000,66,-2.59020029043853
ambtemp_start,11000,67,-2.63237486815154
ambtemp_start,11000,68,-2.72985373472869
ambtemp_start,11000,69,-2.62229190802276
ambtemp_start,11000,70,-2.69382511114776
ambtemp_start,11000,71,-3.00093422865569
ambtemp_start,11000,72,-2.98656307196319
ambtemp_start,11000,73,-3.08158074354827
ambtemp_start,11000,74,-2.63618956541717
ambtemp_start,11000,75,-2.63184843992888
ambtemp_start,11000,76,-2.19829522108733
ambtemp_start,11000,77,-1.92017303442657
ambtemp_start,11000,78,-2.27848754858672
ambtemp_start,11000,79,-2.55502758955657
ambtemp_start,11000,80,-2.95691071486175
ambtemp_start,11000,81,-2.85690866446197
ambtemp_start,11000,82,-2.96649371123015
ambtemp_start,11000,83,-2.82097874617278
ambtemp_start,11000,84,-2.25164113974273
ambtemp_start,11000,85,-2.48268638586699
ambtemp_start,11000,86,-2.6971627328366
ambtemp_start,11000,87,-2.75186668371856
ambtemp_start,11000,88,-2.54963170027434
ambtemp_start,11000,89,-2.76134048437774
ambtemp_start,11000,90,-2.62995778059661
ambtemp_start,11000,91,-2.39590202307403
ambtemp_start,11000,92,-2.2778397653073
ambtemp_start,11000,93,-2.1793941113919
ambtemp_start,11000,94,-2.4696613404721
ambtemp_start,11000,95,-2.44450269674956
ambtemp_start,11000,96,-2.52901898359954
ambtemp_start,11000,97,-2.51624284720122
ambtemp_start,11000,98,-2.30695568060576
ambtemp_start,11000,99,-2.25065766310393
ambtemp_start,11000,100,-2.16492663359343
ambtemp_start,11000,101,-2.02911590075194
ambtemp_start,11000,102,-2.18005643820464
ambtemp_start,11000,103,-1.37626455759704
ambtemp_start,11000,104,-1.10656844114959
ambtemp_start,11000,105,-1.58235321974456
ambtemp_start,11000,106,-1.15984950995147
ambtemp_start,11000,107,-1.35008572077453
ambtemp_start,11000,108,-1.25188730692565
ambtemp_start,11000,109,-0.829600260016317
ambtemp_start,11000,110,-0.80019645428359
ambtemp_start,11000,111,-0.576609000918264
ambtemp_start,11000,112,-0.394887045380468
ambtemp_start,11000,113,-0.77888719772994
ambtemp_start,11000,114,-0.587164745089407
ambtemp_start,11000,115,-0.708312556502218
ambtemp_start,11000,116,-0.646503553149099
ambtemp_start,11000,117,-0.700091287848349
ambtemp_start,11000,118,-1.3793578002423
ambtemp_start,11000,119,-1.98028527235686
ambtemp_start,11000,120,-2.05623184179961
ambtemp_start,11000,121,-2.14233337378203
ambtemp_start,11000,122,-2.53768502211272
ambtemp_start,11000,123,-3.17180644011199
ambtemp_start,11000,124,-2.80151020025908
ambtemp_start,11000,125,-3.19480262732207
ambtemp_start,11000,126,-4.32967101072967
ambtemp_start,11000,127,-4.04384480452239
ambtemp_start,11000,128,-3.24142561888396
ambtemp_start,11000,129,-3.2148834321469
ambtemp_start,11000,130,-3.18734203314483
ambtemp_start,11000,131,-3.36686764692962
ambtemp_start,11000,132,-3.496522531268
ambtemp_start,11000,133,-4.00233231520354
ambtemp_start,11000,134,-3.90366064047515
ambtemp_start,11000,135,-4.12559472059905
ambtemp_start,11000,136,-4.61858473753631
ambtemp_start,11000,137,-5.00974331831634
ambtemp_start,11000,138,-4.64296160673797
ambtemp_start,11000,139,-4.83781538939177
ambtemp_start,11000,140,-5.27318154310882
ambtemp_start,11000,141,-5.46771012282073
ambtemp_start,11000,142,-5.59969387983977
ambtemp_start,11000,143,-5.95507822966277
ambtemp_start,11000,144,-5.87588606810271
ambtemp_start,11000,145,-5.8032942864865
ambtemp_start,11000,146,-6.29314003920257
ambtemp_start,11000,147,-6.56599579786956
ambtemp_start,11000,148,-6.82498036360442
ambtemp_start,11000,149,-6.95587454771697
ambtemp_start,11000,150,-7.12403164839446
ambtemp_start,11000,151,-6.85642014479339
ambtemp_start,11000,152,-6.53581009840667
ambtemp_start,11000,153,-6.14117775892913
ambtemp_start,11000,154,-5.98755417799651
ambtemp_start,11000,155,-6.53821431135833
ambtemp_start,11000,156,-7.29541073774993
ambtemp_start,11000,157,-7.56960116362273
ambtemp_start,11000,158,-7.32252655958831
ambtemp_start,11000,159,-7.53812132811248
ambtemp_start,11000,160,-7.80763684248626
ambtemp_start,11000,161,-7.60929976439177
ambtemp_start,11000,162,-7.61604224180877
ambtemp_start,11000,163,-7.46566306090056
ambtemp_start,11000,164,-7.17375956511199
ambtemp_start,11000,165,-7.35248146986663
ambtemp_start,11000,166,-7.71241341566741
ambtemp_start,11000,167,-7.58378706907927
ambtemp_start,11000,168,-7.75215922331511
ambtemp_start,11000,169,-8.32241450285613
ambtemp_start,11000,170,-8.03985129332244
ambtemp_start,11000,171,-7.74163351988494
ambtemp_start,11000,172,-7.57126437163054
ambtemp_start,11000,173,-7.61541138624846
ambtemp_start,11000,174,-7.61565552687346
ambtemp_start,11000,175,-7.96662770247161
ambtemp_start,11000,176,-8.11037360167205
ambtemp_start,11000,177,-7.89508639311492
ambtemp_start,11000,178,-8.19479380583465
ambtemp_start,11000,179,-7.84099207853972
ambtemp_start,11000,180,-7.55938349699676
ambtemp_start,11000,181,-8.05769024824798
ambtemp_start,11000,182,-8.41029654478728
ambtemp_start,11000,183,-8.2494088265866
ambtemp_start,11000,184,-8.29865942930877
ambtemp_start,11000,185,-7.91404877638518
ambtemp_start,11000,186,-7.27885781264007
ambtemp_start,11000,187,-6.53653822874724
ambtemp_start,11000,188,-6.87245236372649
ambtemp_start,11000,189,-6.87521944975554
ambtemp_start,11000,190,-6.79099760985076
ambtemp_start,11000,191,-6.65638314222991
ambtemp_start,11000,192,-6.5702186677426
ambtemp_start,11000,193,-6.7351003739804
ambtemp_start,11000,194,-7.09286128019988
ambtemp_start,11000,195,-7.07376204466521
ambtemp_start,11000,196,-6.71491061186492
ambtemp_start,11000,197,-6.85643301939666
ambtemp_start,11000,198,-7.41990767454802
ambtemp_start,11000,199,-7.50534306502044
ambtemp_start,11000,200,-7.39528380369842
ambtemp_start,11000,201,-7.20207415556609
ambtemp_start,11000,202,-7.42393599486052
ambtemp_start,11000,203,-7.66704092955291
ambtemp_start,11000,204,-7.85385142302215
ambtemp_start,11000,205,-8.09562216734588
ambtemp_start,11000,206,-8.24002371763885
ambtemp_start,11000,207,-7.96834956144988
ambtemp_start,11000,208,-8.0867940041989
ambtemp_start,11000,209,-8.27913390135467
ambtemp_start,11000,210,-8.66446600889861
ambtemp_start,11000,211,-8.11770544981658
ambtemp_start,11000,212,-7.54606114363372
ambtemp_start,11000,213,-7.3215352151364
ambtemp_start,11000,214,-7.55698071455657
ambtemp_start,11000,215,-8.20409213041961
ambtemp_start,11000,216,-8.08291827177703
ambtemp_start,11000,217,-7.94151221251189
ambtemp_start,11000,218,-8.3533660027951
ambtemp_start,11000,219,-8.48388586973845
ambtemp_start,11000,220,-8.54812727904021
ambtemp_start,11000,221,-8.26269923186004
ambtemp_start,11000,222,-8.24908839201629
ambtemp_start,11000,223,-8.35236941313445
ambtemp_start,11000,224,-8.60736094450652
ambtemp_start,11000,225,-8.78802596068084
ambtemp_start,11000,226,-8.95900259947478
ambtemp_start,11000,227,-9.12932787871062
ambtemp_start,11000,228,-9.15893183684051
ambtemp_start,11000,229,-9.18317614531218
ambtemp_start,11000,230,-9.27104292845427
ambtemp_start,11000,231,-9.47019110655486
ambtemp_start,11000,232,-9.3258658502072
ambtemp_start,11000,233,-9.22831736540496
ambtemp_start,11000,234,-8.68092261290252
ambtemp_start,11000,235,-6.96013461088836
ambtemp_start,11000,236,-5.51352606749236
ambtemp_start,11000,237,-3.70764385199248
ambtemp_start,11000,238,-2.82752762770354
ambtemp_start,11000,239,-3.01487027144134
ambtemp_start,11000,240,-2.19543682074248
ambtemp_start,11000,241,-1.45449171995818
ambtemp_start,11000,242,-0.972011015173788
ambtemp_start,11000,243,0.0809053477078726
ambtemp_start,11000,244,-0.0017022158771704
ambtemp_start,11000,245,-0.710767194983358
ambtemp_start,11000,246,-1.1042866561383
ambtemp_start,11000,247,-1.73380921816527
ambtemp_start,11000,248,-1.42613600229918
ambtemp_start,11000,249,-1.3853779885739
ambtemp_start,11000,250,-1.72259090876281
ambtemp_start,11000,251,-1.6408152434796
ambtemp_start,11000,252,-1.25660370325744
ambtemp_start,11000,253,-1.332872972247
ambtemp_start,11000,254,-0.924885377642507
ambtemp_start,11000,255,-0.854670033213491
ambtemp_start,11000,256,-0.832482502219076
ambtemp_start,11000,257,-0.335978851076956
ambtemp_start,11000,258,-0.646112367865438
ambtemp_start,11000,259,-0.767795071360464
ambtemp_start,11000,260,-0.864756450411672
ambtemp_start,11000,261,-1.23032425379455
ambtemp_start,11000,262,-1.07302962279021
ambtemp_start,11000,263,-0.905496642348165
ambtemp_start,11000,264,-1.21415017580688
ambtemp_start,11000,265,-1.55947910284698
ambtemp_start,11000,266,-0.951626882311697
ambtemp_start,11000,267,-0.0640522832163095
ambtemp_start,11000,268,-0.0582536574274252
ambtemp_start,11000,269,-0.242651224490995
ambtemp_start,11000,270,-0.387567356583471
ambtemp_start,11000,271,-0.195886552688474
ambtemp_start,11000,272,-0.796853587386007
ambtemp_start,11000,273,-0.47652040457427
ambtemp_start,11000,274,-0.308570325729246
ambtemp_start,11000,275,-0.537165120598669
ambtemp_start,11000,276,-0.24207663571536
ambtemp_start,11000,277,-1.10021196341216
ambtemp_start,11000,278,-0.832773551699514
ambtemp_start,11000,279,-0.704492852446432
ambtemp_start,11000,280,-1.19568179583251
ambtemp_start,11000,281,-0.793255433794851
ambtemp_start,11000,282,-1.10540424322783
ambtemp_start,11000,283,-1.49807833170592
ambtemp_start,11000,284,-0.0903331193894099
ambtemp_start,11000,285,0.343442394974833
ambtemp_start,11000,286,0.062373295071726
ambtemp_start,11000,287,0.770653143170481
ambtemp_start,11000,288,0.193812384846811
ambtemp_start,11000,289,0.180367290619021
ambtemp_start,11000,290,0.0800396796494772
ambtemp_start,11000,291,-0.180725515243406
ambtemp_start,11000,292,0.135915457847719
ambtemp_start,11000,293,0.475221469643717
ambtemp_start,11000,294,0.0306811403662016
ambtemp_start,11000,295,-0.130023762938375
ambtemp_start,11000,296,-0.508024320361013
ambtemp_start,11000,297,-0.393207744118566
ambtemp_start,11000,298,-0.216211259719724
ambtemp_start,11000,299,0.161128431203966
ambtemp_start,11000,300,0.425222113373881
ambtemp_start,11000,301,-0.141101338323946
ambtemp_start,11000,302,-0.0512224886387537
ambtemp_start,11000,303,-0.0146483968764494
ambtemp_start,11000,304,0.0381861996084501
ambtemp_start,11000,305,-0.0394875243127297
ambtemp_start,11000,306,-0.227415278908605
ambtemp_start,11000,307,-0.657572195288534
ambtemp_start,11000,308,-0.774582013842459
ambtemp_start,11000,309,-0.878742739912863
ambtemp_start,11000,310,-0.57190249895751
ambtemp_start,11000,311,-0.235855877754087
ambtemp_start,11000,312,0.451236083748942
ambtemp_start,11000,313,0.704999938252573
ambtemp_start,11000,314,0.81482024455369
ambtemp_start,11000,315,0.142172231915598
ambtemp_start,11000,316,0.421721532586222
ambtemp_start,11000,317,0.817703559640055
ambtemp_start,11000,318,1.20649780297578
ambtemp_start,11000,319,-0.0420847184777211
ambtemp_start,11000,320,0.251901134493952
ambtemp_start,11000,321,-0.310200304147596
ambtemp_start,11000,322,-0.43581382965743
ambtemp_start,11000,323,0.250842883828287
ambtemp_start,11000,324,-0.0890802018165539
ambtemp_start,11000,325,-0.262908205744619
ambtemp_start,11000,326,-0.496388480421896
ambtemp_start,11000,327,-0.486239657160635
ambtemp_start,11000,328,0.461831643822794
ambtemp_start,11000,329,0.194592192414408
ambtemp_start,11000,330,-0.421068236586447
ambtemp_start,11000,331,0.373752578738337
ambtemp_start,11000,332,0.00844204390347497
ambtemp_start,11000,333,0.0245781686335851
ambtemp_start,11000,334,0.253244742396479
ambtemp_start,11000,335,-0.267206982132788
ambtemp_start,11000,336,-0.45076568460166
ambtemp_start,11000,337,-0.409838632103796
ambtemp_start,11000,338,-0.355015829560156
ambtemp_start,11000,339,0.486874714139109
ambtemp_start,11000,340,0.25713403487504
ambtemp_start,11000,341,0.646925940755015
ambtemp_start,11000,342,1.17198051476777
ambtemp_start,11000,343,1.10676862263978
ambtemp_start,11000,344,1.2010922577411
ambtemp_start,11000,345,0.761945917847757
ambtemp_start,11000,346,-0.145800620672102
ambtemp_start,11000,347,-0.327335343119497
ambtemp_start,11000,348,-0.100183420237894
ambtemp_start,11000,349,-0.232235595938558
ambtemp_start,11000,350,-0.474515036103124
ambtemp_start,11000,351,-0.493535384890432
ambtemp_start,11000,352,0.0976584699183752
ambtemp_start,11000,353,0.124707206729059
ambtemp_start,11000,354,-0.214139849302168
ambtemp_start,11000,355,-0.467545703408117
ambtemp_start,11000,356,-0.687575564143057
ambtemp_start,11000,357,-0.493836388346548
ambtemp_start,11000,358,-0.539151355978842
ambtemp_start,11000,359,-0.4267071042031
ambtemp_start,11000,360,0.131800263765459
ambtemp_start,11000,361,-0.302763805148001
ambtemp_start,11000,362,-0.395968094822759
ambtemp_start,11000,363,0.398781999590998
ambtemp_start,11000,364,-0.250947207567091
ambtemp_start,11000,365,-0.450443014857168
ambtemp_start,11000,366,0.0396000441342642
ambtemp_start,11000,367,-0.0020429905325125
ambtemp_start,11000,368,0.0940630581408788
ambtemp_start,11000,369,0.327569678071146
ambtemp_start,11000,370,-0.938663408514852
ambtemp_start,11000,371,-0.426439240929479
ambtemp_start,11000,372,0.166417717579012
ambtemp_start,11000,373,0.396063580754404
ambtemp_start,11000,374,0.0409915145665457
ambtemp_start,11000,375,-0.128643639740343
ambtemp_start,11000,376,-0.122539203968639
ambtemp_start,11000,377,0.272586896660929
ambtemp_start,11000,378,-0.312106445786352
ambtemp_start,11000,379,-0.832584485766287
ambtemp_start,11000,380,-0.354947135207052
ambtemp_start,11000,381,0.249243542197352
ambtemp_start,11000,382,0.340250447037821
ambtemp_start,11000,383,1.06247319245637
ambtemp_start,11000,384,0.55745632911027
ambtemp_start,11000,385,0.270297422650461
ambtemp_start,11000,386,-0.268895507213468
ambtemp_start,11000,387,0.142464667204027
ambtemp_start,11000,388,0.0983921434909155
ambtemp_start,11000,389,-0.302985817548628
ambtemp_start,11000,390,0.101685255411272
ambtemp_start,11000,391,-0.27355816995799
ambtemp_start,11000,392,0.072110324743395
ambtemp_start,11000,393,0.754230454209452
ambtemp_start,11000,394,0.519969775918131
ambtemp_start,11000,395,0.20186950230897
ambtemp_start,11000,396,-1.09210597014129
ambtemp_start,11000,397,-0.507506981846685
ambtemp_start,11000,398,-0.0545173272311638
ambtemp_start,11000,399,-0.409852847811575
ambtemp_start,11000,400,0.621595039609079
ambtemp_start,11000,401,0.334358289483195
ambtemp_start,11000,402,-0.473473087307806
ambtemp_start,11000,403,-1.07795976137816
ambtemp_start,11000,404,-0.450962499138708
ambtemp_start,11000,405,-0.609616384264822
ambtemp_start,11000,406,-0.922285065409536
ambtemp_start,11000,407,-0.831529721972341
ambtemp_start,11000,408,0.423000886681681
ambtemp_start,11000,409,1.30581404233277
ambtemp_start,11000,410,2.15146054292024
ambtemp_start,11000,411,1.44992925191224
ambtemp_start,11000,412,0.946135535481577
ambtemp_start,11000,413,0.448320701363688
ambtemp_start,11000,414,0.327562436106806
ambtemp_start,11000,415,0.835272624734049
ambtemp_start,11000,416,2.15070332551301
ambtemp_start,11000,417,2.25034846329988
ambtemp_start,11000,418,2.02311648392976
ambtemp_start,11000,419,1.17262257600129
ambtemp_start,11000,420,0.292553916218882
ambtemp_start,11000,421,0.200193628314142
ambtemp_start,11000,422,0.478675201180582
ambtemp_start,11000,423,0.227173700574045
ambtemp_start,11000,424,-0.36472184991538
ambtemp_start,11000,425,-0.322401121613378
ambtemp_start,11000,426,-0.414171800372
ambtemp_start,11000,427,-0.497473106142874
ambtemp_start,11000,428,-0.478293344733114
ambtemp_start,11000,429,-0.38509847259223
ambtemp_start,11000,430,-0.760844156500692
ambtemp_start,11000,431,-0.970726833102102
ambtemp_start,11000,432,-0.868986294028158
ambtemp_start,11000,433,-0.546843275782461
ambtemp_start,11000,434,-0.571091577765341
ambtemp_start,11000,435,-1.28244982695281
ambtemp_start,11000,436,-1.57852171396911
ambtemp_start,11000,437,-1.81929753756225
ambtemp_start,11000,438,-1.01273052429854
ambtemp_start,11000,439,-0.330865010973806
ambtemp_start,11000,440,-0.18832051044404
ambtemp_start,11000,441,-0.32802848553359
ambtemp_start,11000,442,-0.789274320361013
ambtemp_start,11000,443,-1.0112205002278
ambtemp_start,11000,444,-1.47673414683043
ambtemp_start,11000,445,-0.754992291685934
ambtemp_start,11000,446,-0.0203431028693865
ambtemp_start,11000,447,0.340343221667414
ambtemp_start,11000,448,-0.154205114004011
ambtemp_start,11000,449,-0.951647505518789
ambtemp_start,11000,450,-1.84712313151061
ambtemp_start,11000,451,-1.83590279555022
ambtemp_start,11000,452,-1.69393514132201
ambtemp_start,11000,453,-1.51584921812713
ambtemp_start,11000,454,-1.18571673369109
ambtemp_start,11000,455,-0.23579138552844
ambtemp_start,11000,456,0.169370859506731
ambtemp_start,11000,457,0.795084967854624
ambtemp_start,11000,458,0.502575233224039
ambtemp_start,11000,459,0.487814262154703
ambtemp_start,11000,460,-0.0797069206654976
ambtemp_start,11000,461,-0.544528529402609
ambtemp_start,11000,462,-1.17705939745605
ambtemp_start,11000,463,-1.09482692217528
ambtemp_start,11000,464,-1.26017127966582
ambtemp_start,11000,465,-1.77127812838256
ambtemp_start,11000,466,-2.48080550169646
ambtemp_start,11000,467,-2.1119154546231
ambtemp_start,11000,468,-1.74094282126128
ambtemp_start,11000,469,-1.7659088227719
ambtemp_start,11000,470,-1.85108028387725
ambtemp_start,11000,471,0.103030413034563
ambtemp_start,11000,472,0.613102867844706
ambtemp_start,11000,473,0.558557167294626
ambtemp_start,11000,474,0.206302448752527
ambtemp_start,11000,475,0.0655869540005972
ambtemp_start,11000,476,0.775247707608347
ambtemp_start,11000,477,0.422644629719858
ambtemp_start,11000,478,-0.315389767643804
ambtemp_start,11000,479,-0.739488050696249
ambtemp_start,11000,480,-1.21587620711028
ambtemp_start,11000,481,-1.23381422495543
ambtemp_start,11000,482,-1.4649872634381
ambtemp_start,11000,483,-1.37324105238616
ambtemp_start,11000,484,-1.70890520548522
ambtemp_start,11000,485,-1.3150529715985
ambtemp_start,11000,486,-1.65247796511352
ambtemp_start,11000,487,-1.80161212420165
ambtemp_start,11000,488,-2.06898365950286
ambtemp_start,11000,489,-2.29334627127349
ambtemp_start,11000,490,-0.88353328442275
ambtemp_start,11000,491,0.782453313115244
ambtemp_start,11000,492,1.00073136353791
ambtemp_start,11000,493,1.30340613389314
ambtemp_start,11000,494,1.37589158082307
ambtemp_start,11000,495,1.20029164815248
ambtemp_start,11000,496,1.31287695432008
ambtemp_start,11000,497,1.45092011952699
ambtemp_start,11000,498,0.501244559529429
ambtemp_start,11000,499,0.0283233221799185
ambtemp_start,11000,500,-0.0965957421630572
ambtemp_start,11000,501,-1.17408262228667
ambtemp_start,11000,502,-1.75174234842956
ambtemp_start,11000,503,-1.70917879080474
ambtemp_start,11000,504,-1.91829215025603
ambtemp_start,11000,505,-1.86652885412871
ambtemp_start,11000,506,-1.9024268243283
ambtemp_start,11000,507,-2.51657711004912
ambtemp_start,11000,508,-2.68643961882293
ambtemp_start,11000,509,-2.02325795626342
ambtemp_start,11000,510,-1.61274097895324
ambtemp_start,11000,511,-1.73093269800841
ambtemp_start,11000,512,-1.95744095778167
ambtemp_start,11000,513,-2.16016088461577
ambtemp_start,11000,514,-2.11330877279937
ambtemp_start,11000,515,-0.494703784939642
ambtemp_start,11000,516,1.02019573712647
ambtemp_start,11000,517,2.14541830087007
ambtemp_start,11000,518,1.73566473985017
ambtemp_start,11000,519,1.1792644407779
ambtemp_start,11000,520,1.33074654603303
ambtemp_start,11000,521,0.641060545685892
ambtemp_start,11000,522,-0.871903702971334
ambtemp_start,11000,523,-0.586232886072988
ambtemp_start,11000,524,-0.819165572878713
ambtemp_start,11000,525,-0.821673736330862
ambtemp_start,11000,526,-1.38408337568938
ambtemp_start,11000,527,-1.1010911319226
ambtemp_start,11000,528,-1.09790442919433
ambtemp_start,11000,529,-1.46626280283629
ambtemp_start,11000,530,-1.66852460837066
ambtemp_start,11000,531,-1.92624805903136
ambtemp_start,11000,532,-2.15222989058196
ambtemp_start,11000,533,-1.54484961962401
ambtemp_start,11000,534,-1.20955704188048
ambtemp_start,11000,535,-1.68363295530974
ambtemp_start,11000,536,-1.38071988558471
ambtemp_start,11000,537,-1.98392246699035
ambtemp_start,11000,538,-2.76953397726714
ambtemp_start,11000,539,-3.04235206579864
ambtemp_start,11000,540,-2.63929949736297
ambtemp_start,11000,541,-2.60212479567229
ambtemp_start,11000,542,-2.51010380720794
ambtemp_start,11000,543,-2.22860179876983
ambtemp_start,11000,544,-2.3131295297116
ambtemp_start,11000,545,-2.15180002188384
ambtemp_start,11000,546,-2.05875240301787
ambtemp_start,11000,547,-2.58792720770537
ambtemp_start,11000,548,-2.30566655134856
ambtemp_start,11000,549,-2.16145120596587
ambtemp_start,11000,550,-2.35758720373809
ambtemp_start,11000,551,-2.41281615233123
ambtemp_start,11000,552,-2.27517662977874
ambtemp_start,11000,553,-0.94409476256072
ambtemp_start,11000,554,0.142505183461313
ambtemp_start,11000,555,0.553079679253702
ambtemp_start,11000,556,0.0621788200169851
ambtemp_start,11000,557,-0.865962550398703
ambtemp_start,11000,558,-1.25196860766112
ambtemp_start,11000,559,-1.46686731314361
ambtemp_start,11000,560,-1.70699809527099
ambtemp_start,11000,561,-2.00500594114959
ambtemp_start,11000,562,-1.95014475321471
ambtemp_start,11000,563,-2.01729916071593
ambtemp_start,11000,564,-2.37282048201262
ambtemp_start,11000,565,-2.81648741697967
ambtemp_start,11000,566,-1.97761617636382
ambtemp_start,11000,567,-1.93137465452849
ambtemp_start,11000,568,-2.2061263177365
ambtemp_start,11000,569,-2.31910143828093
ambtemp_start,11000,570,-2.14848266577422
ambtemp_start,11000,571,-2.40246664023101
ambtemp_start,11000,572,-2.00596307253539
ambtemp_start,11000,573,-2.31655488943755
ambtemp_start,11000,574,-2.10387645697295
ambtemp_start,11000,575,-2.24475489592254
ambtemp_start,11000,576,-2.27586852049529
ambtemp_start,11000,577,-2.29355584120452
ambtemp_start,11000,578,-2.22352658247649
ambtemp_start,11000,579,-0.0980463441282461
ambtemp_start,11000,580,1.58365334534944
ambtemp_start,11000,581,1.70214189553559
ambtemp_start,11000,582,1.90048290753663
ambtemp_start,11000,583,2.35012234711946
ambtemp_start,11000,584,1.78168405556977
ambtemp_start,11000,585,2.0843907740146
ambtemp_start,11000,586,1.50467456841767
ambtemp_start,11000,587,1.15663041138947
ambtemp_start,11000,588,1.01727773213685
ambtemp_start,11000,589,0.374313220027094
ambtemp_start,11000,590,0.179513245466356
ambtemp_start,11000,591,0.717826798203592
ambtemp_start,11000,592,0.672646715882425
ambtemp_start,11000,593,0.379916235449915
ambtemp_start,11000,594,-0.357708648201818
ambtemp_start,11000,595,-1.00966076588332
ambtemp_start,11000,596,-0.576831564661856
ambtemp_start,11000,597,-0.552721694466467
ambtemp_start,11000,598,-0.614567742106314
ambtemp_start,11000,599,-0.660229251143331
ambtemp_start,11000,600,-0.70396934485137
