mouse,geno,cond,dur_s,start_s,src_file
mouse?,GENO?,unknown,36,63,20251007_ambtemp_mouse4_WT_scored_scores_1Hz.csv
mouse?,GENO?,unknown,72,136,20251007_ambtemp_mouse4_WT_scored_scores_1Hz.csv
mouse?,GENO?,unknown,88,290,20251007_ambtemp_mouse4_WT_scored_scores_1Hz.csv
mouse?,GENO?,unknown,184,305,20251012_baseline_mouse12_WT_scored_scores_1Hz.csv
mouse?,GENO?,unknown,188,378,20251007_baseline_mouse10_APP_scored_scores_1Hz.csv
mouse?,GENO?,unknown,26,407,20251011_baseline_mouse3_APP_scored_scores_1Hz.csv
mouse?,GENO?,unknown,17,553,20251001_baseline_mouse1_APP_scored_scores_1Hz.csv
mouse?,GENO?,unknown,17,630,20251001_baseline_mouse1_APP_scored_scores_1Hz.csv
mouse?,GENO?,unknown,56,681,20251007_ambtemp_mouse4_WT_scored_scores_1Hz.csv
mouse?,GENO?,unknown,37,726,20251005_baseline_mouse8_WT_scored_scores_1Hz.csv
mouse?,GENO?,unknown,95,734,20251014_ambtemp_mouse11_WT_scored_scores_1Hz.csv
mouse?,GENO?,unknown,18,826,20251001_baseline_mouse1_APP_scored_scores_1Hz.csv
mouse?,GENO?,unknown,64,894,20251005_baseline_mouse8_WT_scored_scores_1Hz.csv
mouse?,GENO?,unknown,241,936,20251007_ambtemp_mouse4_WT_scored_scores_1Hz.csv
mouse?,GENO?,unknown,32,973,20251022_drugs_mouse2_WT_scored_scores_1Hz.csv
mouse?,GENO?,unknown,45,1017,20251011_baseline_mouse3_APP_scored_scores_1Hz.csv
mouse?,GENO?,unknown,16,1085,20251007_baseline_mouse10_APP_scored_scores_1Hz.csv
mouse?,GENO?,unknown,61,1100,20251009_ambtemp_mouse3_APP_scored_scores_1Hz.csv
mouse?,GENO?,unknown,77,1157,20251012_baseline_mouse12_WT_scored_scores_1Hz.csv
mouse?,GENO?,unknown,39,1337,20251011_baseline_mouse3_APP_scored_scores_1Hz.csv
mouse?,GENO?,unknown,216,1426,20251007_baseline_mouse10_APP_scored_scores_1Hz.csv
mouse?,GENO?,unknown,36,1444,20251003_ambtemp_mouse1_APP_scored_scores_1Hz.csv
mouse?,GENO?,unknown,83,1458,20251022_drugs_mouse2_WT_scored_scores_1Hz.csv
mouse?,GENO?,unknown,47,1641,20251011_baseline_mouse3_APP_scored_scores_1Hz.csv
mouse?,GENO?,unknown,167,1763,20251012_baseline_mouse12_WT_scored_scores_1Hz.csv
mouse?,GENO?,unknown,37,1852,20251022_drugs_mouse2_WT_scored_scores_1Hz.csv
mouse?,GENO?,unknown,31,2126,20251005_baseline_mouse8_WT_scored_scores_1Hz.csv
mouse?,GENO?,unknown,23,2127,20251006_baseline_mouse4_WT_scored_scores_1Hz.csv
mouse?,GENO?,unknown,69,2250,20251009_ambtemp_mouse3_APP_scored_scores_1Hz.csv
mouse?,GENO?,unknown,86,2341,20251007_ambtemp_mouse4_WT_scored_scores_1Hz.csv
mouse?,GENO?,unknown,41,2395,20251006_baseline_mouse4_WT_scored_scores_1Hz.csv
mouse?,GENO?,unknown,64,2421,20251011_baseline_mouse3_APP_scored_scores_1Hz.csv
mouse?,GENO?,unknown,112,2437,20251025_ambtemp_mouse12_WT_scored_scores_1Hz.csv
mouse?,GENO?,unknown,21,2473,20251012_ambtemp_mouse8_WT_scored_scores_1Hz.csv
mouse?,GENO?,unknown,82,2485,20251022_drugs_mouse2_WT_scored_scores_1Hz.csv
mouse?,GENO?,unknown,34,2642,20251001_baseline_mouse1_APP_scored_scores_1Hz.csv
mouse?,GENO?,unknown,19,2683,20251005_baseline_mouse8_WT_scored_scores_1Hz.csv
mouse?,GENO?,unknown,16,2703,20251011_baseline_mouse3_APP_scored_scores_1Hz.csv
mouse?,GENO?,unknown,14,2818,20251009_ambtemp_mouse3_APP_scored_scores_1Hz.csv
mouse?,GENO?,unknown,115,2851,20251012_ambtemp_mouse8_WT_scored_scores_1Hz.csv
mouse?,GENO?,unknown,84,2991,20251011_baseline_mouse3_APP_scored_scores_1Hz.csv
mouse?,GENO?,unknown,76,3088,20251012_baseline_mouse12_WT_scored_scores_1Hz.csv
mouse?,GENO?,unknown,77,3205,20251007_ambtemp_mouse4_WT_scored_scores_1Hz.csv
mouse?,GENO?,unknown,9,3208,20251023_drugs_mouse3_APP_scored_scores_1Hz.csv
mouse?,GENO?,unknown,21,3232,20251014_ambtemp_mouse11_WT_scored_scores_1Hz.csv
mouse?,GENO?,unknown,157,3243,20251006_baseline_mouse4_WT_scored_scores_1Hz.csv
mouse?,GENO?,unknown,145,3322,20251024_drugs_mouse11_WT_scored_scores_1Hz.csv
mouse?,GENO?,unknown,175,3363,20251011_baseline_mouse3_APP_scored_scores_1Hz.csv
mouse?,GENO?,unknown,28,3413,20251009_ambtemp_mouse3_APP_scored_scores_1Hz.csv
mouse?,GENO?,unknown,25,3415,20251007_ambtemp_mouse4_WT_scored_scores_1Hz.csv
mouse?,GENO?,unknown,90,3420,20251014_ambtemp_mouse11_WT_scored_scores_1Hz.csv
mouse?,GENO?,unknown,48,3453,20251012_ambtemp_mouse8_WT_scored_scores_1Hz.csv
mouse?,GENO?,unknown,74,3487,20251012_baseline_mouse12_WT_scored_scores_1Hz.csv
mouse?,GENO?,unknown,195,3559,20251007_ambtemp_mouse4_WT_scored_scores_1Hz.csv
mouse?,GENO?,unknown,131,3761,20251001_baseline_mouse1_APP_scored_scores_1Hz.csv
mouse?,GENO?,unknown,19,3848,20251009_ambtemp_mouse3_APP_scored_scores_1Hz.csv
mouse?,GENO?,unknown,76,3894,20251012_baseline_mouse12_WT_scored_scores_1Hz.csv
mouse?,GENO?,unknown,124,3894,20251026_drugs_mouse12_WT_scored_scores_1Hz.csv
mouse?,GENO?,unknown,84,3987,20251013_ambtemp_mouse2_WT_scored_scores_1Hz.csv
mouse?,GENO?,unknown,52,4036,20251011_baseline_mouse3_APP_scored_scores_1Hz.csv
mouse?,GENO?,unknown,275,4046,20251009_ambtemp_mouse3_APP_scored_scores_1Hz.csv
mouse?,GENO?,unknown,82,4118,20251012_ambtemp_mouse8_WT_scored_scores_1Hz.csv
mouse?,GENO?,unknown,63,4142,20251007_baseline_mouse10_APP_scored_scores_1Hz.csv
mouse?,GENO?,unknown,82,4227,20251006_baseline_mouse4_WT_scored_scores_1Hz.csv
mouse?,GENO?,unknown,97,4406,20251014_ambtemp_mouse11_WT_scored_scores_1Hz.csv
mouse?,GENO?,unknown,12,4478,20251002_baseline_mouse2_WT_scored_scores_1Hz.csv
mouse?,GENO?,unknown,37,4507,20251007_baseline_mouse10_APP_scored_scores_1Hz.csv
mouse?,GENO?,unknown,140,4510,20251012_baseline_mouse12_WT_scored_scores_1Hz.csv
mouse?,GENO?,unknown,59,4515,20251001_baseline_mouse1_APP_scored_scores_1Hz.csv
mouse?,GENO?,unknown,30,4571,20251022_drugs_mouse2_WT_scored_scores_1Hz.csv
mouse?,GENO?,unknown,41,4575,20251022_drugs_mouse4_WT_scored_scores_1Hz.csv
mouse?,GENO?,unknown,36,4593,20251003_ambtemp_mouse1_APP_scored_scores_1Hz.csv
mouse?,GENO?,unknown,90,4617,20251005_baseline_mouse8_WT_scored_scores_1Hz.csv
mouse?,GENO?,unknown,44,4692,20251013_ambtemp_mouse2_WT_scored_scores_1Hz.csv
mouse?,GENO?,unknown,260,4701,20251012_ambtemp_mouse8_WT_scored_scores_1Hz.csv
mouse?,GENO?,unknown,42,4756,20251002_baseline_mouse2_WT_scored_scores_1Hz.csv
mouse?,GENO?,unknown,142,4773,20251026_drugs_mouse12_WT_scored_scores_1Hz.csv
mouse?,GENO?,unknown,49,4854,20251008_ambtemp_mouse10_APP_scored_scores_1Hz.csv
mouse?,GENO?,unknown,55,4890,20251025_ambtemp_mouse12_WT_scored_scores_1Hz.csv
mouse?,GENO?,unknown,75,4922,20251023_drugs_mouse3_APP_scored_scores_1Hz.csv
mouse?,GENO?,unknown,157,4938,20251007_baseline_mouse10_APP_scored_scores_1Hz.csv
mouse?,GENO?,unknown,89,4943,20251001_baseline_mouse1_APP_scored_scores_1Hz.csv
mouse?,GENO?,unknown,43,5042,20251009_ambtemp_mouse3_APP_scored_scores_1Hz.csv
mouse?,GENO?,unknown,45,5197,20251001_baseline_mouse1_APP_scored_scores_1Hz.csv
mouse?,GENO?,unknown,59,5200,20251002_baseline_mouse2_WT_scored_scores_1Hz.csv
mouse?,GENO?,unknown,112,5204,20251006_baseline_mouse4_WT_scored_scores_1Hz.csv
mouse?,GENO?,unknown,93,5249,20251022_drugs_mouse4_WT_scored_scores_1Hz.csv
mouse?,GENO?,unknown,42,5252,20251008_ambtemp_mouse10_APP_scored_scores_1Hz.csv
mouse?,GENO?,unknown,96,5283,20251025_ambtemp_mouse12_WT_scored_scores_1Hz.csv
mouse?,GENO?,unknown,64,5324,20251013_ambtemp_mouse2_WT_scored_scores_1Hz.csv
mouse?,GENO?,unknown,32,5385,20251026_drugs_mouse12_WT_scored_scores_1Hz.csv
mouse?,GENO?,unknown,52,5405,20251007_ambtemp_mouse4_WT_scored_scores_1Hz.csv
mouse?,GENO?,unknown,70,5511,20251023_drugs_mouse3_APP_scored_scores_1Hz.csv
mouse?,GENO?,unknown,122,5581,20251002_baseline_mouse2_WT_scored_scores_1Hz.csv
mouse?,GENO?,unknown,65,5587,20251003_ambtemp_mouse1_APP_scored_scores_1Hz.csv
mouse?,GENO?,unknown,34,5606,20251022_drugs_mouse1_APP_scored_scores_1Hz.csv
mouse?,GENO?,unknown,34,5622,20251024_drugs_mouse10_APP_scored_scores_1Hz.csv
mouse?,GENO?,unknown,48,5660,20251009_ambtemp_mouse3_APP_scored_scores_1Hz.csv
mouse?,GENO?,unknown,80,5705,20251012_baseline_mouse12_WT_scored_scores_1Hz.csv
mouse?,GENO?,unknown,173,5721,20251007_baseline_mouse10_APP_scored_scores_1Hz.csv
mouse?,GENO?,unknown,220,5745,20251005_baseline_mouse8_WT_scored_scores_1Hz.csv
mouse?,GENO?,unknown,93,5758,20251026_drugs_mouse12_WT_scored_scores_1Hz.csv
mouse?,GENO?,unknown,37,5764,20251014_ambtemp_mouse11_WT_scored_scores_1Hz.csv
mouse?,GENO?,unknown,115,5774,20251007_ambtemp_mouse4_WT_scored_scores_1Hz.csv
mouse?,GENO?,unknown,83,5781,20251006_baseline_mouse4_WT_scored_scores_1Hz.csv
mouse?,GENO?,unknown,181,5847,20251012_ambtemp_mouse8_WT_scored_scores_1Hz.csv
mouse?,GENO?,unknown,24,5855,20251013_ambtemp_mouse2_WT_scored_scores_1Hz.csv
mouse?,GENO?,unknown,123,5867,20251025_ambtemp_mouse12_WT_scored_scores_1Hz.csv
mouse?,GENO?,unknown,35,5949,20251003_ambtemp_mouse1_APP_scored_scores_1Hz.csv
mouse?,GENO?,unknown,22,5992,20251024_drugs_mouse10_APP_scored_scores_1Hz.csv
mouse?,GENO?,unknown,133,6056,20251009_ambtemp_mouse3_APP_scored_scores_1Hz.csv
mouse?,GENO?,unknown,30,6078,20251012_baseline_mouse12_WT_scored_scores_1Hz.csv
mouse?,GENO?,unknown,179,6108,20251006_baseline_mouse4_WT_scored_scores_1Hz.csv
mouse?,GENO?,unknown,142,6135,20251026_drugs_mouse12_WT_scored_scores_1Hz.csv
mouse?,GENO?,unknown,68,6144,20251024_drugs_mouse10_APP_scored_scores_1Hz.csv
mouse?,GENO?,unknown,32,6159,20251011_baseline_mouse3_APP_scored_scores_1Hz.csv
mouse?,GENO?,unknown,65,6234,20251012_baseline_mouse12_WT_scored_scores_1Hz.csv
mouse?,GENO?,unknown,55,6293,20251001_baseline_mouse1_APP_scored_scores_1Hz.csv
mouse?,GENO?,unknown,79,6347,20251022_drugs_mouse2_WT_scored_scores_1Hz.csv
mouse?,GENO?,unknown,41,6394,20251002_baseline_mouse2_WT_scored_scores_1Hz.csv
mouse?,GENO?,unknown,146,6477,20251007_ambtemp_mouse4_WT_scored_scores_1Hz.csv
mouse?,GENO?,unknown,50,6477,20251012_baseline_mouse12_WT_scored_scores_1Hz.csv
mouse?,GENO?,unknown,158,6531,20251024_drugs_mouse11_WT_scored_scores_1Hz.csv
mouse?,GENO?,unknown,60,6548,20251011_baseline_mouse3_APP_scored_scores_1Hz.csv
mouse?,GENO?,unknown,127,6602,20251023_drugs_mouse3_APP_scored_scores_1Hz.csv
mouse?,GENO?,unknown,33,6634,20251013_ambtemp_mouse2_WT_scored_scores_1Hz.csv
mouse?,GENO?,unknown,46,6678,20251012_ambtemp_mouse8_WT_scored_scores_1Hz.csv
mouse?,GENO?,unknown,126,6725,20251022_drugs_mouse2_WT_scored_scores_1Hz.csv
mouse?,GENO?,unknown,22,6787,20251003_ambtemp_mouse1_APP_scored_scores_1Hz.csv
mouse?,GENO?,unknown,113,6814,20251007_baseline_mouse10_APP_scored_scores_1Hz.csv
mouse?,GENO?,unknown,226,6823,20251001_baseline_mouse1_APP_scored_scores_1Hz.csv
mouse?,GENO?,unknown,118,6896,20251025_ambtemp_mouse12_WT_scored_scores_1Hz.csv
mouse?,GENO?,unknown,34,6906,20251013_baseline_mouse11_WT_scored_scores_1Hz.csv
mouse?,GENO?,unknown,29,6928,20251008_ambtemp_mouse10_APP_scored_scores_1Hz.csv
mouse?,GENO?,unknown,36,6939,20251024_drugs_mouse10_APP_scored_scores_1Hz.csv
mouse?,GENO?,unknown,40,6998,20251013_ambtemp_mouse2_WT_scored_scores_1Hz.csv
mouse?,GENO?,unknown,136,7102,20251011_baseline_mouse3_APP_scored_scores_1Hz.csv
mouse?,GENO?,unknown,127,7123,20251022_drugs_mouse4_WT_scored_scores_1Hz.csv
mouse?,GENO?,unknown,61,7268,20251006_baseline_mouse4_WT_scored_scores_1Hz.csv
mouse?,GENO?,unknown,121,7313,20251009_ambtemp_mouse3_APP_scored_scores_1Hz.csv
mouse?,GENO?,unknown,78,7399,20251008_ambtemp_mouse10_APP_scored_scores_1Hz.csv
mouse?,GENO?,unknown,178,7431,20251024_drugs_mouse10_APP_scored_scores_1Hz.csv
mouse?,GENO?,unknown,57,7476,20251014_ambtemp_mouse11_WT_scored_scores_1Hz.csv
mouse?,GENO?,unknown,31,7505,20251001_baseline_mouse1_APP_scored_scores_1Hz.csv
mouse?,GENO?,unknown,48,7546,20251022_drugs_mouse1_APP_scored_scores_1Hz.csv
mouse?,GENO?,unknown,100,7571,20251026_drugs_mouse12_WT_scored_scores_1Hz.csv
mouse?,GENO?,unknown,69,7603,20251007_baseline_mouse10_APP_scored_scores_1Hz.csv
mouse?,GENO?,unknown,34,7664,20251013_ambtemp_mouse2_WT_scored_scores_1Hz.csv
mouse?,GENO?,unknown,67,7701,20251013_baseline_mouse11_WT_scored_scores_1Hz.csv
mouse?,GENO?,unknown,46,7726,20251023_drugs_mouse3_APP_scored_scores_1Hz.csv
mouse?,GENO?,unknown,33,7772,20251014_ambtemp_mouse11_WT_scored_scores_1Hz.csv
mouse?,GENO?,unknown,57,7896,20251011_baseline_mouse3_APP_scored_scores_1Hz.csv
mouse?,GENO?,unknown,61,7923,20251013_ambtemp_mouse2_WT_scored_scores_1Hz.csv
mouse?,GENO?,unknown,181,7927,20251007_ambtemp_mouse4_WT_scored_scores_1Hz.csv
mouse?,GENO?,unknown,90,7998,20251023_drugs_mouse3_APP_scored_scores_1Hz.csv
mouse?,GENO?,unknown,137,7999,20251022_drugs_mouse2_WT_scored_scores_1Hz.csv
mouse?,GENO?,unknown,49,8006,20251005_baseline_mouse8_WT_scored_scores_1Hz.csv
mouse?,GENO?,unknown,40,8052,20251011_baseline_mouse3_APP_scored_scores_1Hz.csv
mouse?,GENO?,unknown,87,8057,20251009_ambtemp_mouse3_APP_scored_scores_1Hz.csv
mouse?,GENO?,unknown,91,8063,20251007_baseline_mouse10_APP_scored_scores_1Hz.csv
mouse?,GENO?,unknown,235,8116,20251013_ambtemp_mouse2_WT_scored_scores_1Hz.csv
mouse?,GENO?,unknown,56,8217,20251022_drugs_mouse1_APP_scored_scores_1Hz.csv
mouse?,GENO?,unknown,191,8266,20251014_ambtemp_mouse11_WT_scored_scores_1Hz.csv
mouse?,GENO?,unknown,52,8277,20251011_baseline_mouse3_APP_scored_scores_1Hz.csv
mouse?,GENO?,unknown,204,8279,20251026_drugs_mouse12_WT_scored_scores_1Hz.csv
mouse?,GENO?,unknown,46,8374,20251006_baseline_mouse4_WT_scored_scores_1Hz.csv
mouse?,GENO?,unknown,142,8479,20251025_ambtemp_mouse12_WT_scored_scores_1Hz.csv
mouse?,GENO?,unknown,50,8494,20251007_baseline_mouse10_APP_scored_scores_1Hz.csv
mouse?,GENO?,unknown,53,8500,20251013_baseline_mouse11_WT_scored_scores_1Hz.csv
mouse?,GENO?,unknown,9,8542,20251001_baseline_mouse1_APP_scored_scores_1Hz.csv
mouse?,GENO?,unknown,93,8712,20251022_drugs_mouse1_APP_scored_scores_1Hz.csv
mouse?,GENO?,unknown,40,8725,20251011_baseline_mouse3_APP_scored_scores_1Hz.csv
mouse?,GENO?,unknown,34,8739,20251007_baseline_mouse10_APP_scored_scores_1Hz.csv
mouse?,GENO?,unknown,60,8756,20251006_baseline_mouse4_WT_scored_scores_1Hz.csv
mouse?,GENO?,unknown,23,8798,20251001_baseline_mouse1_APP_scored_scores_1Hz.csv
mouse?,GENO?,unknown,59,8820,20251022_drugs_mouse2_WT_scored_scores_1Hz.csv
mouse?,GENO?,unknown,81,8856,20251012_ambtemp_mouse8_WT_scored_scores_1Hz.csv
mouse?,GENO?,unknown,80,8884,20251001_baseline_mouse1_APP_scored_scores_1Hz.csv
mouse?,GENO?,unknown,173,8885,20251005_baseline_mouse8_WT_scored_scores_1Hz.csv
mouse?,GENO?,unknown,44,8953,20251013_baseline_mouse11_WT_scored_scores_1Hz.csv
mouse?,GENO?,unknown,36,9023,20251014_ambtemp_mouse11_WT_scored_scores_1Hz.csv
mouse?,GENO?,unknown,92,9068,20251002_baseline_mouse2_WT_scored_scores_1Hz.csv
mouse?,GENO?,unknown,64,9068,20251011_baseline_mouse3_APP_scored_scores_1Hz.csv
mouse?,GENO?,unknown,43,9090,20251006_baseline_mouse4_WT_scored_scores_1Hz.csv
mouse?,GENO?,unknown,116,9127,20251013_baseline_mouse11_WT_scored_scores_1Hz.csv
mouse?,GENO?,unknown,55,9137,20251003_ambtemp_mouse1_APP_scored_scores_1Hz.csv
mouse?,GENO?,unknown,21,9165,20251012_ambtemp_mouse8_WT_scored_scores_1Hz.csv
mouse?,GENO?,unknown,19,9208,20251007_ambtemp_mouse4_WT_scored_scores_1Hz.csv
mouse?,GENO?,unknown,184,9212,20251025_ambtemp_mouse12_WT_scored_scores_1Hz.csv
mouse?,GENO?,unknown,56,9236,20251014_ambtemp_mouse11_WT_scored_scores_1Hz.csv
mouse?,GENO?,unknown,72,9238,20251026_drugs_mouse12_WT_scored_scores_1Hz.csv
mouse?,GENO?,unknown,56,9284,20251022_drugs_mouse1_APP_scored_scores_1Hz.csv
mouse?,GENO?,unknown,172,9382,20251006_baseline_mouse4_WT_scored_scores_1Hz.csv
mouse?,GENO?,unknown,32,9398,20251013_ambtemp_mouse2_WT_scored_scores_1Hz.csv
mouse?,GENO?,unknown,41,9409,20251001_baseline_mouse1_APP_scored_scores_1Hz.csv
mouse?,GENO?,unknown,90,9439,20251012_ambtemp_mouse8_WT_scored_scores_1Hz.csv
mouse?,GENO?,unknown,225,9459,20251022_drugs_mouse1_APP_scored_scores_1Hz.csv
mouse?,GENO?,unknown,223,9475,20251014_ambtemp_mouse11_WT_scored_scores_1Hz.csv
mouse?,GENO?,unknown,74,9494,20251009_ambtemp_mouse3_APP_scored_scores_1Hz.csv
mouse?,GENO?,unknown,123,9550,20251007_ambtemp_mouse4_WT_scored_scores_1Hz.csv
mouse?,GENO?,unknown,251,9561,20251002_baseline_mouse2_WT_scored_scores_1Hz.csv
mouse?,GENO?,unknown,83,9605,20251022_drugs_mouse2_WT_scored_scores_1Hz.csv
mouse?,GENO?,unknown,31,9647,20251024_drugs_mouse10_APP_scored_scores_1Hz.csv
mouse?,GENO?,unknown,43,9694,20251013_baseline_mouse11_WT_scored_scores_1Hz.csv
mouse?,GENO?,unknown,58,9704,20251011_baseline_mouse3_APP_scored_scores_1Hz.csv
mouse?,GENO?,unknown,63,9740,20251024_drugs_mouse10_APP_scored_scores_1Hz.csv
mouse?,GENO?,unknown,71,9770,20251008_ambtemp_mouse10_APP_scored_scores_1Hz.csv
mouse?,GENO?,unknown,55,9797,20251026_drugs_mouse12_WT_scored_scores_1Hz.csv
mouse?,GENO?,unknown,58,9871,20251001_baseline_mouse1_APP_scored_scores_1Hz.csv
mouse?,GENO?,unknown,64,9954,20251003_ambtemp_mouse1_APP_scored_scores_1Hz.csv
mouse?,GENO?,unknown,71,10258,20251022_drugs_mouse2_WT_scored_scores_1Hz.csv
mouse?,GENO?,unknown,126,10277,20251024_drugs_mouse10_APP_scored_scores_1Hz.csv
mouse?,GENO?,unknown,72,10326,20251025_ambtemp_mouse12_WT_scored_scores_1Hz.csv
mouse?,GENO?,unknown,38,10331,20251008_ambtemp_mouse10_APP_scored_scores_1Hz.csv
mouse?,GENO?,unknown,86,10358,20251022_drugs_mouse1_APP_scored_scores_1Hz.csv
mouse?,GENO?,unknown,163,10382,20251007_ambtemp_mouse4_WT_scored_scores_1Hz.csv
mouse?,GENO?,unknown,55,10496,20251006_baseline_mouse4_WT_scored_scores_1Hz.csv
mouse?,GENO?,unknown,90,10519,20251008_ambtemp_mouse10_APP_scored_scores_1Hz.csv
mouse?,GENO?,unknown,67,10536,20251011_baseline_mouse3_APP_scored_scores_1Hz.csv
mouse?,GENO?,unknown,111,10554,20251026_drugs_mouse12_WT_scored_scores_1Hz.csv
mouse?,GENO?,unknown,70,10562,20251022_drugs_mouse2_WT_scored_scores_1Hz.csv
mouse?,GENO?,unknown,119,10567,20251025_ambtemp_mouse12_WT_scored_scores_1Hz.csv
mouse?,GENO?,unknown,79,10615,20251001_baseline_mouse1_APP_scored_scores_1Hz.csv
mouse?,GENO?,unknown,66,10774,20251003_ambtemp_mouse1_APP_scored_scores_1Hz.csv
mouse?,GENO?,unknown,162,10790,20251024_drugs_mouse10_APP_scored_scores_1Hz.csv
mouse?,GENO?,unknown,63,10815,20251009_ambtemp_mouse3_APP_scored_scores_1Hz.csv
mouse?,GENO?,unknown,234,10835,20251011_baseline_mouse3_APP_scored_scores_1Hz.csv
mouse?,GENO?,unknown,55,10860,20251022_drugs_mouse1_APP_scored_scores_1Hz.csv
mouse?,GENO?,unknown,24,10899,20251006_baseline_mouse4_WT_scored_scores_1Hz.csv
mouse?,GENO?,unknown,38,10904,20251008_ambtemp_mouse10_APP_scored_scores_1Hz.csv
mouse?,GENO?,unknown,120,10947,20251012_ambtemp_mouse8_WT_scored_scores_1Hz.csv
mouse?,GENO?,unknown,131,11023,20251001_baseline_mouse1_APP_scored_scores_1Hz.csv
mouse?,GENO?,unknown,117,11032,20251012_baseline_mouse12_WT_scored_scores_1Hz.csv
mouse?,GENO?,unknown,37,11035,20251007_baseline_mouse10_APP_scored_scores_1Hz.csv
mouse?,GENO?,unknown,169,11065,20251003_ambtemp_mouse1_APP_scored_scores_1Hz.csv
mouse?,GENO?,unknown,61,11134,20251024_drugs_mouse11_WT_scored_scores_1Hz.csv
mouse?,GENO?,unknown,57,11136,20251006_baseline_mouse4_WT_scored_scores_1Hz.csv
mouse?,GENO?,unknown,121,11137,20251026_drugs_mouse12_WT_scored_scores_1Hz.csv
mouse?,GENO?,unknown,35,11213,20251009_ambtemp_mouse3_APP_scored_scores_1Hz.csv
mouse?,GENO?,unknown,84,11240,20251022_drugs_mouse2_WT_scored_scores_1Hz.csv
mouse?,GENO?,unknown,32,11248,20251024_drugs_mouse10_APP_scored_scores_1Hz.csv
mouse?,GENO?,unknown,39,11282,20251002_baseline_mouse2_WT_scored_scores_1Hz.csv
mouse?,GENO?,unknown,234,11371,20251008_ambtemp_mouse10_APP_scored_scores_1Hz.csv
mouse?,GENO?,unknown,140,11421,20251007_baseline_mouse10_APP_scored_scores_1Hz.csv
mouse?,GENO?,unknown,47,11486,20251002_baseline_mouse2_WT_scored_scores_1Hz.csv
mouse?,GENO?,unknown,96,11490,20251012_baseline_mouse12_WT_scored_scores_1Hz.csv
mouse?,GENO?,unknown,175,11590,20251009_ambtemp_mouse3_APP_scored_scores_1Hz.csv
mouse?,GENO?,unknown,103,11644,20251002_baseline_mouse2_WT_scored_scores_1Hz.csv
mouse?,GENO?,unknown,197,11691,20251012_ambtemp_mouse8_WT_scored_scores_1Hz.csv
mouse?,GENO?,unknown,75,11699,20251001_baseline_mouse1_APP_scored_scores_1Hz.csv
mouse?,GENO?,unknown,187,11719,20251024_drugs_mouse11_WT_scored_scores_1Hz.csv
mouse?,GENO?,unknown,113,11728,20251003_ambtemp_mouse1_APP_scored_scores_1Hz.csv
mouse?,GENO?,unknown,123,11820,20251025_ambtemp_mouse12_WT_scored_scores_1Hz.csv
mouse?,GENO?,unknown,66,11909,20251011_baseline_mouse3_APP_scored_scores_1Hz.csv
mouse?,GENO?,unknown,61,11952,20251007_baseline_mouse10_APP_scored_scores_1Hz.csv
mouse?,GENO?,unknown,39,11985,20251014_ambtemp_mouse11_WT_scored_scores_1Hz.csv
mouse?,GENO?,unknown,67,12097,20251001_baseline_mouse1_APP_scored_scores_1Hz.csv
mouse?,GENO?,unknown,39,12129,20251012_baseline_mouse12_WT_scored_scores_1Hz.csv
mouse?,GENO?,unknown,188,12177,20251003_ambtemp_mouse1_APP_scored_scores_1Hz.csv
mouse?,GENO?,unknown,58,12207,20251007_baseline_mouse10_APP_scored_scores_1Hz.csv
mouse?,GENO?,unknown,15,12231,20251008_ambtemp_mouse10_APP_scored_scores_1Hz.csv
mouse?,GENO?,unknown,51,12288,20251007_ambtemp_mouse4_WT_scored_scores_1Hz.csv
mouse?,GENO?,unknown,102,12323,20251011_baseline_mouse3_APP_scored_scores_1Hz.csv
mouse?,GENO?,unknown,78,12343,20251026_drugs_mouse12_WT_scored_scores_1Hz.csv
mouse?,GENO?,unknown,143,12384,20251002_baseline_mouse2_WT_scored_scores_1Hz.csv
mouse?,GENO?,unknown,105,12387,20251022_drugs_mouse2_WT_scored_scores_1Hz.csv
mouse?,GENO?,unknown,68,12393,20251008_ambtemp_mouse10_APP_scored_scores_1Hz.csv
mouse?,GENO?,unknown,132,12444,20251012_baseline_mouse12_WT_scored_scores_1Hz.csv
mouse?,GENO?,unknown,143,12454,20251025_ambtemp_mouse12_WT_scored_scores_1Hz.csv
mouse?,GENO?,unknown,98,12494,20251013_ambtemp_mouse2_WT_scored_scores_1Hz.csv
mouse?,GENO?,unknown,69,12507,20251001_baseline_mouse1_APP_scored_scores_1Hz.csv
mouse?,GENO?,unknown,47,12521,20251026_drugs_mouse12_WT_scored_scores_1Hz.csv
mouse?,GENO?,unknown,68,12587,20251012_ambtemp_mouse8_WT_scored_scores_1Hz.csv
mouse?,GENO?,unknown,112,12608,20251026_drugs_mouse12_WT_scored_scores_1Hz.csv
mouse?,GENO?,unknown,30,12680,20251003_ambtemp_mouse1_APP_scored_scores_1Hz.csv
mouse?,GENO?,unknown,54,12723,20251001_baseline_mouse1_APP_scored_scores_1Hz.csv
mouse?,GENO?,unknown,85,12724,20251014_ambtemp_mouse11_WT_scored_scores_1Hz.csv
mouse?,GENO?,unknown,136,12735,20251007_baseline_mouse10_APP_scored_scores_1Hz.csv
mouse?,GENO?,unknown,172,12744,20251009_ambtemp_mouse3_APP_scored_scores_1Hz.csv
mouse?,GENO?,unknown,144,12781,20251007_ambtemp_mouse4_WT_scored_scores_1Hz.csv
mouse?,GENO?,unknown,187,12816,20251022_drugs_mouse1_APP_scored_scores_1Hz.csv
mouse?,GENO?,unknown,29,12917,20251011_baseline_mouse3_APP_scored_scores_1Hz.csv
mouse?,GENO?,unknown,101,12965,20251003_ambtemp_mouse1_APP_scored_scores_1Hz.csv
mouse?,GENO?,unknown,68,13031,20251024_drugs_mouse10_APP_scored_scores_1Hz.csv
mouse?,GENO?,unknown,176,13045,20251022_drugs_mouse4_WT_scored_scores_1Hz.csv
mouse?,GENO?,unknown,204,13051,20251026_drugs_mouse12_WT_scored_scores_1Hz.csv
mouse?,GENO?,unknown,97,13112,20251001_baseline_mouse1_APP_scored_scores_1Hz.csv
mouse?,GENO?,unknown,43,13136,20251007_baseline_mouse10_APP_scored_scores_1Hz.csv
mouse?,GENO?,unknown,72,13145,20251013_baseline_mouse11_WT_scored_scores_1Hz.csv
mouse?,GENO?,unknown,76,13147,20251013_ambtemp_mouse2_WT_scored_scores_1Hz.csv
mouse?,GENO?,unknown,230,13163,20251008_ambtemp_mouse10_APP_scored_scores_1Hz.csv
mouse?,GENO?,unknown,61,13192,20251003_ambtemp_mouse1_APP_scored_scores_1Hz.csv
mouse?,GENO?,unknown,82,13206,20251009_ambtemp_mouse3_APP_scored_scores_1Hz.csv
mouse?,GENO?,unknown,205,13215,20251012_ambtemp_mouse8_WT_scored_scores_1Hz.csv
mouse?,GENO?,unknown,38,13288,20251024_drugs_mouse11_WT_scored_scores_1Hz.csv
mouse?,GENO?,unknown,123,13433,20251007_baseline_mouse10_APP_scored_scores_1Hz.csv
mouse?,GENO?,unknown,54,13464,20251013_ambtemp_mouse2_WT_scored_scores_1Hz.csv
mouse?,GENO?,unknown,180,13495,20251012_baseline_mouse12_WT_scored_scores_1Hz.csv
mouse?,GENO?,unknown,138,13555,20251011_baseline_mouse3_APP_scored_scores_1Hz.csv
mouse?,GENO?,unknown,71,13589,20251024_drugs_mouse11_WT_scored_scores_1Hz.csv
mouse?,GENO?,unknown,77,13635,20251014_ambtemp_mouse11_WT_scored_scores_1Hz.csv
mouse?,GENO?,unknown,60,13642,20251006_baseline_mouse4_WT_scored_scores_1Hz.csv
mouse?,GENO?,unknown,34,13697,20251009_ambtemp_mouse3_APP_scored_scores_1Hz.csv
mouse?,GENO?,unknown,88,13755,20251024_drugs_mouse10_APP_scored_scores_1Hz.csv
mouse?,GENO?,unknown,82,13786,20251003_ambtemp_mouse1_APP_scored_scores_1Hz.csv
mouse?,GENO?,unknown,30,13801,20251007_baseline_mouse10_APP_scored_scores_1Hz.csv
mouse?,GENO?,unknown,136,13880,20251026_drugs_mouse12_WT_scored_scores_1Hz.csv
mouse?,GENO?,unknown,135,13890,20251007_baseline_mouse10_APP_scored_scores_1Hz.csv
mouse?,GENO?,unknown,86,13952,20251013_ambtemp_mouse2_WT_scored_scores_1Hz.csv
mouse?,GENO?,unknown,70,13958,20251006_baseline_mouse4_WT_scored_scores_1Hz.csv
mouse?,GENO?,unknown,131,13997,20251022_drugs_mouse4_WT_scored_scores_1Hz.csv
mouse?,GENO?,unknown,233,14012,20251009_ambtemp_mouse3_APP_scored_scores_1Hz.csv
mouse?,GENO?,unknown,49,14059,20251012_ambtemp_mouse8_WT_scored_scores_1Hz.csv
mouse?,GENO?,unknown,146,14067,20251023_drugs_mouse3_APP_scored_scores_1Hz.csv
mouse?,GENO?,unknown,20,14090,20251011_baseline_mouse3_APP_scored_scores_1Hz.csv
mouse?,GENO?,unknown,119,14094,20251024_drugs_mouse11_WT_scored_scores_1Hz.csv
mouse?,GENO?,unknown,225,14191,20251024_drugs_mouse10_APP_scored_scores_1Hz.csv
mouse?,GENO?,unknown,62,14200,20251001_baseline_mouse1_APP_scored_scores_1Hz.csv
mouse?,GENO?,unknown,49,14316,20251007_baseline_mouse10_APP_scored_scores_1Hz.csv
mouse?,GENO?,unknown,85,14353,20251012_ambtemp_mouse8_WT_scored_scores_1Hz.csv
mouse?,GENO?,unknown,156,14377,20251013_ambtemp_mouse2_WT_scored_scores_1Hz.csv
mouse?,GENO?,unknown,109,14457,20251014_ambtemp_mouse11_WT_scored_scores_1Hz.csv
mouse?,GENO?,unknown,91,14488,20251011_baseline_mouse3_APP_scored_scores_1Hz.csv
mouse?,GENO?,unknown,66,14584,20251012_ambtemp_mouse8_WT_scored_scores_1Hz.csv
mouse?,GENO?,unknown,123,14617,20251011_baseline_mouse3_APP_scored_scores_1Hz.csv
mouse?,GENO?,unknown,41,14654,20251001_baseline_mouse1_APP_scored_scores_1Hz.csv
mouse?,GENO?,unknown,50,14684,20251007_baseline_mouse10_APP_scored_scores_1Hz.csv
mouse?,GENO?,unknown,217,14695,20251022_drugs_mouse1_APP_scored_scores_1Hz.csv
mouse?,GENO?,unknown,109,14708,20251023_drugs_mouse3_APP_scored_scores_1Hz.csv
mouse?,GENO?,unknown,49,14725,20251006_baseline_mouse4_WT_scored_scores_1Hz.csv
mouse?,GENO?,unknown,145,14760,20251005_baseline_mouse8_WT_scored_scores_1Hz.csv
mouse?,GENO?,unknown,84,14839,20251012_ambtemp_mouse8_WT_scored_scores_1Hz.csv
mouse?,GENO?,unknown,184,14858,20251006_baseline_mouse4_WT_scored_scores_1Hz.csv
mouse?,GENO?,unknown,70,14876,20251007_ambtemp_mouse4_WT_scored_scores_1Hz.csv
mouse?,GENO?,unknown,28,14899,20251007_baseline_mouse10_APP_scored_scores_1Hz.csv
mouse?,GENO?,unknown,121,14947,20251026_drugs_mouse12_WT_scored_scores_1Hz.csv
mouse?,GENO?,unknown,125,14966,20251025_ambtemp_mouse12_WT_scored_scores_1Hz.csv
mouse?,GENO?,unknown,102,15004,20251013_baseline_mouse11_WT_scored_scores_1Hz.csv
mouse?,GENO?,unknown,100,15045,20251014_ambtemp_mouse11_WT_scored_scores_1Hz.csv
mouse?,GENO?,unknown,82,15076,20251007_baseline_mouse10_APP_scored_scores_1Hz.csv
mouse?,GENO?,unknown,69,15129,20251022_drugs_mouse1_APP_scored_scores_1Hz.csv
mouse?,GENO?,unknown,82,15137,20251023_drugs_mouse3_APP_scored_scores_1Hz.csv
mouse?,GENO?,unknown,186,15164,20251008_ambtemp_mouse10_APP_scored_scores_1Hz.csv
mouse?,GENO?,unknown,261,15183,20251009_ambtemp_mouse3_APP_scored_scores_1Hz.csv
mouse?,GENO?,unknown,54,15279,20251011_baseline_mouse3_APP_scored_scores_1Hz.csv
mouse?,GENO?,unknown,143,15370,20251002_baseline_mouse2_WT_scored_scores_1Hz.csv
mouse?,GENO?,unknown,91,15370,20251007_ambtemp_mouse4_WT_scored_scores_1Hz.csv
mouse?,GENO?,unknown,124,15384,20251024_drugs_mouse11_WT_scored_scores_1Hz.csv
mouse?,GENO?,unknown,60,15385,20251007_baseline_mouse10_APP_scored_scores_1Hz.csv
mouse?,GENO?,unknown,101,15385,20251013_baseline_mouse11_WT_scored_scores_1Hz.csv
mouse?,GENO?,unknown,148,15483,20251022_drugs_mouse1_APP_scored_scores_1Hz.csv
mouse?,GENO?,unknown,156,15494,20251012_ambtemp_mouse8_WT_scored_scores_1Hz.csv
mouse?,GENO?,unknown,92,15512,20251006_baseline_mouse4_WT_scored_scores_1Hz.csv
mouse?,GENO?,unknown,45,15530,20251013_ambtemp_mouse2_WT_scored_scores_1Hz.csv
mouse?,GENO?,unknown,43,15552,20251014_ambtemp_mouse11_WT_scored_scores_1Hz.csv
mouse?,GENO?,unknown,68,15583,20251022_drugs_mouse4_WT_scored_scores_1Hz.csv
mouse?,GENO?,unknown,119,15592,20251024_drugs_mouse10_APP_scored_scores_1Hz.csv
mouse?,GENO?,unknown,142,15648,20251005_baseline_mouse8_WT_scored_scores_1Hz.csv
mouse?,GENO?,unknown,125,15698,20251025_ambtemp_mouse12_WT_scored_scores_1Hz.csv
mouse?,GENO?,unknown,87,15701,20251003_ambtemp_mouse1_APP_scored_scores_1Hz.csv
mouse?,GENO?,unknown,139,15804,20251007_ambtemp_mouse4_WT_scored_scores_1Hz.csv
mouse?,GENO?,unknown,88,15878,20251008_ambtemp_mouse10_APP_scored_scores_1Hz.csv
mouse?,GENO?,unknown,174,15915,20251022_drugs_mouse4_WT_scored_scores_1Hz.csv
mouse?,GENO?,unknown,66,15936,20251013_ambtemp_mouse2_WT_scored_scores_1Hz.csv
mouse?,GENO?,unknown,194,16019,20251006_baseline_mouse4_WT_scored_scores_1Hz.csv
mouse?,GENO?,unknown,93,16097,20251007_ambtemp_mouse4_WT_scored_scores_1Hz.csv
mouse?,GENO?,unknown,157,16103,20251013_baseline_mouse11_WT_scored_scores_1Hz.csv
mouse?,GENO?,unknown,118,16146,20251009_ambtemp_mouse3_APP_scored_scores_1Hz.csv
mouse?,GENO?,unknown,126,16157,20251012_ambtemp_mouse8_WT_scored_scores_1Hz.csv
mouse?,GENO?,unknown,84,16282,20251022_drugs_mouse2_WT_scored_scores_1Hz.csv
mouse?,GENO?,unknown,113,16334,20251002_baseline_mouse2_WT_scored_scores_1Hz.csv
mouse?,GENO?,unknown,34,16361,20251003_ambtemp_mouse1_APP_scored_scores_1Hz.csv
mouse?,GENO?,unknown,85,16378,20251025_ambtemp_mouse12_WT_scored_scores_1Hz.csv
mouse?,GENO?,unknown,247,16464,20251003_ambtemp_mouse1_APP_scored_scores_1Hz.csv
mouse?,GENO?,unknown,135,16472,20251005_baseline_mouse8_WT_scored_scores_1Hz.csv
mouse?,GENO?,unknown,22,16539,20251013_ambtemp_mouse2_WT_scored_scores_1Hz.csv
mouse?,GENO?,unknown,100,16541,20251008_ambtemp_mouse10_APP_scored_scores_1Hz.csv
mouse?,GENO?,unknown,31,16602,20251022_drugs_mouse4_WT_scored_scores_1Hz.csv
mouse?,GENO?,unknown,69,16634,20251007_ambtemp_mouse4_WT_scored_scores_1Hz.csv
mouse?,GENO?,unknown,48,16658,20251023_drugs_mouse3_APP_scored_scores_1Hz.csv
mouse?,GENO?,unknown,180,16663,20251007_baseline_mouse10_APP_scored_scores_1Hz.csv
mouse?,GENO?,unknown,197,16693,20251024_drugs_mouse10_APP_scored_scores_1Hz.csv
mouse?,GENO?,unknown,98,16710,20251022_drugs_mouse2_WT_scored_scores_1Hz.csv
mouse?,GENO?,unknown,171,16780,20251013_ambtemp_mouse2_WT_scored_scores_1Hz.csv
mouse?,GENO?,unknown,154,16787,20251009_ambtemp_mouse3_APP_scored_scores_1Hz.csv
mouse?,GENO?,unknown,64,16817,20251006_baseline_mouse4_WT_scored_scores_1Hz.csv
mouse?,GENO?,unknown,214,16853,20251026_drugs_mouse12_WT_scored_scores_1Hz.csv
mouse?,GENO?,unknown,214,16862,20251014_ambtemp_mouse11_WT_scored_scores_1Hz.csv
mouse?,GENO?,unknown,79,16873,20251022_drugs_mouse4_WT_scored_scores_1Hz.csv
mouse?,GENO?,unknown,82,16922,20251002_baseline_mouse2_WT_scored_scores_1Hz.csv
mouse?,GENO?,unknown,108,16927,20251012_ambtemp_mouse8_WT_scored_scores_1Hz.csv
mouse?,GENO?,unknown,296,16965,20251007_ambtemp_mouse4_WT_scored_scores_1Hz.csv
mouse?,GENO?,unknown,66,16980,20251011_baseline_mouse3_APP_scored_scores_1Hz.csv
mouse?,GENO?,unknown,127,17053,20251024_drugs_mouse11_WT_scored_scores_1Hz.csv
mouse?,GENO?,unknown,59,17074,20251023_drugs_mouse3_APP_scored_scores_1Hz.csv
mouse?,GENO?,unknown,72,17203,20251022_drugs_mouse2_WT_scored_scores_1Hz.csv
mouse?,GENO?,unknown,104,17240,20251012_baseline_mouse12_WT_scored_scores_1Hz.csv
mouse?,GENO?,unknown,74,17268,20251012_ambtemp_mouse8_WT_scored_scores_1Hz.csv
mouse?,GENO?,unknown,137,17281,20251025_ambtemp_mouse12_WT_scored_scores_1Hz.csv
mouse?,GENO?,unknown,57,17287,20251003_ambtemp_mouse1_APP_scored_scores_1Hz.csv
mouse?,GENO?,unknown,21,17293,20251008_ambtemp_mouse10_APP_scored_scores_1Hz.csv
mouse?,GENO?,unknown,163,17312,20251002_baseline_mouse2_WT_scored_scores_1Hz.csv
mouse?,GENO?,unknown,153,17354,20251006_baseline_mouse4_WT_scored_scores_1Hz.csv
mouse?,GENO?,unknown,153,17402,20251009_ambtemp_mouse3_APP_scored_scores_1Hz.csv
mouse?,GENO?,unknown,61,17450,20251013_baseline_mouse11_WT_scored_scores_1Hz.csv
mouse?,GENO?,unknown,89,17515,20251011_baseline_mouse3_APP_scored_scores_1Hz.csv
mouse?,GENO?,unknown,100,17581,20251022_drugs_mouse1_APP_scored_scores_1Hz.csv
mouse?,GENO?,unknown,163,17608,20251008_ambtemp_mouse10_APP_scored_scores_1Hz.csv
mouse?,GENO?,unknown,196,17617,20251024_drugs_mouse11_WT_scored_scores_1Hz.csv
mouse?,GENO?,unknown,142,17637,20251022_drugs_mouse4_WT_scored_scores_1Hz.csv
mouse?,GENO?,unknown,167,17695,20251022_drugs_mouse2_WT_scored_scores_1Hz.csv
mouse?,GENO?,unknown,76,17742,20251014_ambtemp_mouse11_WT_scored_scores_1Hz.csv
mouse?,GENO?,unknown,210,17784,20251003_ambtemp_mouse1_APP_scored_scores_1Hz.csv
mouse?,GENO?,unknown,68,17808,20251013_baseline_mouse11_WT_scored_scores_1Hz.csv
mouse?,GENO?,unknown,24,17814,20251007_baseline_mouse10_APP_scored_scores_1Hz.csv
mouse?,GENO?,unknown,93,17923,20251026_drugs_mouse12_WT_scored_scores_1Hz.csv
mouse?,GENO?,unknown,87,18010,20251012_baseline_mouse12_WT_scored_scores_1Hz.csv
mouse?,GENO?,unknown,102,18018,20251011_baseline_mouse3_APP_scored_scores_1Hz.csv
mouse?,GENO?,unknown,31,18021,20251008_ambtemp_mouse10_APP_scored_scores_1Hz.csv
mouse?,GENO?,unknown,154,18022,20251002_baseline_mouse2_WT_scored_scores_1Hz.csv
mouse?,GENO?,unknown,45,18024,20251023_drugs_mouse3_APP_scored_scores_1Hz.csv
mouse?,GENO?,unknown,177,18027,20251013_ambtemp_mouse2_WT_scored_scores_1Hz.csv
mouse?,GENO?,unknown,93,18029,20251006_baseline_mouse4_WT_scored_scores_1Hz.csv
mouse?,GENO?,unknown,17,18030,20251022_drugs_mouse1_APP_scored_scores_1Hz.csv
mouse?,GENO?,unknown,152,18080,20251007_baseline_mouse10_APP_scored_scores_1Hz.csv
mouse?,GENO?,unknown,23,18181,20251013_baseline_mouse11_WT_scored_scores_1Hz.csv
mouse?,GENO?,unknown,24,18224,20251007_ambtemp_mouse4_WT_scored_scores_1Hz.csv
mouse?,GENO?,unknown,62,18275,20251023_drugs_mouse3_APP_scored_scores_1Hz.csv
mouse?,GENO?,unknown,82,18276,20251024_drugs_mouse10_APP_scored_scores_1Hz.csv
mouse?,GENO?,unknown,96,18343,20251006_baseline_mouse4_WT_scored_scores_1Hz.csv
mouse?,GENO?,unknown,161,18355,20251025_ambtemp_mouse12_WT_scored_scores_1Hz.csv
mouse?,GENO?,unknown,115,18450,20251007_ambtemp_mouse4_WT_scored_scores_1Hz.csv
mouse?,GENO?,unknown,162,18457,20251013_baseline_mouse11_WT_scored_scores_1Hz.csv
mouse?,GENO?,unknown,41,18478,20251022_drugs_mouse1_APP_scored_scores_1Hz.csv
mouse?,GENO?,unknown,85,18491,20251012_baseline_mouse12_WT_scored_scores_1Hz.csv
mouse?,GENO?,unknown,191,18547,20251009_ambtemp_mouse3_APP_scored_scores_1Hz.csv
mouse?,GENO?,unknown,144,18558,20251023_drugs_mouse3_APP_scored_scores_1Hz.csv
mouse?,GENO?,unknown,101,18569,20251026_drugs_mouse12_WT_scored_scores_1Hz.csv
mouse?,GENO?,unknown,97,18581,20251003_ambtemp_mouse1_APP_scored_scores_1Hz.csv
mouse?,GENO?,unknown,116,18643,20251022_drugs_mouse2_WT_scored_scores_1Hz.csv
mouse?,GENO?,unknown,55,18670,20251022_drugs_mouse4_WT_scored_scores_1Hz.csv
mouse?,GENO?,unknown,73,18718,20251006_baseline_mouse4_WT_scored_scores_1Hz.csv
mouse?,GENO?,unknown,126,18752,20251005_baseline_mouse8_WT_scored_scores_1Hz.csv
mouse?,GENO?,unknown,101,18796,20251022_drugs_mouse1_APP_scored_scores_1Hz.csv
mouse?,GENO?,unknown,276,18826,20251012_ambtemp_mouse8_WT_scored_scores_1Hz.csv
mouse?,GENO?,unknown,149,18834,20251003_ambtemp_mouse1_APP_scored_scores_1Hz.csv
mouse?,GENO?,unknown,39,18860,20251002_baseline_mouse2_WT_scored_scores_1Hz.csv
mouse?,GENO?,unknown,41,18902,20251007_baseline_mouse10_APP_scored_scores_1Hz.csv
mouse?,GENO?,unknown,39,18963,20251022_drugs_mouse4_WT_scored_scores_1Hz.csv
mouse?,GENO?,unknown,362,18983,20251024_drugs_mouse10_APP_scored_scores_1Hz.csv
mouse?,GENO?,unknown,154,19033,20251026_drugs_mouse12_WT_scored_scores_1Hz.csv
mouse?,GENO?,unknown,12,19071,20251013_ambtemp_mouse2_WT_scored_scores_1Hz.csv
mouse?,GENO?,unknown,33,19080,20251024_drugs_mouse11_WT_scored_scores_1Hz.csv
mouse?,GENO?,unknown,35,19132,20251002_baseline_mouse2_WT_scored_scores_1Hz.csv
mouse?,GENO?,unknown,128,19204,20251023_drugs_mouse3_APP_scored_scores_1Hz.csv
mouse?,GENO?,unknown,34,19260,20251022_drugs_mouse4_WT_scored_scores_1Hz.csv
mouse?,GENO?,unknown,27,19285,20251007_baseline_mouse10_APP_scored_scores_1Hz.csv
mouse?,GENO?,unknown,73,19327,20251013_ambtemp_mouse2_WT_scored_scores_1Hz.csv
mouse?,GENO?,unknown,218,19328,20251002_baseline_mouse2_WT_scored_scores_1Hz.csv
mouse?,GENO?,unknown,55,19361,20251003_ambtemp_mouse1_APP_scored_scores_1Hz.csv
mouse?,GENO?,unknown,40,19418,20251012_baseline_mouse12_WT_scored_scores_1Hz.csv
mouse?,GENO?,unknown,83,19451,20251007_baseline_mouse10_APP_scored_scores_1Hz.csv
mouse?,GENO?,unknown,28,19494,20251014_ambtemp_mouse11_WT_scored_scores_1Hz.csv
mouse?,GENO?,unknown,99,19501,20251005_baseline_mouse8_WT_scored_scores_1Hz.csv
mouse?,GENO?,unknown,102,19554,20251013_baseline_mouse11_WT_scored_scores_1Hz.csv
mouse?,GENO?,unknown,72,19569,20251003_ambtemp_mouse1_APP_scored_scores_1Hz.csv
mouse?,GENO?,unknown,52,19585,20251011_baseline_mouse3_APP_scored_scores_1Hz.csv
mouse?,GENO?,unknown,23,19614,20251013_ambtemp_mouse2_WT_scored_scores_1Hz.csv
mouse?,GENO?,unknown,29,19622,20251014_ambtemp_mouse11_WT_scored_scores_1Hz.csv
mouse?,GENO?,unknown,132,19694,20251001_baseline_mouse1_APP_scored_scores_1Hz.csv
mouse?,GENO?,unknown,51,19718,20251026_drugs_mouse12_WT_scored_scores_1Hz.csv
mouse?,GENO?,unknown,186,19853,20251012_baseline_mouse12_WT_scored_scores_1Hz.csv
mouse?,GENO?,unknown,120,19879,20251022_drugs_mouse1_APP_scored_scores_1Hz.csv
mouse?,GENO?,unknown,35,19892,20251005_baseline_mouse8_WT_scored_scores_1Hz.csv
mouse?,GENO?,unknown,40,19907,20251011_baseline_mouse3_APP_scored_scores_1Hz.csv
mouse?,GENO?,unknown,41,19951,20251013_baseline_mouse11_WT_scored_scores_1Hz.csv
mouse?,GENO?,unknown,80,19961,20251013_ambtemp_mouse2_WT_scored_scores_1Hz.csv
mouse?,GENO?,unknown,33,19971,20251024_drugs_mouse11_WT_scored_scores_1Hz.csv
mouse?,GENO?,unknown,85,19989,20251006_baseline_mouse4_WT_scored_scores_1Hz.csv
mouse?,GENO?,unknown,28,20013,20251002_baseline_mouse2_WT_scored_scores_1Hz.csv
mouse?,GENO?,unknown,77,20033,20251003_ambtemp_mouse1_APP_scored_scores_1Hz.csv
mouse?,GENO?,unknown,149,20052,20251014_ambtemp_mouse11_WT_scored_scores_1Hz.csv
mouse?,GENO?,unknown,92,20055,20251012_ambtemp_mouse8_WT_scored_scores_1Hz.csv
mouse?,GENO?,unknown,43,20061,20251026_drugs_mouse12_WT_scored_scores_1Hz.csv
mouse?,GENO?,unknown,158,20088,20251025_ambtemp_mouse12_WT_scored_scores_1Hz.csv
mouse?,GENO?,unknown,135,20119,20251008_ambtemp_mouse10_APP_scored_scores_1Hz.csv
mouse?,GENO?,unknown,68,20138,20251002_baseline_mouse2_WT_scored_scores_1Hz.csv
mouse?,GENO?,unknown,217,20176,20251005_baseline_mouse8_WT_scored_scores_1Hz.csv
mouse?,GENO?,unknown,95,20177,20251001_baseline_mouse1_APP_scored_scores_1Hz.csv
mouse?,GENO?,unknown,94,20197,20251023_drugs_mouse3_APP_scored_scores_1Hz.csv
mouse?,GENO?,unknown,257,20241,20251009_ambtemp_mouse3_APP_scored_scores_1Hz.csv
mouse?,GENO?,unknown,66,20262,20251003_ambtemp_mouse1_APP_scored_scores_1Hz.csv
mouse?,GENO?,unknown,37,20320,20251022_drugs_mouse1_APP_scored_scores_1Hz.csv
mouse?,GENO?,unknown,83,20372,20251012_ambtemp_mouse8_WT_scored_scores_1Hz.csv
mouse?,GENO?,unknown,46,20399,20251024_drugs_mouse11_WT_scored_scores_1Hz.csv
mouse?,GENO?,unknown,244,20411,20251026_drugs_mouse12_WT_scored_scores_1Hz.csv
mouse?,GENO?,unknown,38,20552,20251013_baseline_mouse11_WT_scored_scores_1Hz.csv
mouse?,GENO?,unknown,123,20568,20251003_ambtemp_mouse1_APP_scored_scores_1Hz.csv
mouse?,GENO?,unknown,139,20581,20251012_ambtemp_mouse8_WT_scored_scores_1Hz.csv
mouse?,GENO?,unknown,180,20585,20251023_drugs_mouse3_APP_scored_scores_1Hz.csv
mouse?,GENO?,unknown,132,20602,20251012_baseline_mouse12_WT_scored_scores_1Hz.csv
mouse?,GENO?,unknown,158,20622,20251002_baseline_mouse2_WT_scored_scores_1Hz.csv
mouse?,GENO?,unknown,26,20636,20251001_baseline_mouse1_APP_scored_scores_1Hz.csv
mouse?,GENO?,unknown,79,20639,20251024_drugs_mouse11_WT_scored_scores_1Hz.csv
mouse?,GENO?,unknown,48,20654,20251022_drugs_mouse1_APP_scored_scores_1Hz.csv
mouse?,GENO?,unknown,226,20658,20251009_ambtemp_mouse3_APP_scored_scores_1Hz.csv
mouse?,GENO?,unknown,141,20666,20251006_baseline_mouse4_WT_scored_scores_1Hz.csv
mouse?,GENO?,unknown,86,20795,20251025_ambtemp_mouse12_WT_scored_scores_1Hz.csv
mouse?,GENO?,unknown,123,20810,20251007_ambtemp_mouse4_WT_scored_scores_1Hz.csv
mouse?,GENO?,unknown,111,20921,20251001_baseline_mouse1_APP_scored_scores_1Hz.csv
mouse?,GENO?,unknown,106,20949,20251005_baseline_mouse8_WT_scored_scores_1Hz.csv
mouse?,GENO?,unknown,255,21015,20251008_ambtemp_mouse10_APP_scored_scores_1Hz.csv
mouse?,GENO?,unknown,86,21062,20251009_ambtemp_mouse3_APP_scored_scores_1Hz.csv
mouse?,GENO?,unknown,54,21087,20251024_drugs_mouse10_APP_scored_scores_1Hz.csv
mouse?,GENO?,unknown,152,21088,20251025_ambtemp_mouse12_WT_scored_scores_1Hz.csv
mouse?,GENO?,unknown,24,21118,20251003_ambtemp_mouse1_APP_scored_scores_1Hz.csv
mouse?,GENO?,unknown,141,21121,20251011_baseline_mouse3_APP_scored_scores_1Hz.csv
mouse?,GENO?,unknown,262,21121,20251022_drugs_mouse4_WT_scored_scores_1Hz.csv
mouse?,GENO?,unknown,63,21207,20251014_ambtemp_mouse11_WT_scored_scores_1Hz.csv
mouse?,GENO?,unknown,45,21227,20251012_ambtemp_mouse8_WT_scored_scores_1Hz.csv
mouse?,GENO?,unknown,13,21273,20251002_baseline_mouse2_WT_scored_scores_1Hz.csv
mouse?,GENO?,unknown,51,21280,20251003_ambtemp_mouse1_APP_scored_scores_1Hz.csv
mouse?,GENO?,unknown,49,21318,20251006_baseline_mouse4_WT_scored_scores_1Hz.csv
mouse?,GENO?,unknown,28,21347,20251013_ambtemp_mouse2_WT_scored_scores_1Hz.csv
mouse?,GENO?,unknown,62,21367,20251026_drugs_mouse12_WT_scored_scores_1Hz.csv
mouse?,GENO?,unknown,192,21369,20251005_baseline_mouse8_WT_scored_scores_1Hz.csv
mouse?,GENO?,unknown,94,21390,20251022_drugs_mouse1_APP_scored_scores_1Hz.csv
mouse?,GENO?,unknown,77,21431,20251012_ambtemp_mouse8_WT_scored_scores_1Hz.csv
mouse?,GENO?,unknown,53,21485,20251024_drugs_mouse10_APP_scored_scores_1Hz.csv
mouse?,GENO?,unknown,158,21486,20251002_baseline_mouse2_WT_scored_scores_1Hz.csv
mouse?,GENO?,unknown,49,21493,20251007_ambtemp_mouse4_WT_scored_scores_1Hz.csv
mouse?,GENO?,unknown,96,21505,20251022_drugs_mouse2_WT_scored_scores_1Hz.csv
mouse?,GENO?,unknown,100,21606,20251024_drugs_mouse11_WT_scored_scores_1Hz.csv
mouse?,GENO?,unknown,40,21620,20251024_drugs_mouse10_APP_scored_scores_1Hz.csv
mouse?,GENO?,unknown,62,21716,20251008_ambtemp_mouse10_APP_scored_scores_1Hz.csv
mouse?,GENO?,unknown,99,21725,20251022_drugs_mouse1_APP_scored_scores_1Hz.csv
mouse?,GENO?,unknown,54,21731,20251012_baseline_mouse12_WT_scored_scores_1Hz.csv
mouse?,GENO?,unknown,115,21783,20251009_ambtemp_mouse3_APP_scored_scores_1Hz.csv
mouse?,GENO?,unknown,237,21816,20251006_baseline_mouse4_WT_scored_scores_1Hz.csv
mouse?,GENO?,unknown,164,21841,20251012_ambtemp_mouse8_WT_scored_scores_1Hz.csv
mouse?,GENO?,unknown,85,21861,20251007_ambtemp_mouse4_WT_scored_scores_1Hz.csv
mouse?,GENO?,unknown,84,21900,20251002_baseline_mouse2_WT_scored_scores_1Hz.csv
mouse?,GENO?,unknown,115,21901,20251024_drugs_mouse10_APP_scored_scores_1Hz.csv
mouse?,GENO?,unknown,46,21935,20251011_baseline_mouse3_APP_scored_scores_1Hz.csv
mouse?,GENO?,unknown,49,21948,20251003_ambtemp_mouse1_APP_scored_scores_1Hz.csv
mouse?,GENO?,unknown,85,21948,20251023_drugs_mouse3_APP_scored_scores_1Hz.csv
mouse?,GENO?,unknown,220,21961,20251013_ambtemp_mouse2_WT_scored_scores_1Hz.csv
mouse?,GENO?,unknown,60,21964,20251024_drugs_mouse11_WT_scored_scores_1Hz.csv
mouse?,GENO?,unknown,36,22185,20251007_ambtemp_mouse4_WT_scored_scores_1Hz.csv
mouse?,GENO?,unknown,83,22204,20251003_ambtemp_mouse1_APP_scored_scores_1Hz.csv
mouse?,GENO?,unknown,91,22273,20251022_drugs_mouse2_WT_scored_scores_1Hz.csv
mouse?,GENO?,unknown,74,22284,20251008_ambtemp_mouse10_APP_scored_scores_1Hz.csv
mouse?,GENO?,unknown,222,22310,20251009_ambtemp_mouse3_APP_scored_scores_1Hz.csv
mouse?,GENO?,unknown,64,22339,20251007_ambtemp_mouse4_WT_scored_scores_1Hz.csv
mouse?,GENO?,unknown,223,22361,20251024_drugs_mouse10_APP_scored_scores_1Hz.csv
mouse?,GENO?,unknown,40,22446,20251003_ambtemp_mouse1_APP_scored_scores_1Hz.csv
mouse?,GENO?,unknown,229,22482,20251022_drugs_mouse1_APP_scored_scores_1Hz.csv
mouse?,GENO?,unknown,180,22491,20251012_baseline_mouse12_WT_scored_scores_1Hz.csv
mouse?,GENO?,unknown,78,22508,20251007_ambtemp_mouse4_WT_scored_scores_1Hz.csv
mouse?,GENO?,unknown,267,22544,20251022_drugs_mouse2_WT_scored_scores_1Hz.csv
mouse?,GENO?,unknown,181,22557,20251008_ambtemp_mouse10_APP_scored_scores_1Hz.csv
mouse?,GENO?,unknown,36,22595,20251003_ambtemp_mouse1_APP_scored_scores_1Hz.csv
mouse?,GENO?,unknown,285,22610,20251012_ambtemp_mouse8_WT_scored_scores_1Hz.csv
mouse?,GENO?,unknown,84,22662,20251023_drugs_mouse3_APP_scored_scores_1Hz.csv
mouse?,GENO?,unknown,171,22737,20251024_drugs_mouse11_WT_scored_scores_1Hz.csv
mouse?,GENO?,unknown,63,22847,20251013_ambtemp_mouse2_WT_scored_scores_1Hz.csv
mouse?,GENO?,unknown,73,22896,20251023_drugs_mouse3_APP_scored_scores_1Hz.csv
mouse?,GENO?,unknown,47,22927,20251003_ambtemp_mouse1_APP_scored_scores_1Hz.csv
mouse?,GENO?,unknown,73,22943,20251007_ambtemp_mouse4_WT_scored_scores_1Hz.csv
mouse?,GENO?,unknown,111,22984,20251022_drugs_mouse4_WT_scored_scores_1Hz.csv
mouse?,GENO?,unknown,49,23138,20251013_baseline_mouse11_WT_scored_scores_1Hz.csv
mouse?,GENO?,unknown,106,23166,20251006_baseline_mouse4_WT_scored_scores_1Hz.csv
mouse?,GENO?,unknown,114,23178,20251008_ambtemp_mouse10_APP_scored_scores_1Hz.csv
mouse?,GENO?,unknown,105,23224,20251012_baseline_mouse12_WT_scored_scores_1Hz.csv
mouse?,GENO?,unknown,41,23237,20251026_drugs_mouse12_WT_scored_scores_1Hz.csv
mouse?,GENO?,unknown,187,23266,20251025_ambtemp_mouse12_WT_scored_scores_1Hz.csv
mouse?,GENO?,unknown,74,23292,20251022_drugs_mouse2_WT_scored_scores_1Hz.csv
mouse?,GENO?,unknown,21,23367,20251005_baseline_mouse8_WT_scored_scores_1Hz.csv
mouse?,GENO?,unknown,95,23369,20251024_drugs_mouse10_APP_scored_scores_1Hz.csv
mouse?,GENO?,unknown,30,23371,20251013_ambtemp_mouse2_WT_scored_scores_1Hz.csv
mouse?,GENO?,unknown,124,23410,20251013_baseline_mouse11_WT_scored_scores_1Hz.csv
mouse?,GENO?,unknown,122,23426,20251007_baseline_mouse10_APP_scored_scores_1Hz.csv
mouse?,GENO?,unknown,360,23432,20251007_ambtemp_mouse4_WT_scored_scores_1Hz.csv
mouse?,GENO?,unknown,78,23477,20251012_ambtemp_mouse8_WT_scored_scores_1Hz.csv
mouse?,GENO?,unknown,89,23492,20251003_ambtemp_mouse1_APP_scored_scores_1Hz.csv
mouse?,GENO?,unknown,73,23509,20251022_drugs_mouse1_APP_scored_scores_1Hz.csv
mouse?,GENO?,unknown,28,23529,20251013_ambtemp_mouse2_WT_scored_scores_1Hz.csv
mouse?,GENO?,unknown,35,23564,20251022_drugs_mouse4_WT_scored_scores_1Hz.csv
mouse?,GENO?,unknown,55,23564,20251024_drugs_mouse11_WT_scored_scores_1Hz.csv
mouse?,GENO?,unknown,100,23595,20251022_drugs_mouse2_WT_scored_scores_1Hz.csv
mouse?,GENO?,unknown,85,23623,20251012_baseline_mouse12_WT_scored_scores_1Hz.csv
mouse?,GENO?,unknown,105,23629,20251023_drugs_mouse3_APP_scored_scores_1Hz.csv
mouse?,GENO?,unknown,36,23651,20251009_ambtemp_mouse3_APP_scored_scores_1Hz.csv
mouse?,GENO?,unknown,48,23664,20251008_ambtemp_mouse10_APP_scored_scores_1Hz.csv
mouse?,GENO?,unknown,116,23679,20251005_baseline_mouse8_WT_scored_scores_1Hz.csv
mouse?,GENO?,unknown,221,23726,20251013_ambtemp_mouse2_WT_scored_scores_1Hz.csv
mouse?,GENO?,unknown,217,23749,20251024_drugs_mouse10_APP_scored_scores_1Hz.csv
mouse?,GENO?,unknown,108,23771,20251026_drugs_mouse12_WT_scored_scores_1Hz.csv
mouse?,GENO?,unknown,71,23796,20251022_drugs_mouse4_WT_scored_scores_1Hz.csv
mouse?,GENO?,unknown,140,23808,20251012_ambtemp_mouse8_WT_scored_scores_1Hz.csv
mouse?,GENO?,unknown,290,23872,20251008_ambtemp_mouse10_APP_scored_scores_1Hz.csv
mouse?,GENO?,unknown,264,23877,20251009_ambtemp_mouse3_APP_scored_scores_1Hz.csv
mouse?,GENO?,unknown,47,23908,20251013_baseline_mouse11_WT_scored_scores_1Hz.csv
mouse?,GENO?,unknown,67,23982,20251022_drugs_mouse4_WT_scored_scores_1Hz.csv
mouse?,GENO?,unknown,155,23990,20251007_baseline_mouse10_APP_scored_scores_1Hz.csv
mouse?,GENO?,unknown,272,24105,20251022_drugs_mouse1_APP_scored_scores_1Hz.csv
mouse?,GENO?,unknown,109,24203,20251023_drugs_mouse3_APP_scored_scores_1Hz.csv
mouse?,GENO?,unknown,163,24210,20251005_baseline_mouse8_WT_scored_scores_1Hz.csv
mouse?,GENO?,unknown,127,24216,20251002_baseline_mouse2_WT_scored_scores_1Hz.csv
mouse?,GENO?,unknown,23,24219,20251001_baseline_mouse1_APP_scored_scores_1Hz.csv
mouse?,GENO?,unknown,153,24248,20251022_drugs_mouse2_WT_scored_scores_1Hz.csv
mouse?,GENO?,unknown,190,24299,20251022_drugs_mouse4_WT_scored_scores_1Hz.csv
mouse?,GENO?,unknown,71,24301,20251012_baseline_mouse12_WT_scored_scores_1Hz.csv
mouse?,GENO?,unknown,206,24390,20251006_baseline_mouse4_WT_scored_scores_1Hz.csv
mouse?,GENO?,unknown,32,24449,20251026_drugs_mouse12_WT_scored_scores_1Hz.csv
mouse?,GENO?,unknown,39,24492,20251025_ambtemp_mouse12_WT_scored_scores_1Hz.csv
mouse?,GENO?,unknown,40,24493,20251001_baseline_mouse1_APP_scored_scores_1Hz.csv
mouse?,GENO?,unknown,38,24520,20251024_drugs_mouse11_WT_scored_scores_1Hz.csv
mouse?,GENO?,unknown,195,24564,20251012_ambtemp_mouse8_WT_scored_scores_1Hz.csv
mouse?,GENO?,unknown,44,24569,20251023_drugs_mouse3_APP_scored_scores_1Hz.csv
mouse?,GENO?,unknown,179,24600,20251007_baseline_mouse10_APP_scored_scores_1Hz.csv
mouse?,GENO?,unknown,21,24636,20251009_ambtemp_mouse3_APP_scored_scores_1Hz.csv
mouse?,GENO?,unknown,105,24641,20251012_baseline_mouse12_WT_scored_scores_1Hz.csv
mouse?,GENO?,unknown,54,24647,20251001_baseline_mouse1_APP_scored_scores_1Hz.csv
mouse?,GENO?,unknown,66,24648,20251008_ambtemp_mouse10_APP_scored_scores_1Hz.csv
mouse?,GENO?,unknown,166,24651,20251013_baseline_mouse11_WT_scored_scores_1Hz.csv
mouse?,GENO?,unknown,46,24705,20251013_ambtemp_mouse2_WT_scored_scores_1Hz.csv
mouse?,GENO?,unknown,121,24776,20251002_baseline_mouse2_WT_scored_scores_1Hz.csv
mouse?,GENO?,unknown,25,24804,20251008_ambtemp_mouse10_APP_scored_scores_1Hz.csv
mouse?,GENO?,unknown,44,24809,20251026_drugs_mouse12_WT_scored_scores_1Hz.csv
mouse?,GENO?,unknown,41,24824,20251024_drugs_mouse11_WT_scored_scores_1Hz.csv
mouse?,GENO?,unknown,54,24895,20251009_ambtemp_mouse3_APP_scored_scores_1Hz.csv
mouse?,GENO?,unknown,47,24900,20251008_ambtemp_mouse10_APP_scored_scores_1Hz.csv
mouse?,GENO?,unknown,50,24989,20251022_drugs_mouse4_WT_scored_scores_1Hz.csv
mouse?,GENO?,unknown,171,24996,20251026_drugs_mouse12_WT_scored_scores_1Hz.csv
mouse?,GENO?,unknown,125,25001,20251023_drugs_mouse3_APP_scored_scores_1Hz.csv
mouse?,GENO?,unknown,103,25046,20251024_drugs_mouse10_APP_scored_scores_1Hz.csv
mouse?,GENO?,unknown,94,25073,20251001_baseline_mouse1_APP_scored_scores_1Hz.csv
mouse?,GENO?,unknown,90,25085,20251005_baseline_mouse8_WT_scored_scores_1Hz.csv
mouse?,GENO?,unknown,26,25133,20251013_ambtemp_mouse2_WT_scored_scores_1Hz.csv
mouse?,GENO?,unknown,91,25138,20251024_drugs_mouse11_WT_scored_scores_1Hz.csv
mouse?,GENO?,unknown,68,25186,20251022_drugs_mouse1_APP_scored_scores_1Hz.csv
mouse?,GENO?,unknown,82,25213,20251009_ambtemp_mouse3_APP_scored_scores_1Hz.csv
mouse?,GENO?,unknown,41,25254,20251007_baseline_mouse10_APP_scored_scores_1Hz.csv
mouse?,GENO?,unknown,96,25339,20251001_baseline_mouse1_APP_scored_scores_1Hz.csv
mouse?,GENO?,unknown,52,25377,20251003_ambtemp_mouse1_APP_scored_scores_1Hz.csv
mouse?,GENO?,unknown,82,25440,20251005_baseline_mouse8_WT_scored_scores_1Hz.csv
mouse?,GENO?,unknown,128,25456,20251007_ambtemp_mouse4_WT_scored_scores_1Hz.csv
mouse?,GENO?,unknown,185,25483,20251022_drugs_mouse1_APP_scored_scores_1Hz.csv
mouse?,GENO?,unknown,115,25498,20251002_baseline_mouse2_WT_scored_scores_1Hz.csv
mouse?,GENO?,unknown,83,25588,20251026_drugs_mouse12_WT_scored_scores_1Hz.csv
mouse?,GENO?,unknown,62,25627,20251013_baseline_mouse11_WT_scored_scores_1Hz.csv
mouse?,GENO?,unknown,54,25629,20251013_ambtemp_mouse2_WT_scored_scores_1Hz.csv
mouse?,GENO?,unknown,71,25667,20251024_drugs_mouse11_WT_scored_scores_1Hz.csv
mouse?,GENO?,unknown,147,25671,20251022_drugs_mouse2_WT_scored_scores_1Hz.csv
mouse?,GENO?,unknown,36,25697,20251023_drugs_mouse3_APP_scored_scores_1Hz.csv
mouse?,GENO?,unknown,215,25711,20251013_baseline_mouse11_WT_scored_scores_1Hz.csv
mouse?,GENO?,unknown,175,25716,20251003_ambtemp_mouse1_APP_scored_scores_1Hz.csv
mouse?,GENO?,unknown,62,25793,20251001_baseline_mouse1_APP_scored_scores_1Hz.csv
mouse?,GENO?,unknown,233,25847,20251025_ambtemp_mouse12_WT_scored_scores_1Hz.csv
mouse?,GENO?,unknown,379,25864,20251009_ambtemp_mouse3_APP_scored_scores_1Hz.csv
mouse?,GENO?,unknown,87,25892,20251013_ambtemp_mouse2_WT_scored_scores_1Hz.csv
mouse?,GENO?,unknown,181,25907,20251024_drugs_mouse10_APP_scored_scores_1Hz.csv
mouse?,GENO?,unknown,23,26003,20251007_baseline_mouse10_APP_scored_scores_1Hz.csv
mouse?,GENO?,unknown,94,26082,20251024_drugs_mouse11_WT_scored_scores_1Hz.csv
mouse?,GENO?,unknown,75,26114,20251023_drugs_mouse3_APP_scored_scores_1Hz.csv
mouse?,GENO?,unknown,119,26165,20251007_ambtemp_mouse4_WT_scored_scores_1Hz.csv
mouse?,GENO?,unknown,118,26208,20251013_ambtemp_mouse2_WT_scored_scores_1Hz.csv
mouse?,GENO?,unknown,69,26217,20251005_baseline_mouse8_WT_scored_scores_1Hz.csv
mouse?,GENO?,unknown,191,26302,20251001_baseline_mouse1_APP_scored_scores_1Hz.csv
mouse?,GENO?,unknown,46,26333,20251003_ambtemp_mouse1_APP_scored_scores_1Hz.csv
mouse?,GENO?,unknown,110,26341,20251026_drugs_mouse12_WT_scored_scores_1Hz.csv
mouse?,GENO?,unknown,83,26390,20251024_drugs_mouse11_WT_scored_scores_1Hz.csv
mouse?,GENO?,unknown,125,26445,20251007_baseline_mouse10_APP_scored_scores_1Hz.csv
mouse?,GENO?,unknown,78,26458,20251022_drugs_mouse1_APP_scored_scores_1Hz.csv
mouse?,GENO?,unknown,162,26496,20251022_drugs_mouse2_WT_scored_scores_1Hz.csv
mouse?,GENO?,unknown,46,26535,20251006_baseline_mouse4_WT_scored_scores_1Hz.csv
mouse?,GENO?,unknown,214,26613,20251005_baseline_mouse8_WT_scored_scores_1Hz.csv
mouse?,GENO?,unknown,74,26712,20251009_ambtemp_mouse3_APP_scored_scores_1Hz.csv
mouse?,GENO?,unknown,65,26769,20251013_baseline_mouse11_WT_scored_scores_1Hz.csv
mouse?,GENO?,unknown,111,26792,20251007_ambtemp_mouse4_WT_scored_scores_1Hz.csv
mouse?,GENO?,unknown,160,26840,20251026_drugs_mouse12_WT_scored_scores_1Hz.csv
mouse?,GENO?,unknown,52,26926,20251007_baseline_mouse10_APP_scored_scores_1Hz.csv
mouse?,GENO?,unknown,83,26967,20251022_drugs_mouse1_APP_scored_scores_1Hz.csv
mouse?,GENO?,unknown,48,27001,20251006_baseline_mouse4_WT_scored_scores_1Hz.csv
mouse?,GENO?,unknown,108,27037,20251001_baseline_mouse1_APP_scored_scores_1Hz.csv
mouse?,GENO?,unknown,166,27062,20251003_ambtemp_mouse1_APP_scored_scores_1Hz.csv
mouse?,GENO?,unknown,150,27215,20251012_baseline_mouse12_WT_scored_scores_1Hz.csv
mouse?,GENO?,unknown,140,27273,20251007_baseline_mouse10_APP_scored_scores_1Hz.csv
mouse?,GENO?,unknown,101,27303,20251009_ambtemp_mouse3_APP_scored_scores_1Hz.csv
mouse?,GENO?,unknown,130,27316,20251008_ambtemp_mouse10_APP_scored_scores_1Hz.csv
mouse?,GENO?,unknown,169,27393,20251005_baseline_mouse8_WT_scored_scores_1Hz.csv
mouse?,GENO?,unknown,39,27401,20251013_baseline_mouse11_WT_scored_scores_1Hz.csv
mouse?,GENO?,unknown,101,27474,20251006_baseline_mouse4_WT_scored_scores_1Hz.csv
mouse?,GENO?,unknown,199,27484,20251022_drugs_mouse2_WT_scored_scores_1Hz.csv
mouse?,GENO?,unknown,60,27499,20251012_ambtemp_mouse8_WT_scored_scores_1Hz.csv
mouse?,GENO?,unknown,128,27627,20251022_drugs_mouse1_APP_scored_scores_1Hz.csv
mouse?,GENO?,unknown,96,27650,20251013_baseline_mouse11_WT_scored_scores_1Hz.csv
mouse?,GENO?,unknown,242,27752,20251007_ambtemp_mouse4_WT_scored_scores_1Hz.csv
mouse?,GENO?,unknown,86,27773,20251009_ambtemp_mouse3_APP_scored_scores_1Hz.csv
mouse?,GENO?,unknown,173,27803,20251024_drugs_mouse10_APP_scored_scores_1Hz.csv
mouse?,GENO?,unknown,55,27828,20251012_ambtemp_mouse8_WT_scored_scores_1Hz.csv
mouse?,GENO?,unknown,46,27903,20251012_baseline_mouse12_WT_scored_scores_1Hz.csv
mouse?,GENO?,unknown,119,27925,20251007_baseline_mouse10_APP_scored_scores_1Hz.csv
mouse?,GENO?,unknown,57,27937,20251001_baseline_mouse1_APP_scored_scores_1Hz.csv
mouse?,GENO?,unknown,92,27964,20251006_baseline_mouse4_WT_scored_scores_1Hz.csv
mouse?,GENO?,unknown,67,28027,20251005_baseline_mouse8_WT_scored_scores_1Hz.csv
mouse?,GENO?,unknown,57,28029,20251022_drugs_mouse1_APP_scored_scores_1Hz.csv
mouse?,GENO?,unknown,38,28099,20251013_baseline_mouse11_WT_scored_scores_1Hz.csv
mouse?,GENO?,unknown,79,28135,20251008_ambtemp_mouse10_APP_scored_scores_1Hz.csv
mouse?,GENO?,unknown,20,28191,20251001_baseline_mouse1_APP_scored_scores_1Hz.csv
mouse?,GENO?,unknown,105,28192,20251012_baseline_mouse12_WT_scored_scores_1Hz.csv
mouse?,GENO?,unknown,145,28203,20251012_ambtemp_mouse8_WT_scored_scores_1Hz.csv
mouse?,GENO?,unknown,111,28241,20251022_drugs_mouse1_APP_scored_scores_1Hz.csv
mouse?,GENO?,unknown,148,28271,20251007_ambtemp_mouse4_WT_scored_scores_1Hz.csv
mouse?,GENO?,unknown,171,28306,20251006_baseline_mouse4_WT_scored_scores_1Hz.csv
mouse?,GENO?,unknown,44,28356,20251001_baseline_mouse1_APP_scored_scores_1Hz.csv
mouse?,GENO?,unknown,41,28477,20251013_ambtemp_mouse2_WT_scored_scores_1Hz.csv
mouse?,GENO?,unknown,48,28522,20251024_drugs_mouse10_APP_scored_scores_1Hz.csv
mouse?,GENO?,unknown,380,28652,20251022_drugs_mouse1_APP_scored_scores_1Hz.csv
mouse?,GENO?,unknown,88,28672,20251002_baseline_mouse2_WT_scored_scores_1Hz.csv
mouse?,GENO?,unknown,177,28743,20251007_ambtemp_mouse4_WT_scored_scores_1Hz.csv
mouse?,GENO?,unknown,168,28760,20251025_ambtemp_mouse12_WT_scored_scores_1Hz.csv
mouse?,GENO?,unknown,178,28844,20251012_baseline_mouse12_WT_scored_scores_1Hz.csv
mouse?,GENO?,unknown,86,28855,20251006_baseline_mouse4_WT_scored_scores_1Hz.csv
mouse?,GENO?,unknown,85,28911,20251024_drugs_mouse10_APP_scored_scores_1Hz.csv
mouse?,GENO?,unknown,36,29045,20251013_ambtemp_mouse2_WT_scored_scores_1Hz.csv
mouse?,GENO?,unknown,31,29073,20251008_ambtemp_mouse10_APP_scored_scores_1Hz.csv
mouse?,GENO?,unknown,28,29091,20251006_baseline_mouse4_WT_scored_scores_1Hz.csv
mouse?,GENO?,unknown,62,29345,20251003_ambtemp_mouse1_APP_scored_scores_1Hz.csv
mouse?,GENO?,unknown,77,29355,20251013_ambtemp_mouse2_WT_scored_scores_1Hz.csv
mouse?,GENO?,unknown,124,29377,20251008_ambtemp_mouse10_APP_scored_scores_1Hz.csv
mouse?,GENO?,unknown,36,29466,20251007_ambtemp_mouse4_WT_scored_scores_1Hz.csv
mouse?,GENO?,unknown,97,29475,20251022_drugs_mouse2_WT_scored_scores_1Hz.csv
mouse?,GENO?,unknown,179,29518,20251005_baseline_mouse8_WT_scored_scores_1Hz.csv
mouse?,GENO?,unknown,39,29536,20251022_drugs_mouse1_APP_scored_scores_1Hz.csv
mouse?,GENO?,unknown,148,29543,20251025_ambtemp_mouse12_WT_scored_scores_1Hz.csv
mouse?,GENO?,unknown,251,29712,20251007_ambtemp_mouse4_WT_scored_scores_1Hz.csv
mouse?,GENO?,unknown,233,29769,20251003_ambtemp_mouse1_APP_scored_scores_1Hz.csv
mouse?,GENO?,unknown,52,29797,20251007_baseline_mouse10_APP_scored_scores_1Hz.csv
mouse?,GENO?,unknown,98,29836,20251008_ambtemp_mouse10_APP_scored_scores_1Hz.csv
mouse?,GENO?,unknown,109,29842,20251012_ambtemp_mouse8_WT_scored_scores_1Hz.csv
mouse?,GENO?,unknown,41,29957,20251012_baseline_mouse12_WT_scored_scores_1Hz.csv
mouse?,GENO?,unknown,111,29991,20251013_ambtemp_mouse2_WT_scored_scores_1Hz.csv
mouse?,GENO?,unknown,103,30104,20251005_baseline_mouse8_WT_scored_scores_1Hz.csv
mouse?,GENO?,unknown,65,30358,20251007_baseline_mouse10_APP_scored_scores_1Hz.csv
mouse?,GENO?,unknown,47,30362,20251008_ambtemp_mouse10_APP_scored_scores_1Hz.csv
mouse?,GENO?,unknown,93,30365,20251012_baseline_mouse12_WT_scored_scores_1Hz.csv
mouse?,GENO?,unknown,94,30378,20251026_drugs_mouse12_WT_scored_scores_1Hz.csv
mouse?,GENO?,unknown,144,30431,20251012_ambtemp_mouse8_WT_scored_scores_1Hz.csv
mouse?,GENO?,unknown,31,30466,20251001_baseline_mouse1_APP_scored_scores_1Hz.csv
mouse?,GENO?,unknown,70,30510,20251007_baseline_mouse10_APP_scored_scores_1Hz.csv
mouse?,GENO?,unknown,142,30520,20251003_ambtemp_mouse1_APP_scored_scores_1Hz.csv
mouse?,GENO?,unknown,188,30549,20251008_ambtemp_mouse10_APP_scored_scores_1Hz.csv
mouse?,GENO?,unknown,47,30782,20251001_baseline_mouse1_APP_scored_scores_1Hz.csv
mouse?,GENO?,unknown,96,30833,20251025_ambtemp_mouse12_WT_scored_scores_1Hz.csv
mouse?,GENO?,unknown,143,30916,20251003_ambtemp_mouse1_APP_scored_scores_1Hz.csv
mouse?,GENO?,unknown,189,30981,20251008_ambtemp_mouse10_APP_scored_scores_1Hz.csv
mouse?,GENO?,unknown,177,31049,20251026_drugs_mouse12_WT_scored_scores_1Hz.csv
mouse?,GENO?,unknown,145,31228,20251005_baseline_mouse8_WT_scored_scores_1Hz.csv
mouse?,GENO?,unknown,119,31311,20251012_ambtemp_mouse8_WT_scored_scores_1Hz.csv
mouse?,GENO?,unknown,82,31607,20251001_baseline_mouse1_APP_scored_scores_1Hz.csv
mouse?,GENO?,unknown,60,31669,20251005_baseline_mouse8_WT_scored_scores_1Hz.csv
mouse?,GENO?,unknown,238,31935,20251005_baseline_mouse8_WT_scored_scores_1Hz.csv
mouse?,GENO?,unknown,58,32328,20251008_ambtemp_mouse10_APP_scored_scores_1Hz.csv
mouse?,GENO?,unknown,87,32395,20251001_baseline_mouse1_APP_scored_scores_1Hz.csv
mouse?,GENO?,unknown,110,32719,20251005_baseline_mouse8_WT_scored_scores_1Hz.csv
mouse?,GENO?,unknown,39,32737,20251008_ambtemp_mouse10_APP_scored_scores_1Hz.csv
mouse?,GENO?,unknown,132,32892,20251001_baseline_mouse1_APP_scored_scores_1Hz.csv
mouse?,GENO?,unknown,19,32961,20251008_ambtemp_mouse10_APP_scored_scores_1Hz.csv
mouse?,GENO?,unknown,101,33228,20251005_baseline_mouse8_WT_scored_scores_1Hz.csv
mouse?,GENO?,unknown,55,33295,20251008_ambtemp_mouse10_APP_scored_scores_1Hz.csv
mouse?,GENO?,unknown,154,33643,20251008_ambtemp_mouse10_APP_scored_scores_1Hz.csv
mouse?,GENO?,unknown,147,35322,20251005_baseline_mouse8_WT_scored_scores_1Hz.csv
