bout_id,state_code,state,start_epoch,end_epoch,start_time_s,end_time_s,dur_s,ach_mean,ach_median,ach_iqr,ach_std,ach_n,ach_trend_mean,ach_trend_median,ach_trend_iqr,ach_trend_std,ach_trend_n,ach_trend_slope_per_min,event_labels_in,n_events_in
1,-1,,1,2,0,2,2,-10.54582,4.960999,25.28666,32.54829,20,3.985615,3.985631,0.02173138,0.01285675,20,-1.326407,,0
2,0,WAKE,2,3,1,3,2,6.023431,4.686329,1.572117,2.484278,20,3.963834,3.963851,0.02183223,0.01291515,20,-1.332432,,0
3,1,NREM,621,4,620,4,-616,2.963544,2.963544,0,0,1,1.260352,1.260352,0,0,1,NaN,,0
4,0,WAKE,735,5,734,5,-729,1.853,1.853,0,0,1,1.474211,1.474211,0,0,1,NaN,,0
5,1,NREM,764,6,763,6,-757,-0.5119308,-0.5119308,0,0,1,2.337496,2.337496,0,0,1,NaN,,0
6,0,WAKE,846,7,845,7,-838,1.294712,1.294712,0,0,1,1.448319,1.448319,0,0,1,NaN,,0
7,1,NREM,866,8,865,8,-857,-0.02340748,-0.02340748,0,0,1,0.5538213,0.5538213,0,0,1,NaN,,0
8,0,WAKE,889,9,888,9,-879,1.19644,1.19644,0,0,1,-0.03275147,-0.03275147,0,0,1,NaN,,0
9,1,NREM,895,10,894,10,-884,1.323102,1.323102,0,0,1,-0.1295817,-0.1295817,0,0,1,NaN,,0
10,0,WAKE,924,11,923,11,-912,1.147442,1.147442,0,0,1,-0.6356853,-0.6356853,0,0,1,NaN,,0
11,1,NREM,932,12,931,12,-919,1.918881,1.918881,0,0,1,-0.7756317,-0.7756317,0,0,1,NaN,,0
12,0,WAKE,1054,13,1053,13,-1040,-0.6048424,-0.6048424,0,0,1,-0.5463159,-0.5463159,0,0,1,NaN,,0
13,1,NREM,1057,14,1056,14,-1042,1.020446,1.020446,0,0,1,-0.4950802,-0.4950802,0,0,1,NaN,,0
14,2,REM,1104,15,1103,15,-1088,0.1859204,0.1859204,0,0,1,-0.2585408,-0.2585408,0,0,1,NaN,,0
15,0,WAKE,1178,16,1177,16,-1161,0.5445103,0.5445103,0,0,1,0.3994492,0.3994492,0,0,1,NaN,,0
16,1,NREM,1202,17,1201,17,-1184,-0.02130562,-0.02130562,0,0,1,0.6098338,0.6098338,0,0,1,NaN,,0
17,0,WAKE,1298,18,1297,18,-1279,6.537707,6.537707,0,0,1,1.193215,1.193215,0,0,1,NaN,,0
18,1,NREM,1303,19,1302,19,-1283,4.55408,4.55408,0,0,1,1.179515,1.179515,0,0,1,NaN,,0
19,0,WAKE,1344,20,1343,20,-1323,0.5015003,0.5015003,0,0,1,0.6146302,0.6146302,0,0,1,NaN,,0
20,1,NREM,1348,21,1347,21,-1326,3.817698,3.817698,0,0,1,0.510492,0.510492,0,0,1,NaN,,0
21,0,WAKE,1365,22,1364,22,-1342,1.55057,1.55057,0,0,1,0.07390037,0.07390037,0,0,1,NaN,,0
22,1,NREM,1438,23,1437,23,-1414,2.183257,2.183257,0,0,1,-0.4199939,-0.4199939,0,0,1,NaN,,0
23,2,REM,1513,24,1512,24,-1488,2.445776,2.445776,0,0,1,0.9195746,0.9195746,0,0,1,NaN,,0
24,0,WAKE,1614,25,1613,25,-1588,-0.6537205,-0.6537205,0,0,1,-0.3594447,-0.3594447,0,0,1,NaN,,0
25,1,NREM,1624,26,1623,26,-1597,-0.7087901,-0.7087901,0,0,1,-0.5997929,-0.5997929,0,0,1,NaN,,0
26,2,REM,1926,27,1925,27,-1898,-0.3813788,-0.3813788,0,0,1,-0.8984227,-0.8984227,0,0,1,NaN,,0
27,0,WAKE,2022,28,2021,28,-1993,0.1467316,0.1467316,0,0,1,0.03111953,0.03111953,0,0,1,NaN,,0
28,1,NREM,2032,29,2031,29,-2002,-0.005581005,-0.005581005,0,0,1,-0.1015042,-0.1015042,0,0,1,NaN,,0
29,0,WAKE,2172,30,2171,30,-2141,0.6129236,0.6129236,0,0,1,0.8008912,0.8008912,0,0,1,NaN,,0
30,1,NREM,2250,31,2249,31,-2218,2.305022,2.305022,0,0,1,2.045966,2.045966,0,0,1,NaN,,0
31,0,WAKE,2330,32,2329,32,-2297,3.846715,3.846715,0,0,1,0.3616521,0.3616521,0,0,1,NaN,,0
32,1,NREM,2336,33,2335,33,-2302,2.157535,2.157535,0,0,1,0.2663525,0.2663525,0,0,1,NaN,,0
33,2,REM,2352,34,2351,34,-2317,0.037935,0.037935,0,0,1,0.1436245,0.1436245,0,0,1,NaN,,0
34,0,WAKE,2428,35,2427,35,-2392,-1.320871,-1.320871,0,0,1,1.35051,1.35051,0,0,1,NaN,,0
35,1,NREM,2493,36,2492,36,-2456,1.904649,1.904649,0,0,1,2.671906,2.671906,0,0,1,NaN,,0
36,2,REM,2726,37,2725,37,-2688,2.484132,2.484132,0,0,1,0.8174379,0.8174379,0,0,1,NaN,,0
37,0,WAKE,2756,38,2755,38,-2717,0.7215572,0.7215572,0,0,1,1.023911,1.023911,0,0,1,NaN,,0
38,1,NREM,3091,39,3090,39,-3051,2.186056,2.186056,0,0,1,1.335247,1.335247,0,0,1,NaN,,0
39,0,WAKE,3165,40,3164,40,-3124,-1.168012,-1.168012,0,0,1,-0.4248987,-0.4248987,0,0,1,NaN,,0
40,1,NREM,3171,41,3170,41,-3129,-1.310437,-1.310437,0,0,1,-0.6111641,-0.6111641,0,0,1,NaN,,0
41,0,WAKE,3289,42,3288,42,-3246,0.2352418,0.2352418,0,0,1,0.9397802,0.9397802,0,0,1,NaN,,0
42,1,NREM,3297,43,3296,43,-3253,1.546062,1.546062,0,0,1,1.123392,1.123392,0,0,1,NaN,,0
43,0,WAKE,3323,44,3322,44,-3278,2.600152,2.600152,0,0,1,1.595546,1.595546,0,0,1,NaN,,0
44,1,NREM,3329,45,3328,45,-3283,2.565136,2.565136,0,0,1,1.650845,1.650845,0,0,1,NaN,,0
45,0,WAKE,3381,46,3380,46,-3334,2.389262,2.389262,0,0,1,0.9926639,0.9926639,0,0,1,NaN,,0
46,1,NREM,3387,47,3386,47,-3339,2.243177,2.243177,0,0,1,0.7930177,0.7930177,0,0,1,NaN,,0
47,2,REM,3422,48,3421,48,-3373,-2.225653,-2.225653,0,0,1,-0.2344204,-0.2344204,0,0,1,NaN,,0
48,0,WAKE,3441,49,3440,49,-3391,-1.252161,-1.252161,0,0,1,-0.6963257,-0.6963257,0,0,1,NaN,,0
49,1,NREM,3451,50,3450,50,-3400,-0.06743319,-0.06743319,0,0,1,-0.8153891,-0.8153891,0,0,1,NaN,,0
50,0,WAKE,3486,51,3485,51,-3434,0.1962055,0.1962055,0,0,1,-0.3831351,-0.3831351,0,0,1,NaN,,0
51,1,NREM,3499,52,3498,52,-3446,-0.614951,-0.614951,0,0,1,-0.2286399,-0.2286399,0,0,1,NaN,,0
52,0,WAKE,3549,53,3548,53,-3495,-1.014236,-1.014236,0,0,1,-0.7788606,-0.7788606,0,0,1,NaN,,0
53,1,NREM,3555,54,3554,54,-3500,0.3070494,0.3070494,0,0,1,-0.9337631,-0.9337631,0,0,1,NaN,,0
54,0,WAKE,3755,55,3754,55,-3699,0.6704654,0.6704654,0,0,1,-0.371917,-0.371917,0,0,1,NaN,,0
55,1,NREM,3773,56,3772,56,-3716,0.2939221,0.2939221,0,0,1,-0.4068767,-0.4068767,0,0,1,NaN,,0
56,0,WAKE,3890,57,3889,57,-3832,0.8564575,0.8564575,0,0,1,-0.9785597,-0.9785597,0,0,1,NaN,,0
57,1,NREM,3899,58,3898,58,-3840,1.636388,1.636388,0,0,1,-1.029955,-1.029955,0,0,1,NaN,,0
58,0,WAKE,3946,59,3945,59,-3886,-1.895761,-1.895761,0,0,1,-1.463982,-1.463982,0,0,1,NaN,,0
59,1,NREM,3953,60,3952,60,-3892,-0.8930042,-0.8930042,0,0,1,-1.508462,-1.508462,0,0,1,NaN,,0
60,0,WAKE,4067,61,4066,61,-4005,-0.6321322,-0.6321322,0,0,1,-0.3500784,-0.3500784,0,0,1,NaN,,0
61,1,NREM,4841,62,4840,62,-4778,2.853854,2.853854,0,0,1,1.761253,1.761253,0,0,1,NaN,,0
62,0,WAKE,4957,63,4956,63,-4893,-2.177701,-2.177701,0,0,1,-1.289582,-1.289582,0,0,1,NaN,,0
63,1,NREM,4969,64,4968,64,-4904,-1.185304,-1.185304,0,0,1,-1.336796,-1.336796,0,0,1,NaN,,0
64,0,WAKE,5032,65,5031,65,-4966,-1.063709,-1.063709,0,0,1,-1.382161,-1.382161,0,0,1,NaN,,0
65,1,NREM,5038,66,5037,66,-4971,0.260778,0.260778,0,0,1,-1.395506,-1.395506,0,0,1,NaN,,0
66,0,WAKE,5080,67,5079,67,-5012,-1.337408,-1.337408,0,0,1,-1.476429,-1.476429,0,0,1,NaN,,0
67,1,NREM,5084,68,5083,68,-5015,-0.7892419,-0.7892419,0,0,1,-1.494953,-1.494953,0,0,1,NaN,,0
68,0,WAKE,5117,69,5116,69,-5047,-1.661012,-1.661012,0,0,1,-1.634402,-1.634402,0,0,1,NaN,,0
69,1,NREM,5122,70,5121,70,-5051,-0.7725956,-0.7725956,0,0,1,-1.68603,-1.68603,0,0,1,NaN,,0
70,0,WAKE,5187,71,5186,71,-5115,-1.946215,-1.946215,0,0,1,-1.462335,-1.462335,0,0,1,NaN,,0
71,1,NREM,5210,72,5209,72,-5137,0.5170311,0.5170311,0,0,1,-1.000187,-1.000187,0,0,1,NaN,,0
72,0,WAKE,5280,73,5279,73,-5206,-1.881765,-1.881765,0,0,1,-0.7871922,-0.7871922,0,0,1,NaN,,0
73,1,NREM,5284,74,5283,74,-5209,-1.51934,-1.51934,0,0,1,-0.7820277,-0.7820277,0,0,1,NaN,,0
74,0,WAKE,5314,75,5313,75,-5238,0.3085332,0.3085332,0,0,1,-0.738493,-0.738493,0,0,1,NaN,,0
75,1,NREM,5319,76,5318,76,-5242,0.1461568,0.1461568,0,0,1,-0.7517391,-0.7517391,0,0,1,NaN,,0
76,0,WAKE,5341,77,5340,77,-5263,-0.08808482,-0.08808482,0,0,1,-1.124264,-1.124264,0,0,1,NaN,,0
77,1,NREM,5345,78,5344,78,-5266,-0.6738394,-0.6738394,0,0,1,-1.215692,-1.215692,0,0,1,NaN,,0
78,2,REM,5432,79,5431,79,-5352,-1.63139,-1.63139,0,0,1,-1.930351,-1.930351,0,0,1,NaN,,0
79,0,WAKE,5459,80,5458,80,-5378,-3.984745,-3.984745,0,0,1,-1.552876,-1.552876,0,0,1,NaN,,0
80,1,NREM,5470,81,5469,81,-5388,-0.8408598,-0.8408598,0,0,1,-1.426638,-1.426638,0,0,1,NaN,,0
81,0,WAKE,5515,82,5514,82,-5432,-0.9880434,-0.9880434,0,0,1,-1.10199,-1.10199,0,0,1,NaN,,0
82,1,NREM,5521,83,5520,83,-5437,-0.9346747,-0.9346747,0,0,1,-1.09797,-1.09797,0,0,1,NaN,,0
83,0,WAKE,5553,84,5552,84,-5468,-0.4540024,-0.4540024,0,0,1,-1.073741,-1.073741,0,0,1,NaN,,0
84,1,NREM,5558,85,5557,85,-5472,0.7204152,0.7204152,0,0,1,-1.070256,-1.070256,0,0,1,NaN,,0
85,0,WAKE,5631,86,5630,86,-5544,-0.1313567,-0.1313567,0,0,1,-1.100066,-1.100066,0,0,1,NaN,,0
86,1,NREM,5638,87,5637,87,-5550,-0.733097,-0.733097,0,0,1,-1.059986,-1.059986,0,0,1,NaN,,0
87,0,WAKE,5698,88,5697,88,-5609,-0.2722187,-0.2722187,0,0,1,-0.6467582,-0.6467582,0,0,1,NaN,,0
88,1,NREM,5706,89,5705,89,-5616,0.1687221,0.1687221,0,0,1,-0.6585984,-0.6585984,0,0,1,NaN,,0
89,2,REM,5775,90,5774,90,-5684,-1.303507,-1.303507,0,0,1,-1.188467,-1.188467,0,0,1,NaN,,0
90,0,WAKE,5893,91,5892,91,-5801,-0.1759825,-0.1759825,0,0,1,-0.6024648,-0.6024648,0,0,1,NaN,,0
91,1,NREM,5901,92,5900,92,-5808,3.858474,3.858474,0,0,1,-0.1750672,-0.1750672,0,0,1,NaN,,0
92,0,WAKE,5994,93,5993,93,-5900,2.678178,2.678178,0,0,1,2.350942,2.350942,0,0,1,NaN,,0
93,1,NREM,6002,94,6001,94,-5907,2.987422,2.987422,0,0,1,2.247719,2.247719,0,0,1,NaN,,0
94,0,WAKE,6014,95,6013,95,-5918,4.394265,4.394265,0,0,1,2.103556,2.103556,0,0,1,NaN,,0
95,1,NREM,6019,96,6018,96,-5922,3.196345,3.196345,0,0,1,2.044237,2.044237,0,0,1,NaN,,0
96,0,WAKE,6046,97,6045,97,-5948,2.291633,2.291633,0,0,1,1.620466,1.620466,0,0,1,NaN,,0
97,1,NREM,6051,98,6050,98,-5952,3.534524,3.534524,0,0,1,1.511976,1.511976,0,0,1,NaN,,0
98,0,WAKE,6099,99,6098,99,-5999,0.4481323,0.4481323,0,0,1,0.8094717,0.8094717,0,0,1,NaN,,0
99,1,NREM,6106,100,6105,100,-6005,3.279515,3.279515,0,0,1,0.7965136,0.7965136,0,0,1,NaN,,0
100,0,WAKE,6140,101,6139,101,-6038,1.515376,1.515376,0,0,1,0.7430784,0.7430784,0,0,1,NaN,,0
101,1,NREM,6145,102,6144,102,-6042,1.526429,1.526429,0,0,1,0.7202431,0.7202431,0,0,1,NaN,,0
102,0,WAKE,6214,103,6213,103,-6110,-0.4124285,-0.4124285,0,0,1,-0.01949388,-0.01949388,0,0,1,NaN,,0
103,1,NREM,6222,104,6221,104,-6117,0.442863,0.442863,0,0,1,-0.1230453,-0.1230453,0,0,1,NaN,,0
104,0,WAKE,6268,105,6267,105,-6162,-0.8258787,-0.8258787,0,0,1,-0.2153614,-0.2153614,0,0,1,NaN,,0
105,1,NREM,6286,106,6285,106,-6179,-0.5033692,-0.5033692,0,0,1,-0.2006508,-0.2006508,0,0,1,NaN,,0
106,0,WAKE,6388,107,6387,107,-6280,-0.6981834,-0.6981834,0,0,1,0.04039086,0.04039086,0,0,1,NaN,,0
107,1,NREM,6400,108,6399,108,-6291,0.8673247,0.8673247,0,0,1,0.08628742,0.08628742,0,0,1,NaN,,0
108,0,WAKE,6447,109,6446,109,-6337,-0.2712804,-0.2712804,0,0,1,0.001172067,0.001172067,0,0,1,NaN,,0
109,1,NREM,6454,110,6453,110,-6343,-0.7855321,-0.7855321,0,0,1,-0.06497769,-0.06497769,0,0,1,NaN,,0
110,2,REM,6478,111,6477,111,-6366,-0.263395,-0.263395,0,0,1,-0.2906851,-0.2906851,0,0,1,NaN,,0
111,0,WAKE,6616,112,6615,112,-6503,-3.837368,-3.837368,0,0,1,-1.962456,-1.962456,0,0,1,NaN,,0
112,1,NREM,6640,113,6639,113,-6526,-1.812397,-1.812397,0,0,1,-0.6690246,-0.6690246,0,0,1,NaN,,0
113,0,WAKE,6700,114,6699,114,-6585,5.111,5.111,0,0,1,2.63026,2.63026,0,0,1,NaN,,0
114,1,NREM,6708,115,6707,115,-6592,4.268659,4.268659,0,0,1,2.945093,2.945093,0,0,1,NaN,,0
115,0,WAKE,6792,116,6791,116,-6675,5.86434,5.86434,0,0,1,4.711877,4.711877,0,0,1,NaN,,0
116,1,NREM,6806,117,6805,117,-6688,5.896511,5.896511,0,0,1,4.460441,4.460441,0,0,1,NaN,,0
117,0,WAKE,6848,118,6847,118,-6729,3.316706,3.316706,0,0,1,3.373616,3.373616,0,0,1,NaN,,0
118,1,NREM,7156,119,7155,119,-7036,0.6553629,0.6553629,0,0,1,0.5561948,0.5561948,0,0,1,NaN,,0
119,0,WAKE,7233,120,7232,120,-7112,2.795397,2.795397,0,0,1,0.4876216,0.4876216,0,0,1,NaN,,0
120,1,NREM,7241,121,7240,121,-7119,2.729584,2.729584,0,0,1,0.4641308,0.4641308,0,0,1,NaN,,0
121,0,WAKE,7294,122,7293,122,-7171,3.35742,3.35742,0,0,1,1.054308,1.054308,0,0,1,NaN,,0
122,1,NREM,7306,123,7305,123,-7182,0.8600978,0.8600978,0,0,1,1.339887,1.339887,0,0,1,NaN,,0
123,2,REM,7333,124,7332,124,-7208,2.61838,2.61838,0,0,1,1.562132,1.562132,0,0,1,NaN,,0
124,0,WAKE,7365,125,7364,125,-7239,-0.209896,-0.209896,0,0,1,1.050562,1.050562,0,0,1,NaN,,0
125,1,NREM,7730,126,7729,126,-7603,3.305944,3.305944,0,0,1,2.293347,2.293347,0,0,1,NaN,,0
126,0,WAKE,7821,127,7820,127,-7693,1.064089,1.064089,0,0,1,0.5923108,0.5923108,0,0,1,NaN,,0
127,1,NREM,7829,128,7828,128,-7700,2.525761,2.525761,0,0,1,0.4561481,0.4561481,0,0,1,NaN,,0
128,0,WAKE,7871,129,7870,129,-7741,0.4853058,0.4853058,0,0,1,-0.03946393,-0.03946393,0,0,1,NaN,,0
129,1,NREM,7892,130,7891,130,-7761,2.343242,2.343242,0,0,1,-0.177104,-0.177104,0,0,1,NaN,,0
130,0,WAKE,8109,131,8108,131,-7977,0.2172081,0.2172081,0,0,1,0.6903312,0.6903312,0,0,1,NaN,,0
131,1,NREM,8256,132,8255,132,-8123,0.9687756,0.9687756,0,0,1,0.3546191,0.3546191,0,0,1,NaN,,0
132,0,WAKE,8337,133,8336,133,-8203,-1.015829,-1.015829,0,0,1,-0.8901728,-0.8901728,0,0,1,NaN,,0
133,1,NREM,8341,134,8340,134,-8206,1.689522,1.689522,0,0,1,-0.911843,-0.911843,0,0,1,NaN,,0
134,0,WAKE,8413,135,8412,135,-8277,1.699253,1.699253,0,0,1,-0.15678,-0.15678,0,0,1,NaN,,0
135,1,NREM,8421,136,8420,136,-8284,1.441675,1.441675,0,0,1,-0.08926442,-0.08926442,0,0,1,NaN,,0
136,0,WAKE,8530,137,8529,137,-8392,-1.412066,-1.412066,0,0,1,0.04750747,0.04750747,0,0,1,NaN,,0
137,1,NREM,8544,138,8543,138,-8405,-0.1234106,-0.1234106,0,0,1,0.2423419,0.2423419,0,0,1,NaN,,0
138,0,WAKE,8715,139,8714,139,-8575,-1.226863,-1.226863,0,0,1,-0.4523128,-0.4523128,0,0,1,NaN,,0
139,1,NREM,8743,140,8742,140,-8602,-0.1769145,-0.1769145,0,0,1,-0.511815,-0.511815,0,0,1,NaN,,0
140,0,WAKE,8818,141,8817,141,-8676,-0.8645234,-0.8645234,0,0,1,-0.8936464,-0.8936464,0,0,1,NaN,,0
141,1,NREM,8825,142,8824,142,-8682,-0.2880682,-0.2880682,0,0,1,-0.8894579,-0.8894579,0,0,1,NaN,,0
142,0,WAKE,8871,143,8870,143,-8727,-0.05270791,-0.05270791,0,0,1,-0.5299782,-0.5299782,0,0,1,NaN,,0
143,1,NREM,8882,144,8881,144,-8737,0.9181346,0.9181346,0,0,1,-0.4624931,-0.4624931,0,0,1,NaN,,0
144,0,WAKE,8920,145,8919,145,-8774,-0.1281174,-0.1281174,0,0,1,-0.09187634,-0.09187634,0,0,1,NaN,,0
145,1,NREM,8932,146,8931,146,-8785,0.3666279,0.3666279,0,0,1,-0.1054301,-0.1054301,0,0,1,NaN,,0
146,0,WAKE,9067,147,9066,147,-8919,-1.312774,-1.312774,0,0,1,-0.7690744,-0.7690744,0,0,1,NaN,,0
147,1,NREM,9074,148,9073,148,-8925,0.2200564,0.2200564,0,0,1,-0.691678,-0.691678,0,0,1,NaN,,0
148,0,WAKE,9111,149,9110,149,-8961,-0.1728067,-0.1728067,0,0,1,-0.5782452,-0.5782452,0,0,1,NaN,,0
149,1,NREM,9123,150,9122,150,-8972,-1.148193,-1.148193,0,0,1,-0.6776987,-0.6776987,0,0,1,NaN,,0
150,0,WAKE,9139,151,9138,151,-8987,-1.065552,-1.065552,0,0,1,-0.8730359,-0.8730359,0,0,1,NaN,,0
151,1,NREM,9145,152,9144,152,-8992,-0.5264465,-0.5264465,0,0,1,-0.9577531,-0.9577531,0,0,1,NaN,,0
152,2,REM,9197,153,9196,153,-9043,-1.466084,-1.466084,0,0,1,-1.439159,-1.439159,0,0,1,NaN,,0
153,0,WAKE,9228,154,9227,154,-9073,-1.499087,-1.499087,0,0,1,-1.147645,-1.147645,0,0,1,NaN,,0
154,1,NREM,9234,155,9233,155,-9078,-0.353579,-0.353579,0,0,1,-1.053626,-1.053626,0,0,1,NaN,,0
155,0,WAKE,9264,156,9263,156,-9107,-0.4598482,-0.4598482,0,0,1,-0.6143504,-0.6143504,0,0,1,NaN,,0
156,1,NREM,9271,157,9270,157,-9113,1.095028,1.095028,0,0,1,-0.5322427,-0.5322427,0,0,1,NaN,,0
157,0,WAKE,9290,158,9289,158,-9131,-1.205335,-1.205335,0,0,1,-0.4161387,-0.4161387,0,0,1,NaN,,0
158,1,NREM,9298,159,9297,159,-9138,-0.8899345,-0.8899345,0,0,1,-0.4066359,-0.4066359,0,0,1,NaN,,0
159,0,WAKE,9343,160,9342,160,-9182,0.09454166,0.09454166,0,0,1,-0.6150078,-0.6150078,0,0,1,NaN,,0
160,1,NREM,9350,161,9349,161,-9188,-0.005044073,-0.005044073,0,0,1,-0.6570177,-0.6570177,0,0,1,NaN,,0
161,0,WAKE,9448,162,9447,162,-9285,-1.034387,-1.034387,0,0,1,-0.7461498,-0.7461498,0,0,1,NaN,,0
162,1,NREM,9458,163,9457,163,-9294,-0.3490892,-0.3490892,0,0,1,-0.7196584,-0.7196584,0,0,1,NaN,,0
163,0,WAKE,9493,164,9492,164,-9328,-1.068687,-1.068687,0,0,1,-0.5809582,-0.5809582,0,0,1,NaN,,0
164,1,NREM,9496,165,9495,165,-9330,0.8622526,0.8622526,0,0,1,-0.6016533,-0.6016533,0,0,1,NaN,,0
165,2,REM,9551,166,9550,166,-9384,-0.7543954,-0.7543954,0,0,1,-1.231312,-1.231312,0,0,1,NaN,,0
166,0,WAKE,9674,167,9673,167,-9506,-2.474876,-2.474876,0,0,1,-1.854449,-1.854449,0,0,1,NaN,,0
167,1,NREM,10012,168,10011,168,-9843,2.553436,2.553436,0,0,1,1.269111,1.269111,0,0,1,NaN,,0
168,0,WAKE,10108,169,10107,169,-9938,-0.3635211,-0.3635211,0,0,1,0.08392639,0.08392639,0,0,1,NaN,,0
169,1,NREM,10112,170,10111,170,-9941,0.3648088,0.3648088,0,0,1,0.04412171,0.04412171,0,0,1,NaN,,0
170,0,WAKE,10222,171,10221,171,-10050,-0.2691157,-0.2691157,0,0,1,-0.5160391,-0.5160391,0,0,1,NaN,,0
171,1,NREM,10227,172,10226,172,-10054,0.1122652,0.1122652,0,0,1,-0.5587658,-0.5587658,0,0,1,NaN,,0
172,0,WAKE,10264,173,10263,173,-10090,-0.02752534,-0.02752534,0,0,1,-0.6210768,-0.6210768,0,0,1,NaN,,0
173,1,NREM,10272,174,10271,174,-10097,-0.1477097,-0.1477097,0,0,1,-0.6283774,-0.6283774,0,0,1,NaN,,0
174,0,WAKE,10304,175,10303,175,-10128,-0.8375268,-0.8375268,0,0,1,-0.6345359,-0.6345359,0,0,1,NaN,,0
175,1,NREM,10309,176,10308,176,-10132,-0.4212022,-0.4212022,0,0,1,-0.6679749,-0.6679749,0,0,1,NaN,,0
176,2,REM,10469,177,10468,177,-10291,3.732869,3.732869,0,0,1,3.282704,3.282704,0,0,1,NaN,,0
177,0,WAKE,10544,178,10543,178,-10365,9.062881,9.062881,0,0,1,5.105946,5.105946,0,0,1,NaN,,0
178,1,NREM,10825,179,10824,179,-10645,2.760759,2.760759,0,0,1,0.1617645,0.1617645,0,0,1,NaN,,0
179,0,WAKE,10908,180,10907,180,-10727,0.4898047,0.4898047,0,0,1,0.02700503,0.02700503,0,0,1,NaN,,0
180,1,NREM,10914,181,10913,181,-10732,0.8914201,0.8914201,0,0,1,0.04086699,0.04086699,0,0,1,NaN,,0
181,0,WAKE,11016,182,11015,182,-10833,-0.1350009,-0.1350009,0,0,1,0.7543995,0.7543995,0,0,1,NaN,,0
182,1,NREM,11374,183,11373,183,-11190,1.158878,1.158878,0,0,1,0.4036072,0.4036072,0,0,1,NaN,,0
183,0,WAKE,11424,184,11423,184,-11239,0.9442859,0.9442859,0,0,1,0.4895593,0.4895593,0,0,1,NaN,,0
184,1,NREM,11428,185,11427,185,-11242,0.4237172,0.4237172,0,0,1,0.5175176,0.5175176,0,0,1,NaN,,0
185,0,WAKE,11457,186,11456,186,-11270,1.005831,1.005831,0,0,1,0.6293772,0.6293772,0,0,1,NaN,,0
186,1,NREM,11460,187,11459,187,-11272,-0.3545684,-0.3545684,0,0,1,0.6278254,0.6278254,0,0,1,NaN,,0
187,0,WAKE,11487,188,11486,188,-11298,0.3622646,0.3622646,0,0,1,0.5040621,0.5040621,0,0,1,NaN,,0
188,1,NREM,11500,189,11499,189,-11310,1.923111,1.923111,0,0,1,0.4797687,0.4797687,0,0,1,NaN,,0
189,0,WAKE,11553,190,11552,190,-11362,-0.4440542,-0.4440542,0,0,1,0.322712,0.322712,0,0,1,NaN,,0
190,1,NREM,11559,191,11558,191,-11367,1.201842,1.201842,0,0,1,0.3158002,0.3158002,0,0,1,NaN,,0
191,0,WAKE,11576,192,11575,192,-11383,0.5036163,0.5036163,0,0,1,0.28256,0.28256,0,0,1,NaN,,0
192,1,NREM,11581,193,11580,193,-11387,1.121952,1.121952,0,0,1,0.2749423,0.2749423,0,0,1,NaN,,0
193,0,WAKE,11604,194,11603,194,-11409,0.2194349,0.2194349,0,0,1,0.3374587,0.3374587,0,0,1,NaN,,0
194,1,NREM,11609,195,11608,195,-11413,1.927796,1.927796,0,0,1,0.3580213,0.3580213,0,0,1,NaN,,0
195,0,WAKE,11632,196,11631,196,-11435,0.9789372,0.9789372,0,0,1,0.5281036,0.5281036,0,0,1,NaN,,0
196,1,NREM,11641,197,11640,197,-11443,0.7563092,0.7563092,0,0,1,0.6299245,0.6299245,0,0,1,NaN,,0
197,0,WAKE,11660,198,11659,198,-11461,0.05552102,0.05552102,0,0,1,0.8451959,0.8451959,0,0,1,NaN,,0
198,1,NREM,11787,199,11786,199,-11587,1.955457,1.955457,0,0,1,1.194947,1.194947,0,0,1,NaN,,0
199,0,WAKE,11932,200,11931,200,-11731,-0.4058204,-0.4058204,0,0,1,-0.3901041,-0.3901041,0,0,1,NaN,,0
200,1,NREM,11939,201,11938,201,-11737,1.329458,1.329458,0,0,1,-0.4029591,-0.4029591,0,0,1,NaN,,0
201,0,WAKE,12055,202,12054,202,-11852,-0.392243,-0.392243,0,0,1,-0.5001339,-0.5001339,0,0,1,NaN,,0
202,1,NREM,12074,203,12073,203,-11870,1.616215,1.616215,0,0,1,-0.4302901,-0.4302901,0,0,1,NaN,,0
203,0,WAKE,12181,204,12180,204,-11976,-1.161141,-1.161141,0,0,1,-0.8673211,-0.8673211,0,0,1,NaN,,0
204,1,NREM,12198,205,12197,205,-11992,-0.5462647,-0.5462647,0,0,1,-1.061743,-1.061743,0,0,1,NaN,,0
205,2,REM,12289,206,12288,206,-12082,-1.977191,-1.977191,0,0,1,-2.410045,-2.410045,0,0,1,NaN,,0
206,0,WAKE,12340,207,12339,207,-12132,-4.454769,-4.454769,0,0,1,-1.225828,-1.225828,0,0,1,NaN,,0
207,1,NREM,12394,208,12393,208,-12185,1.562326,1.562326,0,0,1,1.014383,1.014383,0,0,1,NaN,,0
208,0,WAKE,12430,209,12429,209,-12220,0.05749515,0.05749515,0,0,1,0.6408113,0.6408113,0,0,1,NaN,,0
209,1,NREM,12434,210,12433,210,-12223,2.129446,2.129446,0,0,1,0.6025596,0.6025596,0,0,1,NaN,,0
210,0,WAKE,12484,211,12483,211,-12272,0.6430085,0.6430085,0,0,1,0.4913474,0.4913474,0,0,1,NaN,,0
211,1,NREM,12489,212,12488,212,-12276,2.354701,2.354701,0,0,1,0.4715567,0.4715567,0,0,1,NaN,,0
212,0,WAKE,12611,213,12610,213,-12397,0.5048375,0.5048375,0,0,1,-0.1023212,-0.1023212,0,0,1,NaN,,0
213,1,NREM,12615,214,12614,214,-12400,1.461708,1.461708,0,0,1,-0.1291222,-0.1291222,0,0,1,NaN,,0
214,0,WAKE,12693,215,12692,215,-12477,0.04065557,0.04065557,0,0,1,0.08894332,0.08894332,0,0,1,NaN,,0
215,1,NREM,12698,216,12697,216,-12481,1.749378,1.749378,0,0,1,0.1245188,0.1245188,0,0,1,NaN,,0
216,2,REM,12782,217,12781,217,-12564,0.01519913,0.01519913,0,0,1,-0.6288873,-0.6288873,0,0,1,NaN,,0
217,0,WAKE,12926,218,12925,218,-12707,-4.788416,-4.788416,0,0,1,-2.805125,-2.805125,0,0,1,NaN,,0
218,1,NREM,13599,219,13598,219,-13379,1.799391,1.799391,0,0,1,0.8944861,0.8944861,0,0,1,NaN,,0
219,0,WAKE,13652,220,13651,220,-13431,0.03834013,0.03834013,0,0,1,0.1497347,0.1497347,0,0,1,NaN,,0
220,1,NREM,13657,221,13656,221,-13435,0.3013566,0.3013566,0,0,1,0.08938979,0.08938979,0,0,1,NaN,,0
221,0,WAKE,13737,222,13736,222,-13514,0.3196001,0.3196001,0,0,1,-0.7028227,-0.7028227,0,0,1,NaN,,0
222,1,NREM,13741,223,13740,223,-13517,-0.01985639,-0.01985639,0,0,1,-0.7237253,-0.7237253,0,0,1,NaN,,0
223,0,WAKE,13854,224,13853,224,-13629,-0.7656329,-0.7656329,0,0,1,-0.1586902,-0.1586902,0,0,1,NaN,,0
224,1,NREM,14615,225,14614,225,-14389,2.202723,2.202723,0,0,1,0.6476467,0.6476467,0,0,1,NaN,,0
225,0,WAKE,14644,226,14643,226,-14417,1.121336,1.121336,0,0,1,0.2727666,0.2727666,0,0,1,NaN,,0
226,1,NREM,14648,227,14647,227,-14420,0.3719264,0.3719264,0,0,1,0.2190088,0.2190088,0,0,1,NaN,,0
227,0,WAKE,14709,228,14708,228,-14480,0.6276498,0.6276498,0,0,1,-0.2123509,-0.2123509,0,0,1,NaN,,0
228,1,NREM,14713,229,14712,229,-14483,1.382947,1.382947,0,0,1,-0.2129033,-0.2129033,0,0,1,NaN,,0
229,0,WAKE,14735,230,14734,230,-14504,-0.01858112,-0.01858112,0,0,1,-0.3293154,-0.3293154,0,0,1,NaN,,0
230,1,NREM,14740,231,14739,231,-14508,1.731268,1.731268,0,0,1,-0.3706424,-0.3706424,0,0,1,NaN,,0
231,0,WAKE,14810,232,14809,232,-14577,0.6429771,0.6429771,0,0,1,-0.7035115,-0.7035115,0,0,1,NaN,,0
232,1,NREM,14813,233,14812,233,-14579,1.233129,1.233129,0,0,1,-0.692001,-0.692001,0,0,1,NaN,,0
233,0,WAKE,14855,234,14854,234,-14620,-0.1387784,-0.1387784,0,0,1,-0.9669878,-0.9669878,0,0,1,NaN,,0
234,1,NREM,14858,235,14857,235,-14622,0.6131788,0.6131788,0,0,1,-1.009945,-1.009945,0,0,1,NaN,,0
235,2,REM,14921,236,14920,236,-14684,-1.169029,-1.169029,0,0,1,-0.8958626,-0.8958626,0,0,1,NaN,,0
236,0,WAKE,14947,237,14946,237,-14709,-0.3195858,-0.3195858,0,0,1,-0.4052308,-0.4052308,0,0,1,NaN,,0
237,1,NREM,14984,238,14983,238,-14745,0.151587,0.151587,0,0,1,-0.4399606,-0.4399606,0,0,1,NaN,,0
238,0,WAKE,15159,239,15158,239,-14919,-1.628199,-1.628199,0,0,1,-0.6008584,-0.6008584,0,0,1,NaN,,0
239,1,NREM,15175,240,15174,240,-14934,1.050659,1.050659,0,0,1,-0.2746575,-0.2746575,0,0,1,NaN,,0
240,0,WAKE,15230,241,15229,241,-14988,-0.9251309,-0.9251309,0,0,1,-0.00696841,-0.00696841,0,0,1,NaN,,0
241,1,NREM,15238,242,15237,242,-14995,2.454427,2.454427,0,0,1,-0.09822023,-0.09822023,0,0,1,NaN,,0
242,0,WAKE,15314,243,15313,243,-15070,0.9530985,0.9530985,0,0,1,-0.3681928,-0.3681928,0,0,1,NaN,,0
243,1,NREM,15319,244,15318,244,-15074,1.456795,1.456795,0,0,1,-0.3549835,-0.3549835,0,0,1,NaN,,0
244,2,REM,15371,245,15370,245,-15125,0.09153657,0.09153657,0,0,1,-0.7401894,-0.7401894,0,0,1,NaN,,0
245,0,WAKE,15462,246,15461,246,-15215,-2.59872,-2.59872,0,0,1,-1.495068,-1.495068,0,0,1,NaN,,0
246,1,NREM,15492,247,15491,247,-15244,-1.566165,-1.566165,0,0,1,-0.908124,-0.908124,0,0,1,NaN,,0
247,0,WAKE,15503,248,15502,248,-15254,-1.089305,-1.089305,0,0,1,-0.6848648,-0.6848648,0,0,1,NaN,,0
248,1,NREM,15507,249,15506,249,-15257,1.092468,1.092468,0,0,1,-0.6275592,-0.6275592,0,0,1,NaN,,0
249,0,WAKE,15541,250,15540,250,-15290,-0.7302798,-0.7302798,0,0,1,-0.5704863,-0.5704863,0,0,1,NaN,,0
250,1,NREM,15545,251,15544,251,-15293,1.178322,1.178322,0,0,1,-0.5626233,-0.5626233,0,0,1,NaN,,0
251,0,WAKE,15597,252,15596,252,-15344,-0.1116204,-0.1116204,0,0,1,-0.418663,-0.418663,0,0,1,NaN,,0
252,1,NREM,15606,253,15605,253,-15352,1.718054,1.718054,0,0,1,-0.3500512,-0.3500512,0,0,1,NaN,,0
253,0,WAKE,15653,254,15652,254,-15398,0.6102697,0.6102697,0,0,1,-0.02620333,-0.02620333,0,0,1,NaN,,0
254,1,NREM,15685,255,15684,255,-15429,1.927462,1.927462,0,0,1,-0.1131391,-0.1131391,0,0,1,NaN,,0
255,0,WAKE,15736,256,15735,256,-15479,0.5848364,0.5848364,0,0,1,-0.06303491,-0.06303491,0,0,1,NaN,,0
256,1,NREM,15766,257,15765,257,-15508,0.4362764,0.4362764,0,0,1,0.1522618,0.1522618,0,0,1,NaN,,0
257,0,WAKE,15843,258,15842,258,-15584,1.120483,1.120483,0,0,1,0.2325099,0.2325099,0,0,1,NaN,,0
258,1,NREM,15850,259,15849,259,-15590,1.538206,1.538206,0,0,1,0.2235488,0.2235488,0,0,1,NaN,,0
259,2,REM,15913,260,15912,260,-15652,0.6616393,0.6616393,0,0,1,-0.133328,-0.133328,0,0,1,NaN,,0
260,0,WAKE,15944,261,15943,261,-15682,0.5871009,0.5871009,0,0,1,0.06878228,0.06878228,0,0,1,NaN,,0
261,1,NREM,15949,262,15948,262,-15686,1.054707,1.054707,0,0,1,0.1049114,0.1049114,0,0,1,NaN,,0
262,0,WAKE,15965,263,15964,263,-15701,-0.1683948,-0.1683948,0,0,1,0.2685844,0.2685844,0,0,1,NaN,,0
263,1,NREM,15968,264,15967,264,-15703,2.412685,2.412685,0,0,1,0.304379,0.304379,0,0,1,NaN,,0
264,0,WAKE,15999,265,15998,265,-15733,1.574878,1.574878,0,0,1,0.491567,0.491567,0,0,1,NaN,,0
265,1,NREM,16003,266,16002,266,-15736,1.802486,1.802486,0,0,1,0.5007775,0.5007775,0,0,1,NaN,,0
266,2,REM,16117,267,16116,267,-15849,0.2700115,0.2700115,0,0,1,-0.06121792,-0.06121792,0,0,1,NaN,,0
267,0,WAKE,16191,268,16190,268,-15922,-2.73129,-2.73129,0,0,1,-1.119054,-1.119054,0,0,1,NaN,,0
268,1,NREM,16217,269,16216,269,-15947,0.4674711,0.4674711,0,0,1,-0.9137988,-0.9137988,0,0,1,NaN,,0
269,0,WAKE,16307,270,16306,270,-16036,-0.6714152,-0.6714152,0,0,1,-0.2449711,-0.2449711,0,0,1,NaN,,0
270,1,NREM,16316,271,16315,271,-16044,0.5753559,0.5753559,0,0,1,-0.1564201,-0.1564201,0,0,1,NaN,,0
271,0,WAKE,16355,272,16354,272,-16082,0.6518829,0.6518829,0,0,1,0.314185,0.314185,0,0,1,NaN,,0
272,1,NREM,16357,273,16356,273,-16083,1.705711,1.705711,0,0,1,0.3157292,0.3157292,0,0,1,NaN,,0
273,0,WAKE,16403,274,16402,274,-16128,-0.431673,-0.431673,0,0,1,0.5049196,0.5049196,0,0,1,NaN,,0
274,1,NREM,16415,275,16414,275,-16139,1.308438,1.308438,0,0,1,0.4293053,0.4293053,0,0,1,NaN,,0
275,0,WAKE,16479,276,16478,276,-16202,0.116201,0.116201,0,0,1,0.680161,0.680161,0,0,1,NaN,,0
276,1,NREM,16490,277,16489,277,-16212,1.259505,1.259505,0,0,1,0.8004776,0.8004776,0,0,1,NaN,,0
277,0,WAKE,16526,278,16525,278,-16247,0.7746333,0.7746333,0,0,1,0.8159052,0.8159052,0,0,1,NaN,,0
278,1,NREM,16534,279,16533,279,-16254,2.281584,2.281584,0,0,1,0.7103662,0.7103662,0,0,1,NaN,,0
279,0,WAKE,16580,280,16579,280,-16299,1.636766,1.636766,0,0,1,0.5261954,0.5261954,0,0,1,NaN,,0
280,1,NREM,16584,281,16583,281,-16302,3.17593,3.17593,0,0,1,0.5040705,0.5040705,0,0,1,NaN,,0
281,2,REM,16659,282,16658,282,-16376,-0.1538569,-0.1538569,0,0,1,-0.3767918,-0.3767918,0,0,1,NaN,,0
282,0,WAKE,16704,283,16703,283,-16420,-1.225533,-1.225533,0,0,1,-0.5726836,-0.5726836,0,0,1,NaN,,0
283,1,NREM,16747,284,16746,284,-16462,1.592741,1.592741,0,0,1,-0.01267809,-0.01267809,0,0,1,NaN,,0
284,0,WAKE,16815,285,16814,285,-16529,1.186884,1.186884,0,0,1,0.1665932,0.1665932,0,0,1,NaN,,0
285,1,NREM,16819,286,16818,286,-16532,1.784748,1.784748,0,0,1,0.1946583,0.1946583,0,0,1,NaN,,0
286,0,WAKE,16876,287,16875,287,-16588,1.116046,1.116046,0,0,1,0.6075726,0.6075726,0,0,1,NaN,,0
287,1,NREM,16887,288,16886,288,-16598,0.5163406,0.5163406,0,0,1,0.6070794,0.6070794,0,0,1,NaN,,0
288,2,REM,16966,289,16965,289,-16676,0.1665055,0.1665055,0,0,1,0.1068022,0.1068022,0,0,1,NaN,,0
289,0,WAKE,16976,290,16975,290,-16685,-0.6030214,-0.6030214,0,0,1,0.08874776,0.08874776,0,0,1,NaN,,0
290,1,NREM,16981,291,16980,291,-16689,1.736426,1.736426,0,0,1,0.07614728,0.07614728,0,0,1,NaN,,0
291,2,REM,17014,292,17013,292,-16721,0.03937439,0.03937439,0,0,1,-0.1177018,-0.1177018,0,0,1,NaN,,0
292,0,WAKE,17262,293,17261,293,-16968,-2.124857,-2.124857,0,0,1,-1.041176,-1.041176,0,0,1,NaN,,0
293,1,NREM,17868,294,17867,294,-17573,2.820034,2.820034,0,0,1,1.215559,1.215559,0,0,1,NaN,,0
294,0,WAKE,17913,295,17912,295,-17617,0.247458,0.247458,0,0,1,0.6618539,0.6618539,0,0,1,NaN,,0
295,1,NREM,17919,296,17918,296,-17622,3.210239,3.210239,0,0,1,0.5840353,0.5840353,0,0,1,NaN,,0
296,0,WAKE,17973,297,17972,297,-17675,1.250712,1.250712,0,0,1,0.3812434,0.3812434,0,0,1,NaN,,0
297,1,NREM,17976,298,17975,298,-17677,1.584427,1.584427,0,0,1,0.3759628,0.3759628,0,0,1,NaN,,0
298,0,WAKE,18030,299,18029,299,-17730,0.3784621,0.3784621,0,0,1,0.2047952,0.2047952,0,0,1,NaN,,0
299,1,NREM,18041,300,18040,300,-17740,0.3825568,0.3825568,0,0,1,0.129461,0.129461,0,0,1,NaN,,0
300,0,WAKE,18061,301,18060,301,-17759,0.8413346,0.8413346,0,0,1,-0.02528512,-0.02528512,0,0,1,NaN,,0
301,1,NREM,18066,302,18065,302,-17763,1.47471,1.47471,0,0,1,-0.06578292,-0.06578292,0,0,1,NaN,,0
302,0,WAKE,18125,303,18124,303,-17821,0.493154,0.493154,0,0,1,-0.1970643,-0.1970643,0,0,1,NaN,,0
303,1,NREM,18131,304,18130,304,-17826,1.443125,1.443125,0,0,1,-0.2003191,-0.2003191,0,0,1,NaN,,0
304,0,WAKE,18249,305,18248,305,-17943,-0.1145391,-0.1145391,0,0,1,0.1101462,0.1101462,0,0,1,NaN,,0
305,1,NREM,18276,306,18275,306,-17969,2.014332,2.014332,0,0,1,0.3143239,0.3143239,0,0,1,NaN,,0
306,0,WAKE,18334,307,18333,307,-18026,-0.5970929,-0.5970929,0,0,1,-0.4108277,-0.4108277,0,0,1,NaN,,0
307,1,NREM,18337,308,18336,308,-18028,-0.316488,-0.316488,0,0,1,-0.4379551,-0.4379551,0,0,1,NaN,,0
308,2,REM,18505,309,18504,309,-18195,-1.089427,-1.089427,0,0,1,-1.752137,-1.752137,0,0,1,NaN,,0
309,0,WAKE,18566,310,18565,310,-18255,-3.41716,-3.41716,0,0,1,-0.8425819,-0.8425819,0,0,1,NaN,,0
310,1,NREM,18621,311,18620,311,-18309,0.977346,0.977346,0,0,1,0.8854026,0.8854026,0,0,1,NaN,,0
311,0,WAKE,18661,312,18660,312,-18348,1.897125,1.897125,0,0,1,0.9891483,0.9891483,0,0,1,NaN,,0
312,1,NREM,18665,313,18664,313,-18351,2.132617,2.132617,0,0,1,0.9931244,0.9931244,0,0,1,NaN,,0
313,0,WAKE,18817,314,18816,314,-18502,0.5008163,0.5008163,0,0,1,0.2721215,0.2721215,0,0,1,NaN,,0
314,1,NREM,18822,315,18821,315,-18506,2.308861,2.308861,0,0,1,0.2949105,0.2949105,0,0,1,NaN,,0
315,0,WAKE,18839,316,18838,316,-18522,1.332852,1.332852,0,0,1,0.3493094,0.3493094,0,0,1,NaN,,0
316,1,NREM,18842,317,18841,317,-18524,2.087605,2.087605,0,0,1,0.3517474,0.3517474,0,0,1,NaN,,0
317,0,WAKE,18910,318,18909,318,-18591,2.149956,2.149956,0,0,1,0.2895615,0.2895615,0,0,1,NaN,,0
318,1,NREM,18923,319,18922,319,-18603,0.8708537,0.8708537,0,0,1,0.4871155,0.4871155,0,0,1,NaN,,0
319,0,WAKE,18949,320,18948,320,-18628,0.5575716,0.5575716,0,0,1,0.8441741,0.8441741,0,0,1,NaN,,0
320,1,NREM,18959,321,18958,321,-18637,1.208427,1.208427,0,0,1,0.9341131,0.9341131,0,0,1,NaN,,0
321,0,WAKE,18997,322,18996,322,-18674,2.927124,2.927124,0,0,1,1.529689,1.529689,0,0,1,NaN,,0
322,1,NREM,19007,323,19006,323,-18683,2.397089,2.397089,0,0,1,1.68858,1.68858,0,0,1,NaN,,0
323,0,WAKE,19058,324,19057,324,-18733,2.61123,2.61123,0,0,1,2.701463,2.701463,0,0,1,NaN,,0
324,1,NREM,19186,325,19185,325,-18860,3.738595,3.738595,0,0,1,2.951916,2.951916,0,0,1,NaN,,0
325,0,WAKE,19287,326,19286,326,-18960,0.6010189,0.6010189,0,0,1,1.311297,1.311297,0,0,1,NaN,,0
326,1,NREM,19293,327,19292,327,-18965,2.71972,2.71972,0,0,1,1.357425,1.357425,0,0,1,NaN,,0
327,0,WAKE,19321,328,19320,328,-18992,2.937168,2.937168,0,0,1,1.758646,1.758646,0,0,1,NaN,,0
328,1,NREM,20150,329,20149,329,-19820,2.612441,2.612441,0,0,1,2.144982,2.144982,0,0,1,NaN,,0
329,0,WAKE,20223,330,20222,330,-19892,1.156319,1.156319,0,0,1,0.6726647,0.6726647,0,0,1,NaN,,0
330,1,NREM,20227,331,20226,331,-19895,1.834256,1.834256,0,0,1,0.6333582,0.6333582,0,0,1,NaN,,0
331,0,WAKE,20278,332,20277,332,-19945,0.8080855,0.8080855,0,0,1,0.9729317,0.9729317,0,0,1,NaN,,0
332,1,NREM,20315,333,20314,333,-19981,2.222115,2.222115,0,0,1,1.497076,1.497076,0,0,1,NaN,,0
333,0,WAKE,20348,334,20347,334,-20013,1.792772,1.792772,0,0,1,1.349425,1.349425,0,0,1,NaN,,0
334,1,NREM,20352,335,20351,335,-20016,2.196714,2.196714,0,0,1,1.309214,1.309214,0,0,1,NaN,,0
335,0,WAKE,20390,336,20389,336,-20053,2.307617,2.307617,0,0,1,1.180525,1.180525,0,0,1,NaN,,0
336,1,NREM,20394,337,20393,337,-20056,1.45236,1.45236,0,0,1,1.195081,1.195081,0,0,1,NaN,,0
337,0,WAKE,20443,338,20442,338,-20104,0.5355042,0.5355042,0,0,1,1.825454,1.825454,0,0,1,NaN,,0
338,1,NREM,20483,339,20482,339,-20143,3.088458,3.088458,0,0,1,1.951161,1.951161,0,0,1,NaN,,0
339,0,WAKE,20496,340,20495,340,-20155,1.063765,1.063765,0,0,1,1.822441,1.822441,0,0,1,NaN,,0
340,1,NREM,20499,341,20498,341,-20157,2.058501,2.058501,0,0,1,1.764925,1.764925,0,0,1,NaN,,0
341,0,WAKE,20543,342,20542,342,-20200,1.611262,1.611262,0,0,1,0.6948481,0.6948481,0,0,1,NaN,,0
342,1,NREM,20545,343,20544,343,-20201,1.883656,1.883656,0,0,1,0.6588404,0.6588404,0,0,1,NaN,,0
343,0,WAKE,20576,344,20575,344,-20231,-0.1151866,-0.1151866,0,0,1,0.1895211,0.1895211,0,0,1,NaN,,0
344,1,NREM,20580,345,20579,345,-20234,1.437716,1.437716,0,0,1,0.1259705,0.1259705,0,0,1,NaN,,0
345,0,WAKE,20630,346,20629,346,-20283,0.07274307,0.07274307,0,0,1,0.05986341,0.05986341,0,0,1,NaN,,0
346,1,NREM,20633,347,20632,347,-20285,0.9366863,0.9366863,0,0,1,0.06617445,0.06617445,0,0,1,NaN,,0
347,0,WAKE,20678,348,20677,348,-20329,1.225469,1.225469,0,0,1,-0.1910406,-0.1910406,0,0,1,NaN,,0
348,1,NREM,20682,349,20681,349,-20332,1.99313,1.99313,0,0,1,-0.2737752,-0.2737752,0,0,1,NaN,,0
349,0,WAKE,20739,350,20738,350,-20388,0.5013332,0.5013332,0,0,1,-0.3081767,-0.3081767,0,0,1,NaN,,0
350,1,NREM,21248,351,21247,351,-20896,2.353516,2.353516,0,0,1,1.072009,1.072009,0,0,1,NaN,,0
351,0,WAKE,21316,352,21315,352,-20963,0.05373535,0.05373535,0,0,1,0.328852,0.328852,0,0,1,NaN,,0
352,1,NREM,21318,353,21317,353,-20964,0.1670205,0.1670205,0,0,1,0.2968843,0.2968843,0,0,1,NaN,,0
353,0,WAKE,21340,354,21339,354,-20985,-0.003766149,-0.003766149,0,0,1,-0.0317463,-0.0317463,0,0,1,NaN,,0
354,1,NREM,21345,355,21344,355,-20989,2.125075,2.125075,0,0,1,-0.08344579,-0.08344579,0,0,1,NaN,,0
355,0,WAKE,21398,356,21397,356,-21041,0.1340331,0.1340331,0,0,1,-0.5152266,-0.5152266,0,0,1,NaN,,0
356,1,NREM,21403,357,21402,357,-21045,1.580513,1.580513,0,0,1,-0.5346463,-0.5346463,0,0,1,NaN,,0
357,0,WAKE,21435,358,21434,358,-21076,-1.257454,-1.257454,0,0,1,-0.6338352,-0.6338352,0,0,1,NaN,,0
358,1,NREM,21438,359,21437,359,-21078,-0.4317692,-0.4317692,0,0,1,-0.6550063,-0.6550063,0,0,1,NaN,,0
359,2,REM,21508,360,21507,360,-21147,0.03984159,0.03984159,0,0,1,-0.6209325,-0.6209325,0,0,1,NaN,,0
360,0,WAKE,21543,361,21542,361,-21181,-1.141423,-1.141423,0,0,1,-0.2315353,-0.2315353,0,0,1,NaN,,0
361,1,NREM,21588,362,21587,362,-21225,1.287562,1.287562,0,0,1,-0.2016695,-0.2016695,0,0,1,NaN,,0
362,0,WAKE,21638,363,21637,363,-21274,-1.652652,-1.652652,0,0,1,-0.983128,-0.983128,0,0,1,NaN,,0
363,1,NREM,21641,364,21640,364,-21276,-0.07223267,-0.07223267,0,0,1,-0.9907055,-0.9907055,0,0,1,NaN,,0
364,0,WAKE,21682,365,21681,365,-21316,-0.6203343,-0.6203343,0,0,1,-1.013731,-1.013731,0,0,1,NaN,,0
365,1,NREM,21685,366,21684,366,-21318,0.4314319,0.4314319,0,0,1,-1.028889,-1.028889,0,0,1,NaN,,0
366,0,WAKE,21707,367,21706,367,-21339,-0.6125188,-0.6125188,0,0,1,-1.092997,-1.092997,0,0,1,NaN,,0
367,1,NREM,21709,368,21708,368,-21340,-0.03065794,-0.03065794,0,0,1,-1.096355,-1.096355,0,0,1,NaN,,0
368,0,WAKE,21748,369,21747,369,-21378,-0.6501834,-0.6501834,0,0,1,-1.056192,-1.056192,0,0,1,NaN,,0
369,1,NREM,21750,370,21749,370,-21379,0.8665914,0.8665914,0,0,1,-1.039967,-1.039967,0,0,1,NaN,,0
370,0,WAKE,21773,371,21772,371,-21401,0.9161134,0.9161134,0,0,1,-0.8961775,-0.8961775,0,0,1,NaN,,0
371,1,NREM,21782,372,21781,372,-21409,0.2875147,0.2875147,0,0,1,-0.9040611,-0.9040611,0,0,1,NaN,,0
372,0,WAKE,21794,373,21793,373,-21420,-1.503583,-1.503583,0,0,1,-0.9754369,-0.9754369,0,0,1,NaN,,0
373,1,NREM,21797,374,21796,374,-21422,0.4054711,0.4054711,0,0,1,-0.9998481,-0.9998481,0,0,1,NaN,,0
374,0,WAKE,21812,375,21811,375,-21436,-0.8094137,-0.8094137,0,0,1,-1.177201,-1.177201,0,0,1,NaN,,0
375,1,NREM,21815,376,21814,376,-21438,-0.3202705,-0.3202705,0,0,1,-1.230386,-1.230386,0,0,1,NaN,,0
376,0,WAKE,21845,377,21844,377,-21467,-1.64787,-1.64787,0,0,1,-1.688482,-1.688482,0,0,1,NaN,,0
377,1,NREM,21847,378,21846,378,-21468,-0.9596791,-0.9596791,0,0,1,-1.70747,-1.70747,0,0,1,NaN,,0
378,2,REM,21862,379,21861,379,-21482,-2.102643,-2.102643,0,0,1,-1.854759,-1.854759,0,0,1,NaN,,0
379,0,WAKE,21947,380,21946,380,-21566,-3.865728,-3.865728,0,0,1,-2.806999,-2.806999,0,0,1,NaN,,0
380,1,NREM,21956,381,21955,381,-21574,2.062936,2.062936,0,0,1,-2.698472,-2.698472,0,0,1,NaN,,0
381,0,WAKE,21979,382,21978,382,-21596,-2.763231,-2.763231,0,0,1,-2.343825,-2.343825,0,0,1,NaN,,0
382,1,NREM,21982,383,21981,383,-21598,-0.8637681,-0.8637681,0,0,1,-2.284925,-2.284925,0,0,1,NaN,,0
383,0,WAKE,21992,384,21991,384,-21607,-2.262227,-2.262227,0,0,1,-2.083124,-2.083124,0,0,1,NaN,,0
384,1,NREM,21996,385,21995,385,-21610,0.2225184,0.2225184,0,0,1,-2.008011,-2.008011,0,0,1,NaN,,0
385,0,WAKE,22026,386,22025,386,-21639,-0.7706456,-0.7706456,0,0,1,-1.574035,-1.574035,0,0,1,NaN,,0
386,1,NREM,22033,387,22032,387,-21645,-0.3359031,-0.3359031,0,0,1,-1.502735,-1.502735,0,0,1,NaN,,0
387,0,WAKE,22069,388,22068,388,-21680,-1.912773,-1.912773,0,0,1,-1.272895,-1.272895,0,0,1,NaN,,0
388,1,NREM,22072,389,22071,389,-21682,-0.2868323,-0.2868323,0,0,1,-1.272653,-1.272653,0,0,1,NaN,,0
389,0,WAKE,22118,390,22117,390,-21727,-0.5178169,-0.5178169,0,0,1,-0.8253044,-0.8253044,0,0,1,NaN,,0
390,1,NREM,22122,391,22121,391,-21730,1.133733,1.133733,0,0,1,-0.785291,-0.785291,0,0,1,NaN,,0
391,0,WAKE,22158,392,22157,392,-21765,0.0003513349,0.0003513349,0,0,1,-0.6782455,-0.6782455,0,0,1,NaN,,0
392,1,NREM,22162,393,22161,393,-21768,-0.3972703,-0.3972703,0,0,1,-0.714276,-0.714276,0,0,1,NaN,,0
393,2,REM,22200,394,22199,394,-21805,-0.7477526,-0.7477526,0,0,1,-0.8258675,-0.8258675,0,0,1,NaN,,0
394,0,WAKE,22222,395,22221,395,-21826,-0.441126,-0.441126,0,0,1,-0.5539569,-0.5539569,0,0,1,NaN,,0
395,1,NREM,22234,396,22233,396,-21837,-0.4490626,-0.4490626,0,0,1,-0.3758314,-0.3758314,0,0,1,NaN,,0
396,0,WAKE,22257,397,22256,397,-21859,0.496049,0.496049,0,0,1,-0.2338556,-0.2338556,0,0,1,NaN,,0
397,1,NREM,22264,398,22263,398,-21865,0.1383943,0.1383943,0,0,1,-0.2452739,-0.2452739,0,0,1,NaN,,0
398,0,WAKE,22295,399,22294,399,-21895,-0.8972245,-0.8972245,0,0,1,-0.4618745,-0.4618745,0,0,1,NaN,,0
399,1,NREM,22299,400,22298,400,-21898,2.262341,2.262341,0,0,1,-0.5005726,-0.5005726,0,0,1,NaN,,0
400,0,WAKE,22327,401,22326,401,-21925,-1.277679,-1.277679,0,0,1,-0.7320029,-0.7320029,0,0,1,NaN,,0
401,1,NREM,22330,402,22329,402,-21927,-0.71965,-0.71965,0,0,1,-0.7640482,-0.7640482,0,0,1,NaN,,0
402,2,REM,22369,403,22368,403,-21965,-1.004134,-1.004134,0,0,1,-1.530623,-1.530623,0,0,1,NaN,,0
403,0,WAKE,22404,404,22403,404,-21999,-3.075843,-3.075843,0,0,1,-1.687869,-1.687869,0,0,1,NaN,,0
404,1,NREM,22426,405,22425,405,-22020,-0.2631934,-0.2631934,0,0,1,-1.553938,-1.553938,0,0,1,NaN,,0
405,2,REM,22509,406,22508,406,-22102,-1.679414,-1.679414,0,0,1,-1.917791,-1.917791,0,0,1,NaN,,0
406,0,WAKE,22587,407,22586,407,-22179,-3.830242,-3.830242,0,0,1,-2.262319,-2.262319,0,0,1,NaN,,0
407,1,NREM,22605,408,22604,408,-22196,-1.116516,-1.116516,0,0,1,-1.950989,-1.950989,0,0,1,NaN,,0
408,0,WAKE,22620,409,22619,409,-22210,-1.936802,-1.936802,0,0,1,-1.717608,-1.717608,0,0,1,NaN,,0
409,1,NREM,22625,410,22624,410,-22214,-0.3100588,-0.3100588,0,0,1,-1.671195,-1.671195,0,0,1,NaN,,0
410,0,WAKE,22680,411,22679,411,-22268,-0.728186,-0.728186,0,0,1,-1.358477,-1.358477,0,0,1,NaN,,0
411,1,NREM,22684,412,22683,412,-22271,0.8379033,0.8379033,0,0,1,-1.324257,-1.324257,0,0,1,NaN,,0
412,0,WAKE,22757,413,22756,413,-22343,0.6169754,0.6169754,0,0,1,-0.8713055,-0.8713055,0,0,1,NaN,,0
413,1,NREM,22766,414,22765,414,-22351,0.06514048,0.06514048,0,0,1,-0.8271098,-0.8271098,0,0,1,NaN,,0
414,0,WAKE,22830,415,22829,415,-22414,-1.087869,-1.087869,0,0,1,-0.8588095,-0.8588095,0,0,1,NaN,,0
415,1,NREM,22836,416,22835,416,-22419,0.8067419,0.8067419,0,0,1,-0.8111365,-0.8111365,0,0,1,NaN,,0
416,0,WAKE,22877,417,22876,417,-22459,-0.7817122,-0.7817122,0,0,1,-0.348084,-0.348084,0,0,1,NaN,,0
417,1,NREM,22881,418,22880,418,-22462,-0.7045727,-0.7045727,0,0,1,-0.3437955,-0.3437955,0,0,1,NaN,,0
418,0,WAKE,22894,419,22893,419,-22474,0.2815419,0.2815419,0,0,1,-0.3847079,-0.3847079,0,0,1,NaN,,0
419,1,NREM,22899,420,22898,420,-22478,1.699792,1.699792,0,0,1,-0.4076878,-0.4076878,0,0,1,NaN,,0
420,2,REM,22944,421,22943,421,-22522,-0.2977665,-0.2977665,0,0,1,-1.029107,-1.029107,0,0,1,NaN,,0
421,0,WAKE,23017,422,23016,422,-22594,-3.019647,-3.019647,0,0,1,-1.741682,-1.741682,0,0,1,NaN,,0
422,1,NREM,23026,423,23025,423,-22602,1.513693,1.513693,0,0,1,-1.53869,-1.53869,0,0,1,NaN,,0
423,0,WAKE,23060,424,23059,424,-22635,0.4851395,0.4851395,0,0,1,-0.7989389,-0.7989389,0,0,1,NaN,,0
424,1,NREM,23067,425,23066,425,-22641,0.3498553,0.3498553,0,0,1,-0.7981917,-0.7981917,0,0,1,NaN,,0
425,0,WAKE,23140,426,23139,426,-22713,-0.894587,-0.894587,0,0,1,-0.4247497,-0.4247497,0,0,1,NaN,,0
426,1,NREM,23145,427,23144,427,-22717,1.366392,1.366392,0,0,1,-0.3678866,-0.3678866,0,0,1,NaN,,0
427,0,WAKE,23167,428,23166,428,-22738,-0.02228067,-0.02228067,0,0,1,-0.3247689,-0.3247689,0,0,1,NaN,,0
428,1,NREM,23175,429,23174,429,-22745,-0.3420525,-0.3420525,0,0,1,-0.3640009,-0.3640009,0,0,1,NaN,,0
429,0,WAKE,23219,430,23218,430,-22788,-0.1108572,-0.1108572,0,0,1,-0.2137628,-0.2137628,0,0,1,NaN,,0
430,1,NREM,23223,431,23222,431,-22791,1.247622,1.247622,0,0,1,-0.1917536,-0.1917536,0,0,1,NaN,,0
431,0,WAKE,23235,432,23234,432,-22802,-0.173673,-0.173673,0,0,1,-0.1344079,-0.1344079,0,0,1,NaN,,0
432,1,NREM,23240,433,23239,433,-22806,1.401487,1.401487,0,0,1,-0.1014873,-0.1014873,0,0,1,NaN,,0
433,0,WAKE,23278,434,23277,434,-22843,-0.8893894,-0.8893894,0,0,1,0.314306,0.314306,0,0,1,NaN,,0
434,1,NREM,23315,435,23314,435,-22879,1.51795,1.51795,0,0,1,0.5815549,0.5815549,0,0,1,NaN,,0
435,0,WAKE,23346,436,23345,436,-22909,-0.6015132,-0.6015132,0,0,1,0.2068543,0.2068543,0,0,1,NaN,,0
436,1,NREM,23354,437,23353,437,-22916,0.9304665,0.9304665,0,0,1,0.05863573,0.05863573,0,0,1,NaN,,0
437,0,WAKE,23391,438,23390,438,-22952,-0.512607,-0.512607,0,0,1,-0.3359445,-0.3359445,0,0,1,NaN,,0
438,1,NREM,23395,439,23394,439,-22955,0.1774608,0.1774608,0,0,1,-0.3660102,-0.3660102,0,0,1,NaN,,0
439,2,REM,23433,440,23432,440,-22992,-0.5846215,-0.5846215,0,0,1,-0.8851665,-0.8851665,0,0,1,NaN,,0
440,0,WAKE,23540,441,23539,441,-23098,-0.8852153,-0.8852153,0,0,1,-1.05693,-1.05693,0,0,1,NaN,,0
441,1,NREM,23543,442,23542,442,-23100,-0.0748582,-0.0748582,0,0,1,-1.030751,-1.030751,0,0,1,NaN,,0
442,2,REM,23630,443,23629,443,-23186,-0.743018,-0.743018,0,0,1,-1.193451,-1.193451,0,0,1,NaN,,0
443,0,WAKE,23793,444,23792,444,-23348,-4.978869,-4.978869,0,0,1,-2.173221,-2.173221,0,0,1,NaN,,0
444,1,NREM,24709,445,24708,445,-24263,0.4553755,0.4553755,0,0,1,1.463709,1.463709,0,0,1,NaN,,0
445,0,WAKE,24724,446,24723,446,-24277,0.1568692,0.1568692,0,0,1,0.8584997,0.8584997,0,0,1,NaN,,0
446,1,NREM,24737,447,24736,447,-24289,1.611405,1.611405,0,0,1,0.3627853,0.3627853,0,0,1,NaN,,0
447,0,WAKE,24774,448,24773,448,-24325,0.00143607,0.00143607,0,0,1,-0.3098179,-0.3098179,0,0,1,NaN,,0
448,1,NREM,24787,449,24786,449,-24337,0.9705549,0.9705549,0,0,1,-0.4755379,-0.4755379,0,0,1,NaN,,0
449,0,WAKE,24856,450,24855,450,-24405,-0.1670052,-0.1670052,0,0,1,-0.8953204,-0.8953204,0,0,1,NaN,,0
450,1,NREM,24860,451,24859,451,-24408,-0.0007693245,-0.0007693245,0,0,1,-0.899157,-0.899157,0,0,1,NaN,,0
451,0,WAKE,24904,452,24903,452,-24451,-0.6035443,-0.6035443,0,0,1,-0.8259793,-0.8259793,0,0,1,NaN,,0
452,1,NREM,24909,453,24908,453,-24455,0.659955,0.659955,0,0,1,-0.837216,-0.837216,0,0,1,NaN,,0
453,0,WAKE,25012,454,25011,454,-24557,-0.5737531,-0.5737531,0,0,1,-0.7634577,-0.7634577,0,0,1,NaN,,0
454,1,NREM,25038,455,25037,455,-24582,0.2453929,0.2453929,0,0,1,-0.9917852,-0.9917852,0,0,1,NaN,,0
455,0,WAKE,25173,456,25172,456,-24716,-0.5105063,-0.5105063,0,0,1,-1.017886,-1.017886,0,0,1,NaN,,0
456,1,NREM,25194,457,25193,457,-24736,0.3998271,0.3998271,0,0,1,-0.6531583,-0.6531583,0,0,1,NaN,,0
457,0,WAKE,25259,458,25258,458,-24800,-1.699951,-1.699951,0,0,1,-0.950161,-0.950161,0,0,1,NaN,,0
458,1,NREM,25265,459,25264,459,-24805,0.4732262,0.4732262,0,0,1,-0.954985,-0.954985,0,0,1,NaN,,0
459,0,WAKE,25313,460,25312,460,-24852,-1.26928,-1.26928,0,0,1,-0.672614,-0.672614,0,0,1,NaN,,0
460,1,NREM,25318,461,25317,461,-24856,1.173203,1.173203,0,0,1,-0.6418802,-0.6418802,0,0,1,NaN,,0
461,0,WAKE,25356,462,25355,462,-24893,-0.7477179,-0.7477179,0,0,1,-0.5517559,-0.5517559,0,0,1,NaN,,0
462,1,NREM,25361,463,25360,463,-24897,1.003409,1.003409,0,0,1,-0.546523,-0.546523,0,0,1,NaN,,0
463,0,WAKE,25395,464,25394,464,-24930,-0.4837818,-0.4837818,0,0,1,-0.5470176,-0.5470176,0,0,1,NaN,,0
464,1,NREM,25402,465,25401,465,-24936,0.0875006,0.0875006,0,0,1,-0.5585475,-0.5585475,0,0,1,NaN,,0
465,0,WAKE,25421,466,25420,466,-24954,-1.264911,-1.264911,0,0,1,-0.6266924,-0.6266924,0,0,1,NaN,,0
466,1,NREM,25427,467,25426,467,-24959,0.002983306,0.002983306,0,0,1,-0.6733757,-0.6733757,0,0,1,NaN,,0
467,0,WAKE,25474,468,25473,468,-25005,-1.199099,-1.199099,0,0,1,-1.244833,-1.244833,0,0,1,NaN,,0
468,1,NREM,25478,469,25477,469,-25008,-1.197782,-1.197782,0,0,1,-1.307945,-1.307945,0,0,1,NaN,,0
469,0,WAKE,25509,470,25508,470,-25038,-2.191921,-2.191921,0,0,1,-1.966639,-1.966639,0,0,1,NaN,,0
470,2,REM,25559,471,25558,471,-25087,-3.65435,-3.65435,0,0,1,-3.425175,-3.425175,0,0,1,NaN,,0
471,0,WAKE,25585,472,25584,472,-25112,-4.487433,-4.487433,0,0,1,-2.802809,-2.802809,0,0,1,NaN,,0
472,1,NREM,25843,473,25842,473,-25369,0.6257365,0.6257365,0,0,1,0.3453659,0.3453659,0,0,1,NaN,,0
473,0,WAKE,25945,474,25944,474,-25470,-1.118138,-1.118138,0,0,1,-0.340078,-0.340078,0,0,1,NaN,,0
474,1,NREM,25954,475,25953,475,-25478,-0.2375008,-0.2375008,0,0,1,-0.3266079,-0.3266079,0,0,1,NaN,,0
475,0,WAKE,26097,476,26096,476,-25620,-0.06279937,-0.06279937,0,0,1,-0.1965075,-0.1965075,0,0,1,NaN,,0
476,1,NREM,26106,477,26105,477,-25628,1.191937,1.191937,0,0,1,-0.1912537,-0.1912537,0,0,1,NaN,,0
477,2,REM,26184,478,26183,478,-25705,-0.515026,-0.515026,0,0,1,-0.8585714,-0.8585714,0,0,1,NaN,,0
478,0,WAKE,26270,479,26269,479,-25790,-4.454712,-4.454712,0,0,1,-2.934854,-2.934854,0,0,1,NaN,,0
479,1,NREM,26385,480,26384,480,-25904,1.717235,1.717235,0,0,1,0.1780699,0.1780699,0,0,1,NaN,,0
480,0,WAKE,26428,481,26427,481,-25946,0.3695555,0.3695555,0,0,1,0.2130907,0.2130907,0,0,1,NaN,,0
481,1,NREM,26434,482,26433,482,-25951,0.5477386,0.5477386,0,0,1,0.157244,0.157244,0,0,1,NaN,,0
482,0,WAKE,26502,483,26501,483,-26018,0.1699156,0.1699156,0,0,1,-0.1377393,-0.1377393,0,0,1,NaN,,0
483,1,NREM,26507,484,26506,484,-26022,2.26936,2.26936,0,0,1,-0.1722524,-0.1722524,0,0,1,NaN,,0
484,0,WAKE,26576,485,26575,485,-26090,0.3157293,0.3157293,0,0,1,-0.2372858,-0.2372858,0,0,1,NaN,,0
485,1,NREM,26586,486,26585,486,-26099,1.704863,1.704863,0,0,1,-0.2181233,-0.2181233,0,0,1,NaN,,0
486,0,WAKE,26636,487,26635,487,-26148,1.203901,1.203901,0,0,1,-0.2531591,-0.2531591,0,0,1,NaN,,0
487,1,NREM,26642,488,26641,488,-26153,2.93195,2.93195,0,0,1,-0.2525937,-0.2525937,0,0,1,NaN,,0
488,0,WAKE,26678,489,26677,489,-26188,0.5350994,0.5350994,0,0,1,-0.2594876,-0.2594876,0,0,1,NaN,,0
489,1,NREM,26684,490,26683,490,-26193,0.6698412,0.6698412,0,0,1,-0.3030011,-0.3030011,0,0,1,NaN,,0
490,0,WAKE,26742,491,26741,491,-26250,0.4076153,0.4076153,0,0,1,-0.7004191,-0.7004191,0,0,1,NaN,,0
491,1,NREM,26749,492,26748,492,-26256,-0.1280274,-0.1280274,0,0,1,-0.7905728,-0.7905728,0,0,1,NaN,,0
492,2,REM,26814,493,26813,493,-26320,-1.704749,-1.704749,0,0,1,-1.622692,-1.622692,0,0,1,NaN,,0
493,0,WAKE,26904,494,26903,494,-26409,-3.709255,-3.709255,0,0,1,-1.691981,-1.691981,0,0,1,NaN,,0
494,1,NREM,27303,495,27302,495,-26807,1.979596,1.979596,0,0,1,1.470352,1.470352,0,0,1,NaN,,0
495,0,WAKE,27342,496,27341,496,-26845,1.063505,1.063505,0,0,1,0.7119283,0.7119283,0,0,1,NaN,,0
496,1,NREM,27345,497,27344,497,-26847,1.705474,1.705474,0,0,1,0.6695858,0.6695858,0,0,1,NaN,,0
497,0,WAKE,27403,498,27402,498,-26904,0.3175906,0.3175906,0,0,1,-0.06980378,-0.06980378,0,0,1,NaN,,0
498,1,NREM,27411,499,27410,499,-26911,0.9241353,0.9241353,0,0,1,-0.1671713,-0.1671713,0,0,1,NaN,,0
499,0,WAKE,27487,500,27486,500,-26986,-0.1959699,-0.1959699,0,0,1,-0.6395844,-0.6395844,0,0,1,NaN,,0
500,1,NREM,27491,501,27490,501,-26989,0.2123316,0.2123316,0,0,1,-0.641908,-0.641908,0,0,1,NaN,,0
501,0,WAKE,27524,502,27523,502,-27021,-0.4193103,-0.4193103,0,0,1,-0.5932819,-0.5932819,0,0,1,NaN,,0
502,1,NREM,27528,503,27527,503,-27024,-0.6564268,-0.6564268,0,0,1,-0.5965624,-0.5965624,0,0,1,NaN,,0
503,0,WAKE,27550,504,27549,504,-27045,-0.9832572,-0.9832572,0,0,1,-0.6701419,-0.6701419,0,0,1,NaN,,0
504,1,NREM,27555,505,27554,505,-27049,-0.005519487,-0.005519487,0,0,1,-0.6776378,-0.6776378,0,0,1,NaN,,0
505,0,WAKE,27601,506,27600,506,-27094,-0.5627899,-0.5627899,0,0,1,-0.03738098,-0.03738098,0,0,1,NaN,,0
506,1,NREM,27620,507,27619,507,-27112,1.225728,1.225728,0,0,1,0.1709656,0.1709656,0,0,1,NaN,,0
507,0,WAKE,27663,508,27662,508,-27154,-1.055859,-1.055859,0,0,1,0.01785821,0.01785821,0,0,1,NaN,,0
508,1,NREM,27677,509,27676,509,-27167,0.3217265,0.3217265,0,0,1,-0.1496428,-0.1496428,0,0,1,NaN,,0
509,0,WAKE,27819,510,27818,510,-27308,0.08384807,0.08384807,0,0,1,-0.5525141,-0.5525141,0,0,1,NaN,,0
510,1,NREM,27823,511,27822,511,-27311,-0.2612844,-0.2612844,0,0,1,-0.5700483,-0.5700483,0,0,1,NaN,,0
511,2,REM,27913,512,27912,512,-27400,-0.5166777,-0.5166777,0,0,1,-0.9954521,-0.9954521,0,0,1,NaN,,0
512,0,WAKE,27986,513,27985,513,-27472,-3.589311,-3.589311,0,0,1,-1.889036,-1.889036,0,0,1,NaN,,0
513,1,NREM,28018,514,28017,514,-27503,0.01304317,0.01304317,0,0,1,-1.434082,-1.434082,0,0,1,NaN,,0
514,0,WAKE,28100,515,28099,515,-27584,0.1958254,0.1958254,0,0,1,-0.06564146,-0.06564146,0,0,1,NaN,,0
515,1,NREM,28106,516,28105,516,-27589,2.383775,2.383775,0,0,1,0.01414293,0.01414293,0,0,1,NaN,,0
516,0,WAKE,28188,517,28187,517,-27670,1.355837,1.355837,0,0,1,0.5996352,0.5996352,0,0,1,NaN,,0
517,1,NREM,28192,518,28191,518,-27673,2.361903,2.361903,0,0,1,0.598498,0.598498,0,0,1,NaN,,0
518,2,REM,28291,519,28290,519,-27771,0.1295467,0.1295467,0,0,1,-0.6239434,-0.6239434,0,0,1,NaN,,0
519,0,WAKE,28420,520,28419,520,-27899,-2.716881,-2.716881,0,0,1,-1.741144,-1.741144,0,0,1,NaN,,0
520,1,NREM,28515,521,28514,521,-27993,1.913023,1.913023,0,0,1,0.1671636,0.1671636,0,0,1,NaN,,0
521,0,WAKE,28552,522,28551,522,-28029,-0.4237562,-0.4237562,0,0,1,0.279222,0.279222,0,0,1,NaN,,0
522,1,NREM,28561,523,28560,523,-28037,0.6539229,0.6539229,0,0,1,0.2941284,0.2941284,0,0,1,NaN,,0
523,0,WAKE,28597,524,28596,524,-28072,0.9342306,0.9342306,0,0,1,0.4806978,0.4806978,0,0,1,NaN,,0
524,1,NREM,28602,525,28601,525,-28076,0.9783155,0.9783155,0,0,1,0.4783269,0.4783269,0,0,1,NaN,,0
525,0,WAKE,28615,526,28614,526,-28088,0.524074,0.524074,0,0,1,0.4733641,0.4733641,0,0,1,NaN,,0
526,1,NREM,28622,527,28621,527,-28094,0.8188457,0.8188457,0,0,1,0.4908398,0.4908398,0,0,1,NaN,,0
527,0,WAKE,28664,528,28663,528,-28135,-0.2541246,-0.2541246,0,0,1,0.6764961,0.6764961,0,0,1,NaN,,0
528,1,NREM,28673,529,28672,529,-28143,1.281209,1.281209,0,0,1,0.7530342,0.7530342,0,0,1,NaN,,0
529,0,WAKE,28711,530,28710,530,-28180,0.6863073,0.6863073,0,0,1,0.8926002,0.8926002,0,0,1,NaN,,0
530,1,NREM,28716,531,28715,531,-28184,3.08499,3.08499,0,0,1,0.8492649,0.8492649,0,0,1,NaN,,0
531,0,WAKE,28799,532,28798,532,-28266,0.5104088,0.5104088,0,0,1,0.1352792,0.1352792,0,0,1,NaN,,0
532,1,NREM,28801,533,28800,533,-28267,0.03040448,0.03040448,0,0,1,0.1107641,0.1107641,0,0,1,NaN,,0
533,2,REM,28807,534,28806,534,-28272,0.3748114,0.3748114,0,0,1,0.02701238,0.02701238,0,0,1,NaN,,0
534,0,WAKE,28921,535,28920,535,-28385,-1.984008,-1.984008,0,0,1,-0.7853568,-0.7853568,0,0,1,NaN,,0
535,1,NREM,29000,536,28999,536,-28463,-0.1161623,-0.1161623,0,0,1,0.201992,0.201992,0,0,1,NaN,,0
536,0,WAKE,29046,537,29045,537,-28508,1.103947,1.103947,0,0,1,0.2477226,0.2477226,0,0,1,NaN,,0
537,1,NREM,29050,538,29049,538,-28511,2.144869,2.144869,0,0,1,0.2363783,0.2363783,0,0,1,NaN,,0
538,0,WAKE,29077,539,29076,539,-28537,1.113467,1.113467,0,0,1,0.160364,0.160364,0,0,1,NaN,,0
539,1,NREM,29080,540,29079,540,-28539,0.7310221,0.7310221,0,0,1,0.1435791,0.1435791,0,0,1,NaN,,0
540,0,WAKE,29140,541,29139,541,-28598,-0.293156,-0.293156,0,0,1,-0.01263178,-0.01263178,0,0,1,NaN,,0
541,1,NREM,29145,542,29144,542,-28602,1.372445,1.372445,0,0,1,-0.06259909,-0.06259909,0,0,1,NaN,,0
542,0,WAKE,29194,543,29193,543,-28650,-0.2922599,-0.2922599,0,0,1,-0.1392277,-0.1392277,0,0,1,NaN,,0
543,1,NREM,29203,544,29202,544,-28658,1.458911,1.458911,0,0,1,-0.07794909,-0.07794909,0,0,1,NaN,,0
544,0,WAKE,29231,545,29230,545,-28685,-0.3760015,-0.3760015,0,0,1,0.1903359,0.1903359,0,0,1,NaN,,0
545,1,NREM,29258,546,29257,546,-28711,2.744694,2.744694,0,0,1,0.0089076,0.0089076,0,0,1,NaN,,0
546,0,WAKE,29351,547,29350,547,-28803,0.7475891,0.7475891,0,0,1,-0.4706828,-0.4706828,0,0,1,NaN,,0
547,1,NREM,29359,548,29358,548,-28810,0.8362815,0.8362815,0,0,1,-0.4719692,-0.4719692,0,0,1,NaN,,0
548,2,REM,29473,549,29472,549,-28923,-1.460859,-1.460859,0,0,1,-0.947543,-0.947543,0,0,1,NaN,,0
549,0,WAKE,29503,550,29502,550,-28952,-1.539637,-1.539637,0,0,1,-0.7093888,-0.7093888,0,0,1,NaN,,0
550,1,NREM,29511,551,29510,551,-28959,2.442546,2.442546,0,0,1,-0.6530169,-0.6530169,0,0,1,NaN,,0
551,0,WAKE,29599,552,29598,552,-29046,-0.2147068,-0.2147068,0,0,1,-0.4255402,-0.4255402,0,0,1,NaN,,0
552,1,NREM,29610,553,29609,553,-29056,1.359782,1.359782,0,0,1,-0.2977056,-0.2977056,0,0,1,NaN,,0
553,2,REM,29724,554,29723,554,-29169,-0.5853997,-0.5853997,0,0,1,-0.621626,-0.621626,0,0,1,NaN,,0
554,0,WAKE,29964,555,29963,555,-29408,-4.530791,-4.530791,0,0,1,-1.739805,-1.739805,0,0,1,NaN,,0
555,1,NREM,30300,556,30299,556,-29743,2.108405,2.108405,0,0,1,1.318507,1.318507,0,0,1,NaN,,0
556,0,WAKE,30379,557,30378,557,-29821,0.08308034,0.08308034,0,0,1,0.08311684,0.08311684,0,0,1,NaN,,0
557,1,NREM,30383,558,30382,558,-29824,2.047008,2.047008,0,0,1,0.0632615,0.0632615,0,0,1,NaN,,0
558,0,WAKE,30407,559,30406,559,-29847,0.9254831,0.9254831,0,0,1,-0.08889426,-0.08889426,0,0,1,NaN,,0
559,1,NREM,30488,560,30487,560,-29927,1.37504,1.37504,0,0,1,0.2314164,0.2314164,0,0,1,NaN,,0
560,0,WAKE,30499,561,30498,561,-29937,0.6969545,0.6969545,0,0,1,0.1823459,0.1823459,0,0,1,NaN,,0
561,1,NREM,30503,562,30502,562,-29940,2.092422,2.092422,0,0,1,0.1462131,0.1462131,0,0,1,NaN,,0
562,0,WAKE,30614,563,30613,563,-30050,0.1422401,0.1422401,0,0,1,-0.7379517,-0.7379517,0,0,1,NaN,,0
563,1,NREM,30619,564,30618,564,-30054,1.234622,1.234622,0,0,1,-0.7485295,-0.7485295,0,0,1,NaN,,0
564,0,WAKE,30696,565,30695,565,-30130,-1.048082,-1.048082,0,0,1,-0.5681826,-0.5681826,0,0,1,NaN,,0
565,1,NREM,30705,566,30704,566,-30138,0.9196422,0.9196422,0,0,1,-0.4226212,-0.4226212,0,0,1,NaN,,0
566,0,WAKE,30759,567,30758,567,-30191,-0.3093421,-0.3093421,0,0,1,-0.08007526,-0.08007526,0,0,1,NaN,,0
567,1,NREM,30769,568,30768,568,-30200,0.4191018,0.4191018,0,0,1,-0.1620811,-0.1620811,0,0,1,NaN,,0
568,0,WAKE,30847,569,30846,569,-30277,0.03969342,0.03969342,0,0,1,-0.1387607,-0.1387607,0,0,1,NaN,,0
