hour_idx,hour_start_s,dur_s,bouts_per_h,mean_bout_dur_s,state,file,date,condition,mouse,genotype
0,0,3098,3,NaN,WK,20251001-baseline-mouse1-APP_scored_scores_1Hz.csv,20251001,baseline,mouse1,APP
1,3600,716,13,NaN,WK,20251001-baseline-mouse1-APP_scored_scores_1Hz.csv,20251001,baseline,mouse1,APP
2,7200,843,8,NaN,WK,20251001-baseline-mouse1-APP_scored_scores_1Hz.csv,20251001,baseline,mouse1,APP
3,10800,456,8,NaN,WK,20251001-baseline-mouse1-APP_scored_scores_1Hz.csv,20251001,baseline,mouse1,APP
4,14400,1771,5,NaN,WK,20251001-baseline-mouse1-APP_scored_scores_1Hz.csv,20251001,baseline,mouse1,APP
5,18000,1457,2,NaN,WK,20251001-baseline-mouse1-APP_scored_scores_1Hz.csv,20251001,baseline,mouse1,APP
6,21600,2251,8,NaN,WK,20251001-baseline-mouse1-APP_scored_scores_1Hz.csv,20251001,baseline,mouse1,APP
7,25200,993,7,NaN,WK,20251001-baseline-mouse1-APP_scored_scores_1Hz.csv,20251001,baseline,mouse1,APP
8,28800,1719,4,NaN,WK,20251001-baseline-mouse1-APP_scored_scores_1Hz.csv,20251001,baseline,mouse1,APP
9,32400,1096,3,NaN,WK,20251001-baseline-mouse1-APP_scored_scores_1Hz.csv,20251001,baseline,mouse1,APP
0,0,502,3,NaN,NREM,20251001-baseline-mouse1-APP_scored_scores_1Hz.csv,20251001,baseline,mouse1,APP
1,3600,2376,13,NaN,NREM,20251001-baseline-mouse1-APP_scored_scores_1Hz.csv,20251001,baseline,mouse1,APP
2,7200,2432,13,NaN,NREM,20251001-baseline-mouse1-APP_scored_scores_1Hz.csv,20251001,baseline,mouse1,APP
3,10800,2425,13,NaN,NREM,20251001-baseline-mouse1-APP_scored_scores_1Hz.csv,20251001,baseline,mouse1,APP
4,14400,1816,5,NaN,NREM,20251001-baseline-mouse1-APP_scored_scores_1Hz.csv,20251001,baseline,mouse1,APP
5,18000,1803,5,NaN,NREM,20251001-baseline-mouse1-APP_scored_scores_1Hz.csv,20251001,baseline,mouse1,APP
6,21600,1348,9,NaN,NREM,20251001-baseline-mouse1-APP_scored_scores_1Hz.csv,20251001,baseline,mouse1,APP
7,25200,2153,6,NaN,NREM,20251001-baseline-mouse1-APP_scored_scores_1Hz.csv,20251001,baseline,mouse1,APP
8,28800,1747,5,NaN,NREM,20251001-baseline-mouse1-APP_scored_scores_1Hz.csv,20251001,baseline,mouse1,APP
9,32400,370,2,NaN,NREM,20251001-baseline-mouse1-APP_scored_scores_1Hz.csv,20251001,baseline,mouse1,APP
0,0,0,0,NaN,REM,20251001-baseline-mouse1-APP_scored_scores_1Hz.csv,20251001,baseline,mouse1,APP
1,3600,497,5,NaN,REM,20251001-baseline-mouse1-APP_scored_scores_1Hz.csv,20251001,baseline,mouse1,APP
2,7200,291,5,NaN,REM,20251001-baseline-mouse1-APP_scored_scores_1Hz.csv,20251001,baseline,mouse1,APP
3,10800,653,7,NaN,REM,20251001-baseline-mouse1-APP_scored_scores_1Hz.csv,20251001,baseline,mouse1,APP
4,14400,0,0,NaN,REM,20251001-baseline-mouse1-APP_scored_scores_1Hz.csv,20251001,baseline,mouse1,APP
5,18000,313,3,NaN,REM,20251001-baseline-mouse1-APP_scored_scores_1Hz.csv,20251001,baseline,mouse1,APP
6,21600,0,0,NaN,REM,20251001-baseline-mouse1-APP_scored_scores_1Hz.csv,20251001,baseline,mouse1,APP
7,25200,453,4,NaN,REM,20251001-baseline-mouse1-APP_scored_scores_1Hz.csv,20251001,baseline,mouse1,APP
8,28800,134,3,NaN,REM,20251001-baseline-mouse1-APP_scored_scores_1Hz.csv,20251001,baseline,mouse1,APP
9,32400,214,1,NaN,REM,20251001-baseline-mouse1-APP_scored_scores_1Hz.csv,20251001,baseline,mouse1,APP
0,0,0,0,NaN,MA,20251001-baseline-mouse1-APP_scored_scores_1Hz.csv,20251001,baseline,mouse1,APP
1,3600,11,1,NaN,MA,20251001-baseline-mouse1-APP_scored_scores_1Hz.csv,20251001,baseline,mouse1,APP
2,7200,34,5,NaN,MA,20251001-baseline-mouse1-APP_scored_scores_1Hz.csv,20251001,baseline,mouse1,APP
3,10800,66,5,NaN,MA,20251001-baseline-mouse1-APP_scored_scores_1Hz.csv,20251001,baseline,mouse1,APP
4,14400,13,1,NaN,MA,20251001-baseline-mouse1-APP_scored_scores_1Hz.csv,20251001,baseline,mouse1,APP
5,18000,27,3,NaN,MA,20251001-baseline-mouse1-APP_scored_scores_1Hz.csv,20251001,baseline,mouse1,APP
6,21600,1,1,NaN,MA,20251001-baseline-mouse1-APP_scored_scores_1Hz.csv,20251001,baseline,mouse1,APP
7,25200,1,1,NaN,MA,20251001-baseline-mouse1-APP_scored_scores_1Hz.csv,20251001,baseline,mouse1,APP
8,28800,0,0,NaN,MA,20251001-baseline-mouse1-APP_scored_scores_1Hz.csv,20251001,baseline,mouse1,APP
9,32400,0,0,NaN,MA,20251001-baseline-mouse1-APP_scored_scores_1Hz.csv,20251001,baseline,mouse1,APP
0,0,3600,1,NaN,WK,20251002-baseline-mouse2-WT_scored_scores_1Hz.csv,20251002,baseline,mouse2,WT
1,3600,523,11,NaN,WK,20251002-baseline-mouse2-WT_scored_scores_1Hz.csv,20251002,baseline,mouse2,WT
2,7200,1880,1,NaN,WK,20251002-baseline-mouse2-WT_scored_scores_1Hz.csv,20251002,baseline,mouse2,WT
3,10800,1550,7,NaN,WK,20251002-baseline-mouse2-WT_scored_scores_1Hz.csv,20251002,baseline,mouse2,WT
4,14400,1197,11,NaN,WK,20251002-baseline-mouse2-WT_scored_scores_1Hz.csv,20251002,baseline,mouse2,WT
5,18000,494,6,NaN,WK,20251002-baseline-mouse2-WT_scored_scores_1Hz.csv,20251002,baseline,mouse2,WT
6,21600,1997,11,NaN,WK,20251002-baseline-mouse2-WT_scored_scores_1Hz.csv,20251002,baseline,mouse2,WT
7,25200,2189,11,NaN,WK,20251002-baseline-mouse2-WT_scored_scores_1Hz.csv,20251002,baseline,mouse2,WT
8,28800,529,0,NaN,WK,20251002-baseline-mouse2-WT_scored_scores_1Hz.csv,20251002,baseline,mouse2,WT
0,0,0,0,NaN,NREM,20251002-baseline-mouse2-WT_scored_scores_1Hz.csv,20251002,baseline,mouse2,WT
1,3600,2690,33,NaN,NREM,20251002-baseline-mouse2-WT_scored_scores_1Hz.csv,20251002,baseline,mouse2,WT
2,7200,1359,2,NaN,NREM,20251002-baseline-mouse2-WT_scored_scores_1Hz.csv,20251002,baseline,mouse2,WT
3,10800,1849,8,NaN,NREM,20251002-baseline-mouse2-WT_scored_scores_1Hz.csv,20251002,baseline,mouse2,WT
4,14400,2097,13,NaN,NREM,20251002-baseline-mouse2-WT_scored_scores_1Hz.csv,20251002,baseline,mouse2,WT
5,18000,2483,12,NaN,NREM,20251002-baseline-mouse2-WT_scored_scores_1Hz.csv,20251002,baseline,mouse2,WT
6,21600,1233,14,NaN,NREM,20251002-baseline-mouse2-WT_scored_scores_1Hz.csv,20251002,baseline,mouse2,WT
7,25200,1208,10,NaN,NREM,20251002-baseline-mouse2-WT_scored_scores_1Hz.csv,20251002,baseline,mouse2,WT
8,28800,0,0,NaN,NREM,20251002-baseline-mouse2-WT_scored_scores_1Hz.csv,20251002,baseline,mouse2,WT
0,0,0,0,NaN,REM,20251002-baseline-mouse2-WT_scored_scores_1Hz.csv,20251002,baseline,mouse2,WT
1,3600,276,3,NaN,REM,20251002-baseline-mouse2-WT_scored_scores_1Hz.csv,20251002,baseline,mouse2,WT
2,7200,361,1,NaN,REM,20251002-baseline-mouse2-WT_scored_scores_1Hz.csv,20251002,baseline,mouse2,WT
3,10800,186,2,NaN,REM,20251002-baseline-mouse2-WT_scored_scores_1Hz.csv,20251002,baseline,mouse2,WT
4,14400,280,3,NaN,REM,20251002-baseline-mouse2-WT_scored_scores_1Hz.csv,20251002,baseline,mouse2,WT
5,18000,549,5,NaN,REM,20251002-baseline-mouse2-WT_scored_scores_1Hz.csv,20251002,baseline,mouse2,WT
6,21600,336,3,NaN,REM,20251002-baseline-mouse2-WT_scored_scores_1Hz.csv,20251002,baseline,mouse2,WT
7,25200,203,2,NaN,REM,20251002-baseline-mouse2-WT_scored_scores_1Hz.csv,20251002,baseline,mouse2,WT
8,28800,0,0,NaN,REM,20251002-baseline-mouse2-WT_scored_scores_1Hz.csv,20251002,baseline,mouse2,WT
0,0,0,0,NaN,MA,20251002-baseline-mouse2-WT_scored_scores_1Hz.csv,20251002,baseline,mouse2,WT
1,3600,111,22,NaN,MA,20251002-baseline-mouse2-WT_scored_scores_1Hz.csv,20251002,baseline,mouse2,WT
2,7200,0,0,NaN,MA,20251002-baseline-mouse2-WT_scored_scores_1Hz.csv,20251002,baseline,mouse2,WT
3,10800,15,1,NaN,MA,20251002-baseline-mouse2-WT_scored_scores_1Hz.csv,20251002,baseline,mouse2,WT
4,14400,26,2,NaN,MA,20251002-baseline-mouse2-WT_scored_scores_1Hz.csv,20251002,baseline,mouse2,WT
5,18000,74,7,NaN,MA,20251002-baseline-mouse2-WT_scored_scores_1Hz.csv,20251002,baseline,mouse2,WT
6,21600,34,3,NaN,MA,20251002-baseline-mouse2-WT_scored_scores_1Hz.csv,20251002,baseline,mouse2,WT
7,25200,0,0,NaN,MA,20251002-baseline-mouse2-WT_scored_scores_1Hz.csv,20251002,baseline,mouse2,WT
8,28800,0,0,NaN,MA,20251002-baseline-mouse2-WT_scored_scores_1Hz.csv,20251002,baseline,mouse2,WT
0,0,2760,2,NaN,WK,20251003-ambtemp-mouse1-APP_scored_scores_1Hz.csv,20251003,ambtemp,mouse1,APP
1,3600,1313,3,NaN,WK,20251003-ambtemp-mouse1-APP_scored_scores_1Hz.csv,20251003,ambtemp,mouse1,APP
2,7200,3299,1,NaN,WK,20251003-ambtemp-mouse1-APP_scored_scores_1Hz.csv,20251003,ambtemp,mouse1,APP
3,10800,1279,6,NaN,WK,20251003-ambtemp-mouse1-APP_scored_scores_1Hz.csv,20251003,ambtemp,mouse1,APP
4,14400,1250,6,NaN,WK,20251003-ambtemp-mouse1-APP_scored_scores_1Hz.csv,20251003,ambtemp,mouse1,APP
5,18000,653,6,NaN,WK,20251003-ambtemp-mouse1-APP_scored_scores_1Hz.csv,20251003,ambtemp,mouse1,APP
6,21600,1885,10,NaN,WK,20251003-ambtemp-mouse1-APP_scored_scores_1Hz.csv,20251003,ambtemp,mouse1,APP
7,25200,1695,3,NaN,WK,20251003-ambtemp-mouse1-APP_scored_scores_1Hz.csv,20251003,ambtemp,mouse1,APP
8,28800,731,1,NaN,WK,20251003-ambtemp-mouse1-APP_scored_scores_1Hz.csv,20251003,ambtemp,mouse1,APP
0,0,840,1,NaN,NREM,20251003-ambtemp-mouse1-APP_scored_scores_1Hz.csv,20251003,ambtemp,mouse1,APP
1,3600,2201,5,NaN,NREM,20251003-ambtemp-mouse1-APP_scored_scores_1Hz.csv,20251003,ambtemp,mouse1,APP
2,7200,301,1,NaN,NREM,20251003-ambtemp-mouse1-APP_scored_scores_1Hz.csv,20251003,ambtemp,mouse1,APP
3,10800,1826,8,NaN,NREM,20251003-ambtemp-mouse1-APP_scored_scores_1Hz.csv,20251003,ambtemp,mouse1,APP
4,14400,1830,10,NaN,NREM,20251003-ambtemp-mouse1-APP_scored_scores_1Hz.csv,20251003,ambtemp,mouse1,APP
5,18000,2446,19,NaN,NREM,20251003-ambtemp-mouse1-APP_scored_scores_1Hz.csv,20251003,ambtemp,mouse1,APP
6,21600,1618,15,NaN,NREM,20251003-ambtemp-mouse1-APP_scored_scores_1Hz.csv,20251003,ambtemp,mouse1,APP
7,25200,1478,11,NaN,NREM,20251003-ambtemp-mouse1-APP_scored_scores_1Hz.csv,20251003,ambtemp,mouse1,APP
8,28800,1748,2,NaN,NREM,20251003-ambtemp-mouse1-APP_scored_scores_1Hz.csv,20251003,ambtemp,mouse1,APP
0,0,0,0,NaN,REM,20251003-ambtemp-mouse1-APP_scored_scores_1Hz.csv,20251003,ambtemp,mouse1,APP
1,3600,83,2,NaN,REM,20251003-ambtemp-mouse1-APP_scored_scores_1Hz.csv,20251003,ambtemp,mouse1,APP
2,7200,0,0,NaN,REM,20251003-ambtemp-mouse1-APP_scored_scores_1Hz.csv,20251003,ambtemp,mouse1,APP
3,10800,467,4,NaN,REM,20251003-ambtemp-mouse1-APP_scored_scores_1Hz.csv,20251003,ambtemp,mouse1,APP
4,14400,486,3,NaN,REM,20251003-ambtemp-mouse1-APP_scored_scores_1Hz.csv,20251003,ambtemp,mouse1,APP
5,18000,367,6,NaN,REM,20251003-ambtemp-mouse1-APP_scored_scores_1Hz.csv,20251003,ambtemp,mouse1,APP
6,21600,54,1,NaN,REM,20251003-ambtemp-mouse1-APP_scored_scores_1Hz.csv,20251003,ambtemp,mouse1,APP
7,25200,341,3,NaN,REM,20251003-ambtemp-mouse1-APP_scored_scores_1Hz.csv,20251003,ambtemp,mouse1,APP
8,28800,332,2,NaN,REM,20251003-ambtemp-mouse1-APP_scored_scores_1Hz.csv,20251003,ambtemp,mouse1,APP
0,0,0,0,NaN,MA,20251003-ambtemp-mouse1-APP_scored_scores_1Hz.csv,20251003,ambtemp,mouse1,APP
1,3600,3,1,NaN,MA,20251003-ambtemp-mouse1-APP_scored_scores_1Hz.csv,20251003,ambtemp,mouse1,APP
2,7200,0,0,NaN,MA,20251003-ambtemp-mouse1-APP_scored_scores_1Hz.csv,20251003,ambtemp,mouse1,APP
3,10800,28,3,NaN,MA,20251003-ambtemp-mouse1-APP_scored_scores_1Hz.csv,20251003,ambtemp,mouse1,APP
4,14400,34,4,NaN,MA,20251003-ambtemp-mouse1-APP_scored_scores_1Hz.csv,20251003,ambtemp,mouse1,APP
5,18000,134,12,NaN,MA,20251003-ambtemp-mouse1-APP_scored_scores_1Hz.csv,20251003,ambtemp,mouse1,APP
6,21600,43,4,NaN,MA,20251003-ambtemp-mouse1-APP_scored_scores_1Hz.csv,20251003,ambtemp,mouse1,APP
7,25200,86,8,NaN,MA,20251003-ambtemp-mouse1-APP_scored_scores_1Hz.csv,20251003,ambtemp,mouse1,APP
8,28800,0,0,NaN,MA,20251003-ambtemp-mouse1-APP_scored_scores_1Hz.csv,20251003,ambtemp,mouse1,APP
0,0,3072,3,NaN,WK,20251005-baseline-mouse8-WT_scored_scores_1Hz.csv,20251005,baseline,mouse8,WT
1,3600,1484,13,NaN,WK,20251005-baseline-mouse8-WT_scored_scores_1Hz.csv,20251005,baseline,mouse8,WT
2,7200,1057,15,NaN,WK,20251005-baseline-mouse8-WT_scored_scores_1Hz.csv,20251005,baseline,mouse8,WT
3,10800,2099,3,NaN,WK,20251005-baseline-mouse8-WT_scored_scores_1Hz.csv,20251005,baseline,mouse8,WT
4,14400,1729,11,NaN,WK,20251005-baseline-mouse8-WT_scored_scores_1Hz.csv,20251005,baseline,mouse8,WT
5,18000,825,17,NaN,WK,20251005-baseline-mouse8-WT_scored_scores_1Hz.csv,20251005,baseline,mouse8,WT
6,21600,1575,6,NaN,WK,20251005-baseline-mouse8-WT_scored_scores_1Hz.csv,20251005,baseline,mouse8,WT
7,25200,1170,7,NaN,WK,20251005-baseline-mouse8-WT_scored_scores_1Hz.csv,20251005,baseline,mouse8,WT
8,28800,960,7,NaN,WK,20251005-baseline-mouse8-WT_scored_scores_1Hz.csv,20251005,baseline,mouse8,WT
9,32400,1760,11,NaN,WK,20251005-baseline-mouse8-WT_scored_scores_1Hz.csv,20251005,baseline,mouse8,WT
0,0,502,5,NaN,NREM,20251005-baseline-mouse8-WT_scored_scores_1Hz.csv,20251005,baseline,mouse8,WT
1,3600,1724,21,NaN,NREM,20251005-baseline-mouse8-WT_scored_scores_1Hz.csv,20251005,baseline,mouse8,WT
2,7200,2225,23,NaN,NREM,20251005-baseline-mouse8-WT_scored_scores_1Hz.csv,20251005,baseline,mouse8,WT
3,10800,1488,5,NaN,NREM,20251005-baseline-mouse8-WT_scored_scores_1Hz.csv,20251005,baseline,mouse8,WT
4,14400,1404,16,NaN,NREM,20251005-baseline-mouse8-WT_scored_scores_1Hz.csv,20251005,baseline,mouse8,WT
5,18000,2341,24,NaN,NREM,20251005-baseline-mouse8-WT_scored_scores_1Hz.csv,20251005,baseline,mouse8,WT
6,21600,1840,13,NaN,NREM,20251005-baseline-mouse8-WT_scored_scores_1Hz.csv,20251005,baseline,mouse8,WT
7,25200,1799,19,NaN,NREM,20251005-baseline-mouse8-WT_scored_scores_1Hz.csv,20251005,baseline,mouse8,WT
8,28800,2333,14,NaN,NREM,20251005-baseline-mouse8-WT_scored_scores_1Hz.csv,20251005,baseline,mouse8,WT
9,32400,1404,12,NaN,NREM,20251005-baseline-mouse8-WT_scored_scores_1Hz.csv,20251005,baseline,mouse8,WT
0,0,0,0,NaN,REM,20251005-baseline-mouse8-WT_scored_scores_1Hz.csv,20251005,baseline,mouse8,WT
1,3600,310,2,NaN,REM,20251005-baseline-mouse8-WT_scored_scores_1Hz.csv,20251005,baseline,mouse8,WT
2,7200,222,2,NaN,REM,20251005-baseline-mouse8-WT_scored_scores_1Hz.csv,20251005,baseline,mouse8,WT
3,10800,0,0,NaN,REM,20251005-baseline-mouse8-WT_scored_scores_1Hz.csv,20251005,baseline,mouse8,WT
4,14400,422,3,NaN,REM,20251005-baseline-mouse8-WT_scored_scores_1Hz.csv,20251005,baseline,mouse8,WT
5,18000,338,3,NaN,REM,20251005-baseline-mouse8-WT_scored_scores_1Hz.csv,20251005,baseline,mouse8,WT
6,21600,120,1,NaN,REM,20251005-baseline-mouse8-WT_scored_scores_1Hz.csv,20251005,baseline,mouse8,WT
7,25200,506,4,NaN,REM,20251005-baseline-mouse8-WT_scored_scores_1Hz.csv,20251005,baseline,mouse8,WT
8,28800,231,3,NaN,REM,20251005-baseline-mouse8-WT_scored_scores_1Hz.csv,20251005,baseline,mouse8,WT
9,32400,225,3,NaN,REM,20251005-baseline-mouse8-WT_scored_scores_1Hz.csv,20251005,baseline,mouse8,WT
0,0,26,2,NaN,MA,20251005-baseline-mouse8-WT_scored_scores_1Hz.csv,20251005,baseline,mouse8,WT
1,3600,82,9,NaN,MA,20251005-baseline-mouse8-WT_scored_scores_1Hz.csv,20251005,baseline,mouse8,WT
2,7200,96,9,NaN,MA,20251005-baseline-mouse8-WT_scored_scores_1Hz.csv,20251005,baseline,mouse8,WT
3,10800,13,1,NaN,MA,20251005-baseline-mouse8-WT_scored_scores_1Hz.csv,20251005,baseline,mouse8,WT
4,14400,45,5,NaN,MA,20251005-baseline-mouse8-WT_scored_scores_1Hz.csv,20251005,baseline,mouse8,WT
5,18000,96,8,NaN,MA,20251005-baseline-mouse8-WT_scored_scores_1Hz.csv,20251005,baseline,mouse8,WT
6,21600,65,6,NaN,MA,20251005-baseline-mouse8-WT_scored_scores_1Hz.csv,20251005,baseline,mouse8,WT
7,25200,125,13,NaN,MA,20251005-baseline-mouse8-WT_scored_scores_1Hz.csv,20251005,baseline,mouse8,WT
8,28800,76,7,NaN,MA,20251005-baseline-mouse8-WT_scored_scores_1Hz.csv,20251005,baseline,mouse8,WT
9,32400,14,1,NaN,MA,20251005-baseline-mouse8-WT_scored_scores_1Hz.csv,20251005,baseline,mouse8,WT
0,0,1814,3,NaN,WK,20251006-baseline-mouse4-WT_scored_scores_1Hz.csv,20251006,baseline,mouse4,WT
1,3600,1069,4,NaN,WK,20251006-baseline-mouse4-WT_scored_scores_1Hz.csv,20251006,baseline,mouse4,WT
2,7200,772,12,NaN,WK,20251006-baseline-mouse4-WT_scored_scores_1Hz.csv,20251006,baseline,mouse4,WT
3,10800,2000,7,NaN,WK,20251006-baseline-mouse4-WT_scored_scores_1Hz.csv,20251006,baseline,mouse4,WT
4,14400,447,11,NaN,WK,20251006-baseline-mouse4-WT_scored_scores_1Hz.csv,20251006,baseline,mouse4,WT
5,18000,1139,7,NaN,WK,20251006-baseline-mouse4-WT_scored_scores_1Hz.csv,20251006,baseline,mouse4,WT
6,21600,862,6,NaN,WK,20251006-baseline-mouse4-WT_scored_scores_1Hz.csv,20251006,baseline,mouse4,WT
7,25200,1528,9,NaN,WK,20251006-baseline-mouse4-WT_scored_scores_1Hz.csv,20251006,baseline,mouse4,WT
8,28800,2772,3,NaN,WK,20251006-baseline-mouse4-WT_scored_scores_1Hz.csv,20251006,baseline,mouse4,WT
0,0,1786,3,NaN,NREM,20251006-baseline-mouse4-WT_scored_scores_1Hz.csv,20251006,baseline,mouse4,WT
1,3600,2334,16,NaN,NREM,20251006-baseline-mouse4-WT_scored_scores_1Hz.csv,20251006,baseline,mouse4,WT
2,7200,2628,15,NaN,NREM,20251006-baseline-mouse4-WT_scored_scores_1Hz.csv,20251006,baseline,mouse4,WT
3,10800,1433,18,NaN,NREM,20251006-baseline-mouse4-WT_scored_scores_1Hz.csv,20251006,baseline,mouse4,WT
4,14400,2840,14,NaN,NREM,20251006-baseline-mouse4-WT_scored_scores_1Hz.csv,20251006,baseline,mouse4,WT
5,18000,2058,15,NaN,NREM,20251006-baseline-mouse4-WT_scored_scores_1Hz.csv,20251006,baseline,mouse4,WT
6,21600,2328,13,NaN,NREM,20251006-baseline-mouse4-WT_scored_scores_1Hz.csv,20251006,baseline,mouse4,WT
7,25200,1736,12,NaN,NREM,20251006-baseline-mouse4-WT_scored_scores_1Hz.csv,20251006,baseline,mouse4,WT
8,28800,387,2,NaN,NREM,20251006-baseline-mouse4-WT_scored_scores_1Hz.csv,20251006,baseline,mouse4,WT
0,0,0,0,NaN,REM,20251006-baseline-mouse4-WT_scored_scores_1Hz.csv,20251006,baseline,mouse4,WT
1,3600,120,3,NaN,REM,20251006-baseline-mouse4-WT_scored_scores_1Hz.csv,20251006,baseline,mouse4,WT
2,7200,157,2,NaN,REM,20251006-baseline-mouse4-WT_scored_scores_1Hz.csv,20251006,baseline,mouse4,WT
3,10800,32,1,NaN,REM,20251006-baseline-mouse4-WT_scored_scores_1Hz.csv,20251006,baseline,mouse4,WT
4,14400,278,3,NaN,REM,20251006-baseline-mouse4-WT_scored_scores_1Hz.csv,20251006,baseline,mouse4,WT
5,18000,314,5,NaN,REM,20251006-baseline-mouse4-WT_scored_scores_1Hz.csv,20251006,baseline,mouse4,WT
6,21600,325,3,NaN,REM,20251006-baseline-mouse4-WT_scored_scores_1Hz.csv,20251006,baseline,mouse4,WT
7,25200,297,3,NaN,REM,20251006-baseline-mouse4-WT_scored_scores_1Hz.csv,20251006,baseline,mouse4,WT
8,28800,0,0,NaN,REM,20251006-baseline-mouse4-WT_scored_scores_1Hz.csv,20251006,baseline,mouse4,WT
0,0,0,0,NaN,MA,20251006-baseline-mouse4-WT_scored_scores_1Hz.csv,20251006,baseline,mouse4,WT
1,3600,77,12,NaN,MA,20251006-baseline-mouse4-WT_scored_scores_1Hz.csv,20251006,baseline,mouse4,WT
2,7200,43,3,NaN,MA,20251006-baseline-mouse4-WT_scored_scores_1Hz.csv,20251006,baseline,mouse4,WT
3,10800,135,11,NaN,MA,20251006-baseline-mouse4-WT_scored_scores_1Hz.csv,20251006,baseline,mouse4,WT
4,14400,35,3,NaN,MA,20251006-baseline-mouse4-WT_scored_scores_1Hz.csv,20251006,baseline,mouse4,WT
5,18000,89,8,NaN,MA,20251006-baseline-mouse4-WT_scored_scores_1Hz.csv,20251006,baseline,mouse4,WT
6,21600,85,7,NaN,MA,20251006-baseline-mouse4-WT_scored_scores_1Hz.csv,20251006,baseline,mouse4,WT
7,25200,39,3,NaN,MA,20251006-baseline-mouse4-WT_scored_scores_1Hz.csv,20251006,baseline,mouse4,WT
8,28800,0,0,NaN,MA,20251006-baseline-mouse4-WT_scored_scores_1Hz.csv,20251006,baseline,mouse4,WT
0,0,1244,8,NaN,WK,20251007-ambtemp-mouse4-WT_scored_scores_1Hz.csv,20251007,ambtemp,mouse4,WT
1,3600,1165,6,NaN,WK,20251007-ambtemp-mouse4-WT_scored_scores_1Hz.csv,20251007,ambtemp,mouse4,WT
2,7200,1156,6,NaN,WK,20251007-ambtemp-mouse4-WT_scored_scores_1Hz.csv,20251007,ambtemp,mouse4,WT
3,10800,1819,7,NaN,WK,20251007-ambtemp-mouse4-WT_scored_scores_1Hz.csv,20251007,ambtemp,mouse4,WT
4,14400,1034,8,NaN,WK,20251007-ambtemp-mouse4-WT_scored_scores_1Hz.csv,20251007,ambtemp,mouse4,WT
5,18000,1670,8,NaN,WK,20251007-ambtemp-mouse4-WT_scored_scores_1Hz.csv,20251007,ambtemp,mouse4,WT
6,21600,1040,6,NaN,WK,20251007-ambtemp-mouse4-WT_scored_scores_1Hz.csv,20251007,ambtemp,mouse4,WT
7,25200,968,7,NaN,WK,20251007-ambtemp-mouse4-WT_scored_scores_1Hz.csv,20251007,ambtemp,mouse4,WT
8,28800,670,5,NaN,WK,20251007-ambtemp-mouse4-WT_scored_scores_1Hz.csv,20251007,ambtemp,mouse4,WT
0,0,1853,23,NaN,NREM,20251007-ambtemp-mouse4-WT_scored_scores_1Hz.csv,20251007,ambtemp,mouse4,WT
1,3600,1972,31,NaN,NREM,20251007-ambtemp-mouse4-WT_scored_scores_1Hz.csv,20251007,ambtemp,mouse4,WT
2,7200,2011,27,NaN,NREM,20251007-ambtemp-mouse4-WT_scored_scores_1Hz.csv,20251007,ambtemp,mouse4,WT
3,10800,1501,22,NaN,NREM,20251007-ambtemp-mouse4-WT_scored_scores_1Hz.csv,20251007,ambtemp,mouse4,WT
4,14400,1898,34,NaN,NREM,20251007-ambtemp-mouse4-WT_scored_scores_1Hz.csv,20251007,ambtemp,mouse4,WT
5,18000,1715,31,NaN,NREM,20251007-ambtemp-mouse4-WT_scored_scores_1Hz.csv,20251007,ambtemp,mouse4,WT
6,21600,1789,44,NaN,NREM,20251007-ambtemp-mouse4-WT_scored_scores_1Hz.csv,20251007,ambtemp,mouse4,WT
7,25200,2048,34,NaN,NREM,20251007-ambtemp-mouse4-WT_scored_scores_1Hz.csv,20251007,ambtemp,mouse4,WT
8,28800,1059,17,NaN,NREM,20251007-ambtemp-mouse4-WT_scored_scores_1Hz.csv,20251007,ambtemp,mouse4,WT
0,0,396,6,NaN,REM,20251007-ambtemp-mouse4-WT_scored_scores_1Hz.csv,20251007,ambtemp,mouse4,WT
1,3600,283,3,NaN,REM,20251007-ambtemp-mouse4-WT_scored_scores_1Hz.csv,20251007,ambtemp,mouse4,WT
2,7200,261,4,NaN,REM,20251007-ambtemp-mouse4-WT_scored_scores_1Hz.csv,20251007,ambtemp,mouse4,WT
3,10800,195,2,NaN,REM,20251007-ambtemp-mouse4-WT_scored_scores_1Hz.csv,20251007,ambtemp,mouse4,WT
4,14400,525,7,NaN,REM,20251007-ambtemp-mouse4-WT_scored_scores_1Hz.csv,20251007,ambtemp,mouse4,WT
5,18000,96,2,NaN,REM,20251007-ambtemp-mouse4-WT_scored_scores_1Hz.csv,20251007,ambtemp,mouse4,WT
6,21600,563,7,NaN,REM,20251007-ambtemp-mouse4-WT_scored_scores_1Hz.csv,20251007,ambtemp,mouse4,WT
7,25200,404,5,NaN,REM,20251007-ambtemp-mouse4-WT_scored_scores_1Hz.csv,20251007,ambtemp,mouse4,WT
8,28800,384,3,NaN,REM,20251007-ambtemp-mouse4-WT_scored_scores_1Hz.csv,20251007,ambtemp,mouse4,WT
0,0,107,15,NaN,MA,20251007-ambtemp-mouse4-WT_scored_scores_1Hz.csv,20251007,ambtemp,mouse4,WT
1,3600,180,25,NaN,MA,20251007-ambtemp-mouse4-WT_scored_scores_1Hz.csv,20251007,ambtemp,mouse4,WT
2,7200,172,22,NaN,MA,20251007-ambtemp-mouse4-WT_scored_scores_1Hz.csv,20251007,ambtemp,mouse4,WT
3,10800,85,15,NaN,MA,20251007-ambtemp-mouse4-WT_scored_scores_1Hz.csv,20251007,ambtemp,mouse4,WT
4,14400,143,25,NaN,MA,20251007-ambtemp-mouse4-WT_scored_scores_1Hz.csv,20251007,ambtemp,mouse4,WT
5,18000,119,23,NaN,MA,20251007-ambtemp-mouse4-WT_scored_scores_1Hz.csv,20251007,ambtemp,mouse4,WT
6,21600,208,38,NaN,MA,20251007-ambtemp-mouse4-WT_scored_scores_1Hz.csv,20251007,ambtemp,mouse4,WT
7,25200,180,29,NaN,MA,20251007-ambtemp-mouse4-WT_scored_scores_1Hz.csv,20251007,ambtemp,mouse4,WT
8,28800,80,12,NaN,MA,20251007-ambtemp-mouse4-WT_scored_scores_1Hz.csv,20251007,ambtemp,mouse4,WT
0,0,2017,4,NaN,WK,20251007-baseline-mouse10-APP_scored_scores_1Hz.csv,20251007,baseline,mouse10,APP
1,3600,1774,5,NaN,WK,20251007-baseline-mouse10-APP_scored_scores_1Hz.csv,20251007,baseline,mouse10,APP
2,7200,1679,10,NaN,WK,20251007-baseline-mouse10-APP_scored_scores_1Hz.csv,20251007,baseline,mouse10,APP
3,10800,498,9,NaN,WK,20251007-baseline-mouse10-APP_scored_scores_1Hz.csv,20251007,baseline,mouse10,APP
4,14400,859,6,NaN,WK,20251007-baseline-mouse10-APP_scored_scores_1Hz.csv,20251007,baseline,mouse10,APP
5,18000,2441,6,NaN,WK,20251007-baseline-mouse10-APP_scored_scores_1Hz.csv,20251007,baseline,mouse10,APP
6,21600,1234,6,NaN,WK,20251007-baseline-mouse10-APP_scored_scores_1Hz.csv,20251007,baseline,mouse10,APP
7,25200,1247,14,NaN,WK,20251007-baseline-mouse10-APP_scored_scores_1Hz.csv,20251007,baseline,mouse10,APP
8,28800,982,6,NaN,WK,20251007-baseline-mouse10-APP_scored_scores_1Hz.csv,20251007,baseline,mouse10,APP
0,0,1055,25,NaN,NREM,20251007-baseline-mouse10-APP_scored_scores_1Hz.csv,20251007,baseline,mouse10,APP
1,3600,1231,28,NaN,NREM,20251007-baseline-mouse10-APP_scored_scores_1Hz.csv,20251007,baseline,mouse10,APP
2,7200,1528,51,NaN,NREM,20251007-baseline-mouse10-APP_scored_scores_1Hz.csv,20251007,baseline,mouse10,APP
3,10800,1994,63,NaN,NREM,20251007-baseline-mouse10-APP_scored_scores_1Hz.csv,20251007,baseline,mouse10,APP
4,14400,2051,83,NaN,NREM,20251007-baseline-mouse10-APP_scored_scores_1Hz.csv,20251007,baseline,mouse10,APP
5,18000,816,21,NaN,NREM,20251007-baseline-mouse10-APP_scored_scores_1Hz.csv,20251007,baseline,mouse10,APP
6,21600,1692,51,NaN,NREM,20251007-baseline-mouse10-APP_scored_scores_1Hz.csv,20251007,baseline,mouse10,APP
7,25200,1711,53,NaN,NREM,20251007-baseline-mouse10-APP_scored_scores_1Hz.csv,20251007,baseline,mouse10,APP
8,28800,946,20,NaN,NREM,20251007-baseline-mouse10-APP_scored_scores_1Hz.csv,20251007,baseline,mouse10,APP
0,0,406,3,NaN,REM,20251007-baseline-mouse10-APP_scored_scores_1Hz.csv,20251007,baseline,mouse10,APP
1,3600,492,4,NaN,REM,20251007-baseline-mouse10-APP_scored_scores_1Hz.csv,20251007,baseline,mouse10,APP
2,7200,227,4,NaN,REM,20251007-baseline-mouse10-APP_scored_scores_1Hz.csv,20251007,baseline,mouse10,APP
3,10800,800,9,NaN,REM,20251007-baseline-mouse10-APP_scored_scores_1Hz.csv,20251007,baseline,mouse10,APP
4,14400,381,5,NaN,REM,20251007-baseline-mouse10-APP_scored_scores_1Hz.csv,20251007,baseline,mouse10,APP
5,18000,281,4,NaN,REM,20251007-baseline-mouse10-APP_scored_scores_1Hz.csv,20251007,baseline,mouse10,APP
6,21600,456,3,NaN,REM,20251007-baseline-mouse10-APP_scored_scores_1Hz.csv,20251007,baseline,mouse10,APP
7,25200,460,6,NaN,REM,20251007-baseline-mouse10-APP_scored_scores_1Hz.csv,20251007,baseline,mouse10,APP
8,28800,173,3,NaN,REM,20251007-baseline-mouse10-APP_scored_scores_1Hz.csv,20251007,baseline,mouse10,APP
0,0,122,21,NaN,MA,20251007-baseline-mouse10-APP_scored_scores_1Hz.csv,20251007,baseline,mouse10,APP
1,3600,103,22,NaN,MA,20251007-baseline-mouse10-APP_scored_scores_1Hz.csv,20251007,baseline,mouse10,APP
2,7200,166,41,NaN,MA,20251007-baseline-mouse10-APP_scored_scores_1Hz.csv,20251007,baseline,mouse10,APP
3,10800,308,55,NaN,MA,20251007-baseline-mouse10-APP_scored_scores_1Hz.csv,20251007,baseline,mouse10,APP
4,14400,309,77,NaN,MA,20251007-baseline-mouse10-APP_scored_scores_1Hz.csv,20251007,baseline,mouse10,APP
5,18000,62,16,NaN,MA,20251007-baseline-mouse10-APP_scored_scores_1Hz.csv,20251007,baseline,mouse10,APP
6,21600,218,44,NaN,MA,20251007-baseline-mouse10-APP_scored_scores_1Hz.csv,20251007,baseline,mouse10,APP
7,25200,182,40,NaN,MA,20251007-baseline-mouse10-APP_scored_scores_1Hz.csv,20251007,baseline,mouse10,APP
8,28800,92,13,NaN,MA,20251007-baseline-mouse10-APP_scored_scores_1Hz.csv,20251007,baseline,mouse10,APP
0,0,3348,1,NaN,WK,20251008-ambtemp-mouse10-APP_scored_scores_1Hz.csv,20251008,ambtemp,mouse10,APP
1,3600,1544,10,NaN,WK,20251008-ambtemp-mouse10-APP_scored_scores_1Hz.csv,20251008,ambtemp,mouse10,APP
2,7200,1966,4,NaN,WK,20251008-ambtemp-mouse10-APP_scored_scores_1Hz.csv,20251008,ambtemp,mouse10,APP
3,10800,918,8,NaN,WK,20251008-ambtemp-mouse10-APP_scored_scores_1Hz.csv,20251008,ambtemp,mouse10,APP
4,14400,659,5,NaN,WK,20251008-ambtemp-mouse10-APP_scored_scores_1Hz.csv,20251008,ambtemp,mouse10,APP
5,18000,1737,5,NaN,WK,20251008-ambtemp-mouse10-APP_scored_scores_1Hz.csv,20251008,ambtemp,mouse10,APP
6,21600,287,6,NaN,WK,20251008-ambtemp-mouse10-APP_scored_scores_1Hz.csv,20251008,ambtemp,mouse10,APP
7,25200,2136,2,NaN,WK,20251008-ambtemp-mouse10-APP_scored_scores_1Hz.csv,20251008,ambtemp,mouse10,APP
8,28800,1112,6,NaN,WK,20251008-ambtemp-mouse10-APP_scored_scores_1Hz.csv,20251008,ambtemp,mouse10,APP
9,32400,394,4,NaN,WK,20251008-ambtemp-mouse10-APP_scored_scores_1Hz.csv,20251008,ambtemp,mouse10,APP
0,0,248,4,NaN,NREM,20251008-ambtemp-mouse10-APP_scored_scores_1Hz.csv,20251008,ambtemp,mouse10,APP
1,3600,1804,43,NaN,NREM,20251008-ambtemp-mouse10-APP_scored_scores_1Hz.csv,20251008,ambtemp,mouse10,APP
2,7200,1294,23,NaN,NREM,20251008-ambtemp-mouse10-APP_scored_scores_1Hz.csv,20251008,ambtemp,mouse10,APP
3,10800,2053,61,NaN,NREM,20251008-ambtemp-mouse10-APP_scored_scores_1Hz.csv,20251008,ambtemp,mouse10,APP
4,14400,2207,53,NaN,NREM,20251008-ambtemp-mouse10-APP_scored_scores_1Hz.csv,20251008,ambtemp,mouse10,APP
5,18000,1325,25,NaN,NREM,20251008-ambtemp-mouse10-APP_scored_scores_1Hz.csv,20251008,ambtemp,mouse10,APP
6,21600,2263,47,NaN,NREM,20251008-ambtemp-mouse10-APP_scored_scores_1Hz.csv,20251008,ambtemp,mouse10,APP
7,25200,1143,27,NaN,NREM,20251008-ambtemp-mouse10-APP_scored_scores_1Hz.csv,20251008,ambtemp,mouse10,APP
8,28800,1658,34,NaN,NREM,20251008-ambtemp-mouse10-APP_scored_scores_1Hz.csv,20251008,ambtemp,mouse10,APP
9,32400,1035,17,NaN,NREM,20251008-ambtemp-mouse10-APP_scored_scores_1Hz.csv,20251008,ambtemp,mouse10,APP
0,0,0,0,NaN,REM,20251008-ambtemp-mouse10-APP_scored_scores_1Hz.csv,20251008,ambtemp,mouse10,APP
1,3600,120,3,NaN,REM,20251008-ambtemp-mouse10-APP_scored_scores_1Hz.csv,20251008,ambtemp,mouse10,APP
2,7200,214,3,NaN,REM,20251008-ambtemp-mouse10-APP_scored_scores_1Hz.csv,20251008,ambtemp,mouse10,APP
3,10800,422,4,NaN,REM,20251008-ambtemp-mouse10-APP_scored_scores_1Hz.csv,20251008,ambtemp,mouse10,APP
4,14400,537,4,NaN,REM,20251008-ambtemp-mouse10-APP_scored_scores_1Hz.csv,20251008,ambtemp,mouse10,APP
5,18000,390,2,NaN,REM,20251008-ambtemp-mouse10-APP_scored_scores_1Hz.csv,20251008,ambtemp,mouse10,APP
6,21600,813,8,NaN,REM,20251008-ambtemp-mouse10-APP_scored_scores_1Hz.csv,20251008,ambtemp,mouse10,APP
7,25200,199,2,NaN,REM,20251008-ambtemp-mouse10-APP_scored_scores_1Hz.csv,20251008,ambtemp,mouse10,APP
8,28800,666,6,NaN,REM,20251008-ambtemp-mouse10-APP_scored_scores_1Hz.csv,20251008,ambtemp,mouse10,APP
9,32400,192,4,NaN,REM,20251008-ambtemp-mouse10-APP_scored_scores_1Hz.csv,20251008,ambtemp,mouse10,APP
0,0,4,2,NaN,MA,20251008-ambtemp-mouse10-APP_scored_scores_1Hz.csv,20251008,ambtemp,mouse10,APP
1,3600,132,33,NaN,MA,20251008-ambtemp-mouse10-APP_scored_scores_1Hz.csv,20251008,ambtemp,mouse10,APP
2,7200,126,19,NaN,MA,20251008-ambtemp-mouse10-APP_scored_scores_1Hz.csv,20251008,ambtemp,mouse10,APP
3,10800,207,53,NaN,MA,20251008-ambtemp-mouse10-APP_scored_scores_1Hz.csv,20251008,ambtemp,mouse10,APP
4,14400,197,47,NaN,MA,20251008-ambtemp-mouse10-APP_scored_scores_1Hz.csv,20251008,ambtemp,mouse10,APP
5,18000,148,20,NaN,MA,20251008-ambtemp-mouse10-APP_scored_scores_1Hz.csv,20251008,ambtemp,mouse10,APP
6,21600,237,41,NaN,MA,20251008-ambtemp-mouse10-APP_scored_scores_1Hz.csv,20251008,ambtemp,mouse10,APP
7,25200,122,24,NaN,MA,20251008-ambtemp-mouse10-APP_scored_scores_1Hz.csv,20251008,ambtemp,mouse10,APP
8,28800,164,28,NaN,MA,20251008-ambtemp-mouse10-APP_scored_scores_1Hz.csv,20251008,ambtemp,mouse10,APP
9,32400,99,15,NaN,MA,20251008-ambtemp-mouse10-APP_scored_scores_1Hz.csv,20251008,ambtemp,mouse10,APP
0,0,1524,10,NaN,WK,20251009-ambtemp-mouse3-APP_scored_scores_1Hz.csv,20251009,ambtemp,mouse3,APP
1,3600,1519,8,NaN,WK,20251009-ambtemp-mouse3-APP_scored_scores_1Hz.csv,20251009,ambtemp,mouse3,APP
2,7200,1572,5,NaN,WK,20251009-ambtemp-mouse3-APP_scored_scores_1Hz.csv,20251009,ambtemp,mouse3,APP
3,10800,823,8,NaN,WK,20251009-ambtemp-mouse3-APP_scored_scores_1Hz.csv,20251009,ambtemp,mouse3,APP
4,14400,730,8,NaN,WK,20251009-ambtemp-mouse3-APP_scored_scores_1Hz.csv,20251009,ambtemp,mouse3,APP
5,18000,2481,5,NaN,WK,20251009-ambtemp-mouse3-APP_scored_scores_1Hz.csv,20251009,ambtemp,mouse3,APP
6,21600,1038,8,NaN,WK,20251009-ambtemp-mouse3-APP_scored_scores_1Hz.csv,20251009,ambtemp,mouse3,APP
7,25200,2696,4,NaN,WK,20251009-ambtemp-mouse3-APP_scored_scores_1Hz.csv,20251009,ambtemp,mouse3,APP
8,28800,17,0,NaN,WK,20251009-ambtemp-mouse3-APP_scored_scores_1Hz.csv,20251009,ambtemp,mouse3,APP
0,0,1796,53,NaN,NREM,20251009-ambtemp-mouse3-APP_scored_scores_1Hz.csv,20251009,ambtemp,mouse3,APP
1,3600,1791,55,NaN,NREM,20251009-ambtemp-mouse3-APP_scored_scores_1Hz.csv,20251009,ambtemp,mouse3,APP
2,7200,1710,32,NaN,NREM,20251009-ambtemp-mouse3-APP_scored_scores_1Hz.csv,20251009,ambtemp,mouse3,APP
3,10800,1964,42,NaN,NREM,20251009-ambtemp-mouse3-APP_scored_scores_1Hz.csv,20251009,ambtemp,mouse3,APP
4,14400,2285,35,NaN,NREM,20251009-ambtemp-mouse3-APP_scored_scores_1Hz.csv,20251009,ambtemp,mouse3,APP
5,18000,1094,9,NaN,NREM,20251009-ambtemp-mouse3-APP_scored_scores_1Hz.csv,20251009,ambtemp,mouse3,APP
6,21600,2002,46,NaN,NREM,20251009-ambtemp-mouse3-APP_scored_scores_1Hz.csv,20251009,ambtemp,mouse3,APP
7,25200,763,20,NaN,NREM,20251009-ambtemp-mouse3-APP_scored_scores_1Hz.csv,20251009,ambtemp,mouse3,APP
8,28800,0,0,NaN,NREM,20251009-ambtemp-mouse3-APP_scored_scores_1Hz.csv,20251009,ambtemp,mouse3,APP
0,0,138,3,NaN,REM,20251009-ambtemp-mouse3-APP_scored_scores_1Hz.csv,20251009,ambtemp,mouse3,APP
1,3600,181,2,NaN,REM,20251009-ambtemp-mouse3-APP_scored_scores_1Hz.csv,20251009,ambtemp,mouse3,APP
2,7200,209,2,NaN,REM,20251009-ambtemp-mouse3-APP_scored_scores_1Hz.csv,20251009,ambtemp,mouse3,APP
3,10800,710,6,NaN,REM,20251009-ambtemp-mouse3-APP_scored_scores_1Hz.csv,20251009,ambtemp,mouse3,APP
4,14400,460,5,NaN,REM,20251009-ambtemp-mouse3-APP_scored_scores_1Hz.csv,20251009,ambtemp,mouse3,APP
5,18000,0,0,NaN,REM,20251009-ambtemp-mouse3-APP_scored_scores_1Hz.csv,20251009,ambtemp,mouse3,APP
6,21600,390,5,NaN,REM,20251009-ambtemp-mouse3-APP_scored_scores_1Hz.csv,20251009,ambtemp,mouse3,APP
7,25200,86,2,NaN,REM,20251009-ambtemp-mouse3-APP_scored_scores_1Hz.csv,20251009,ambtemp,mouse3,APP
8,28800,0,0,NaN,REM,20251009-ambtemp-mouse3-APP_scored_scores_1Hz.csv,20251009,ambtemp,mouse3,APP
0,0,142,43,NaN,MA,20251009-ambtemp-mouse3-APP_scored_scores_1Hz.csv,20251009,ambtemp,mouse3,APP
1,3600,109,47,NaN,MA,20251009-ambtemp-mouse3-APP_scored_scores_1Hz.csv,20251009,ambtemp,mouse3,APP
2,7200,109,26,NaN,MA,20251009-ambtemp-mouse3-APP_scored_scores_1Hz.csv,20251009,ambtemp,mouse3,APP
3,10800,103,35,NaN,MA,20251009-ambtemp-mouse3-APP_scored_scores_1Hz.csv,20251009,ambtemp,mouse3,APP
4,14400,125,26,NaN,MA,20251009-ambtemp-mouse3-APP_scored_scores_1Hz.csv,20251009,ambtemp,mouse3,APP
5,18000,25,4,NaN,MA,20251009-ambtemp-mouse3-APP_scored_scores_1Hz.csv,20251009,ambtemp,mouse3,APP
6,21600,170,38,NaN,MA,20251009-ambtemp-mouse3-APP_scored_scores_1Hz.csv,20251009,ambtemp,mouse3,APP
7,25200,55,17,NaN,MA,20251009-ambtemp-mouse3-APP_scored_scores_1Hz.csv,20251009,ambtemp,mouse3,APP
8,28800,0,0,NaN,MA,20251009-ambtemp-mouse3-APP_scored_scores_1Hz.csv,20251009,ambtemp,mouse3,APP
0,0,988,10,NaN,WK,20251011-baseline-mouse3-APP_scored_scores_1Hz.csv,20251011,baseline,mouse3,APP
1,3600,2275,2,NaN,WK,20251011-baseline-mouse3-APP_scored_scores_1Hz.csv,20251011,baseline,mouse3,APP
2,7200,2717,2,NaN,WK,20251011-baseline-mouse3-APP_scored_scores_1Hz.csv,20251011,baseline,mouse3,APP
3,10800,239,3,NaN,WK,20251011-baseline-mouse3-APP_scored_scores_1Hz.csv,20251011,baseline,mouse3,APP
4,14400,923,3,NaN,WK,20251011-baseline-mouse3-APP_scored_scores_1Hz.csv,20251011,baseline,mouse3,APP
5,18000,2237,7,NaN,WK,20251011-baseline-mouse3-APP_scored_scores_1Hz.csv,20251011,baseline,mouse3,APP
6,21600,1387,2,NaN,WK,20251011-baseline-mouse3-APP_scored_scores_1Hz.csv,20251011,baseline,mouse3,APP
0,0,2013,33,NaN,NREM,20251011-baseline-mouse3-APP_scored_scores_1Hz.csv,20251011,baseline,mouse3,APP
1,3600,1129,32,NaN,NREM,20251011-baseline-mouse3-APP_scored_scores_1Hz.csv,20251011,baseline,mouse3,APP
2,7200,802,23,NaN,NREM,20251011-baseline-mouse3-APP_scored_scores_1Hz.csv,20251011,baseline,mouse3,APP
3,10800,2642,54,NaN,NREM,20251011-baseline-mouse3-APP_scored_scores_1Hz.csv,20251011,baseline,mouse3,APP
4,14400,2150,40,NaN,NREM,20251011-baseline-mouse3-APP_scored_scores_1Hz.csv,20251011,baseline,mouse3,APP
5,18000,1116,14,NaN,NREM,20251011-baseline-mouse3-APP_scored_scores_1Hz.csv,20251011,baseline,mouse3,APP
6,21600,297,5,NaN,NREM,20251011-baseline-mouse3-APP_scored_scores_1Hz.csv,20251011,baseline,mouse3,APP
0,0,508,8,NaN,REM,20251011-baseline-mouse3-APP_scored_scores_1Hz.csv,20251011,baseline,mouse3,APP
1,3600,138,3,NaN,REM,20251011-baseline-mouse3-APP_scored_scores_1Hz.csv,20251011,baseline,mouse3,APP
2,7200,36,1,NaN,REM,20251011-baseline-mouse3-APP_scored_scores_1Hz.csv,20251011,baseline,mouse3,APP
3,10800,555,6,NaN,REM,20251011-baseline-mouse3-APP_scored_scores_1Hz.csv,20251011,baseline,mouse3,APP
4,14400,423,5,NaN,REM,20251011-baseline-mouse3-APP_scored_scores_1Hz.csv,20251011,baseline,mouse3,APP
5,18000,214,3,NaN,REM,20251011-baseline-mouse3-APP_scored_scores_1Hz.csv,20251011,baseline,mouse3,APP
6,21600,33,1,NaN,REM,20251011-baseline-mouse3-APP_scored_scores_1Hz.csv,20251011,baseline,mouse3,APP
0,0,91,24,NaN,MA,20251011-baseline-mouse3-APP_scored_scores_1Hz.csv,20251011,baseline,mouse3,APP
1,3600,58,30,NaN,MA,20251011-baseline-mouse3-APP_scored_scores_1Hz.csv,20251011,baseline,mouse3,APP
2,7200,45,20,NaN,MA,20251011-baseline-mouse3-APP_scored_scores_1Hz.csv,20251011,baseline,mouse3,APP
3,10800,164,51,NaN,MA,20251011-baseline-mouse3-APP_scored_scores_1Hz.csv,20251011,baseline,mouse3,APP
4,14400,104,37,NaN,MA,20251011-baseline-mouse3-APP_scored_scores_1Hz.csv,20251011,baseline,mouse3,APP
5,18000,33,7,NaN,MA,20251011-baseline-mouse3-APP_scored_scores_1Hz.csv,20251011,baseline,mouse3,APP
6,21600,14,4,NaN,MA,20251011-baseline-mouse3-APP_scored_scores_1Hz.csv,20251011,baseline,mouse3,APP
0,0,800,8,NaN,WK,20251012-baseline-mouse12-WT_scored_scores_1Hz.csv,20251012,baseline,mouse12,WT
1,3600,877,14,NaN,WK,20251012-baseline-mouse12-WT_scored_scores_1Hz.csv,20251012,baseline,mouse12,WT
2,7200,3016,2,NaN,WK,20251012-baseline-mouse12-WT_scored_scores_1Hz.csv,20251012,baseline,mouse12,WT
3,10800,969,8,NaN,WK,20251012-baseline-mouse12-WT_scored_scores_1Hz.csv,20251012,baseline,mouse12,WT
4,14400,2239,1,NaN,WK,20251012-baseline-mouse12-WT_scored_scores_1Hz.csv,20251012,baseline,mouse12,WT
5,18000,972,7,NaN,WK,20251012-baseline-mouse12-WT_scored_scores_1Hz.csv,20251012,baseline,mouse12,WT
6,21600,739,9,NaN,WK,20251012-baseline-mouse12-WT_scored_scores_1Hz.csv,20251012,baseline,mouse12,WT
7,25200,1705,7,NaN,WK,20251012-baseline-mouse12-WT_scored_scores_1Hz.csv,20251012,baseline,mouse12,WT
8,28800,951,8,NaN,WK,20251012-baseline-mouse12-WT_scored_scores_1Hz.csv,20251012,baseline,mouse12,WT
0,0,2081,28,NaN,NREM,20251012-baseline-mouse12-WT_scored_scores_1Hz.csv,20251012,baseline,mouse12,WT
1,3600,2146,33,NaN,NREM,20251012-baseline-mouse12-WT_scored_scores_1Hz.csv,20251012,baseline,mouse12,WT
2,7200,544,9,NaN,NREM,20251012-baseline-mouse12-WT_scored_scores_1Hz.csv,20251012,baseline,mouse12,WT
3,10800,1891,28,NaN,NREM,20251012-baseline-mouse12-WT_scored_scores_1Hz.csv,20251012,baseline,mouse12,WT
4,14400,1175,14,NaN,NREM,20251012-baseline-mouse12-WT_scored_scores_1Hz.csv,20251012,baseline,mouse12,WT
5,18000,1923,31,NaN,NREM,20251012-baseline-mouse12-WT_scored_scores_1Hz.csv,20251012,baseline,mouse12,WT
6,21600,2067,36,NaN,NREM,20251012-baseline-mouse12-WT_scored_scores_1Hz.csv,20251012,baseline,mouse12,WT
7,25200,1491,17,NaN,NREM,20251012-baseline-mouse12-WT_scored_scores_1Hz.csv,20251012,baseline,mouse12,WT
8,28800,1356,19,NaN,NREM,20251012-baseline-mouse12-WT_scored_scores_1Hz.csv,20251012,baseline,mouse12,WT
0,0,578,5,NaN,REM,20251012-baseline-mouse12-WT_scored_scores_1Hz.csv,20251012,baseline,mouse12,WT
1,3600,441,6,NaN,REM,20251012-baseline-mouse12-WT_scored_scores_1Hz.csv,20251012,baseline,mouse12,WT
2,7200,0,0,NaN,REM,20251012-baseline-mouse12-WT_scored_scores_1Hz.csv,20251012,baseline,mouse12,WT
3,10800,564,5,NaN,REM,20251012-baseline-mouse12-WT_scored_scores_1Hz.csv,20251012,baseline,mouse12,WT
4,14400,104,1,NaN,REM,20251012-baseline-mouse12-WT_scored_scores_1Hz.csv,20251012,baseline,mouse12,WT
5,18000,530,5,NaN,REM,20251012-baseline-mouse12-WT_scored_scores_1Hz.csv,20251012,baseline,mouse12,WT
6,21600,600,6,NaN,REM,20251012-baseline-mouse12-WT_scored_scores_1Hz.csv,20251012,baseline,mouse12,WT
7,25200,301,3,NaN,REM,20251012-baseline-mouse12-WT_scored_scores_1Hz.csv,20251012,baseline,mouse12,WT
8,28800,312,3,NaN,REM,20251012-baseline-mouse12-WT_scored_scores_1Hz.csv,20251012,baseline,mouse12,WT
0,0,141,21,NaN,MA,20251012-baseline-mouse12-WT_scored_scores_1Hz.csv,20251012,baseline,mouse12,WT
1,3600,136,19,NaN,MA,20251012-baseline-mouse12-WT_scored_scores_1Hz.csv,20251012,baseline,mouse12,WT
2,7200,40,6,NaN,MA,20251012-baseline-mouse12-WT_scored_scores_1Hz.csv,20251012,baseline,mouse12,WT
3,10800,176,21,NaN,MA,20251012-baseline-mouse12-WT_scored_scores_1Hz.csv,20251012,baseline,mouse12,WT
4,14400,82,12,NaN,MA,20251012-baseline-mouse12-WT_scored_scores_1Hz.csv,20251012,baseline,mouse12,WT
5,18000,175,24,NaN,MA,20251012-baseline-mouse12-WT_scored_scores_1Hz.csv,20251012,baseline,mouse12,WT
6,21600,194,28,NaN,MA,20251012-baseline-mouse12-WT_scored_scores_1Hz.csv,20251012,baseline,mouse12,WT
7,25200,103,9,NaN,MA,20251012-baseline-mouse12-WT_scored_scores_1Hz.csv,20251012,baseline,mouse12,WT
8,28800,116,12,NaN,MA,20251012-baseline-mouse12-WT_scored_scores_1Hz.csv,20251012,baseline,mouse12,WT
0,0,3118,1,NaN,WK,20251013-ambtemp-mouse2-WT_scored_scores_1Hz.csv,20251013,ambtemp,mouse2,WT
1,3600,1391,14,NaN,WK,20251013-ambtemp-mouse2-WT_scored_scores_1Hz.csv,20251013,ambtemp,mouse2,WT
2,7200,2188,6,NaN,WK,20251013-ambtemp-mouse2-WT_scored_scores_1Hz.csv,20251013,ambtemp,mouse2,WT
3,10800,1280,6,NaN,WK,20251013-ambtemp-mouse2-WT_scored_scores_1Hz.csv,20251013,ambtemp,mouse2,WT
4,14400,354,8,NaN,WK,20251013-ambtemp-mouse2-WT_scored_scores_1Hz.csv,20251013,ambtemp,mouse2,WT
5,18000,467,7,NaN,WK,20251013-ambtemp-mouse2-WT_scored_scores_1Hz.csv,20251013,ambtemp,mouse2,WT
6,21600,520,10,NaN,WK,20251013-ambtemp-mouse2-WT_scored_scores_1Hz.csv,20251013,ambtemp,mouse2,WT
7,25200,1675,8,NaN,WK,20251013-ambtemp-mouse2-WT_scored_scores_1Hz.csv,20251013,ambtemp,mouse2,WT
8,28800,1054,4,NaN,WK,20251013-ambtemp-mouse2-WT_scored_scores_1Hz.csv,20251013,ambtemp,mouse2,WT
0,0,465,4,NaN,NREM,20251013-ambtemp-mouse2-WT_scored_scores_1Hz.csv,20251013,ambtemp,mouse2,WT
1,3600,1834,28,NaN,NREM,20251013-ambtemp-mouse2-WT_scored_scores_1Hz.csv,20251013,ambtemp,mouse2,WT
2,7200,996,16,NaN,NREM,20251013-ambtemp-mouse2-WT_scored_scores_1Hz.csv,20251013,ambtemp,mouse2,WT
3,10800,1883,28,NaN,NREM,20251013-ambtemp-mouse2-WT_scored_scores_1Hz.csv,20251013,ambtemp,mouse2,WT
4,14400,2606,54,NaN,NREM,20251013-ambtemp-mouse2-WT_scored_scores_1Hz.csv,20251013,ambtemp,mouse2,WT
5,18000,2569,40,NaN,NREM,20251013-ambtemp-mouse2-WT_scored_scores_1Hz.csv,20251013,ambtemp,mouse2,WT
6,21600,2311,26,NaN,NREM,20251013-ambtemp-mouse2-WT_scored_scores_1Hz.csv,20251013,ambtemp,mouse2,WT
7,25200,1521,22,NaN,NREM,20251013-ambtemp-mouse2-WT_scored_scores_1Hz.csv,20251013,ambtemp,mouse2,WT
8,28800,713,9,NaN,NREM,20251013-ambtemp-mouse2-WT_scored_scores_1Hz.csv,20251013,ambtemp,mouse2,WT
0,0,0,0,NaN,REM,20251013-ambtemp-mouse2-WT_scored_scores_1Hz.csv,20251013,ambtemp,mouse2,WT
1,3600,289,6,NaN,REM,20251013-ambtemp-mouse2-WT_scored_scores_1Hz.csv,20251013,ambtemp,mouse2,WT
2,7200,362,4,NaN,REM,20251013-ambtemp-mouse2-WT_scored_scores_1Hz.csv,20251013,ambtemp,mouse2,WT
3,10800,337,5,NaN,REM,20251013-ambtemp-mouse2-WT_scored_scores_1Hz.csv,20251013,ambtemp,mouse2,WT
4,14400,437,4,NaN,REM,20251013-ambtemp-mouse2-WT_scored_scores_1Hz.csv,20251013,ambtemp,mouse2,WT
5,18000,393,6,NaN,REM,20251013-ambtemp-mouse2-WT_scored_scores_1Hz.csv,20251013,ambtemp,mouse2,WT
6,21600,634,7,NaN,REM,20251013-ambtemp-mouse2-WT_scored_scores_1Hz.csv,20251013,ambtemp,mouse2,WT
7,25200,300,4,NaN,REM,20251013-ambtemp-mouse2-WT_scored_scores_1Hz.csv,20251013,ambtemp,mouse2,WT
8,28800,224,3,NaN,REM,20251013-ambtemp-mouse2-WT_scored_scores_1Hz.csv,20251013,ambtemp,mouse2,WT
0,0,17,3,NaN,MA,20251013-ambtemp-mouse2-WT_scored_scores_1Hz.csv,20251013,ambtemp,mouse2,WT
1,3600,86,15,NaN,MA,20251013-ambtemp-mouse2-WT_scored_scores_1Hz.csv,20251013,ambtemp,mouse2,WT
2,7200,54,10,NaN,MA,20251013-ambtemp-mouse2-WT_scored_scores_1Hz.csv,20251013,ambtemp,mouse2,WT
3,10800,100,21,NaN,MA,20251013-ambtemp-mouse2-WT_scored_scores_1Hz.csv,20251013,ambtemp,mouse2,WT
4,14400,203,46,NaN,MA,20251013-ambtemp-mouse2-WT_scored_scores_1Hz.csv,20251013,ambtemp,mouse2,WT
5,18000,171,33,NaN,MA,20251013-ambtemp-mouse2-WT_scored_scores_1Hz.csv,20251013,ambtemp,mouse2,WT
6,21600,135,17,NaN,MA,20251013-ambtemp-mouse2-WT_scored_scores_1Hz.csv,20251013,ambtemp,mouse2,WT
7,25200,104,14,NaN,MA,20251013-ambtemp-mouse2-WT_scored_scores_1Hz.csv,20251013,ambtemp,mouse2,WT
8,28800,51,5,NaN,MA,20251013-ambtemp-mouse2-WT_scored_scores_1Hz.csv,20251013,ambtemp,mouse2,WT
0,0,2765,4,NaN,WK,20251013-baseline-mouse11-WT_scored_scores_1Hz.csv,20251013,baseline,mouse11,WT
1,3600,2109,6,NaN,WK,20251013-baseline-mouse11-WT_scored_scores_1Hz.csv,20251013,baseline,mouse11,WT
2,7200,955,11,NaN,WK,20251013-baseline-mouse11-WT_scored_scores_1Hz.csv,20251013,baseline,mouse11,WT
3,10800,2225,6,NaN,WK,20251013-baseline-mouse11-WT_scored_scores_1Hz.csv,20251013,baseline,mouse11,WT
4,14400,741,8,NaN,WK,20251013-baseline-mouse11-WT_scored_scores_1Hz.csv,20251013,baseline,mouse11,WT
5,18000,798,9,NaN,WK,20251013-baseline-mouse11-WT_scored_scores_1Hz.csv,20251013,baseline,mouse11,WT
6,21600,1061,11,NaN,WK,20251013-baseline-mouse11-WT_scored_scores_1Hz.csv,20251013,baseline,mouse11,WT
7,25200,916,11,NaN,WK,20251013-baseline-mouse11-WT_scored_scores_1Hz.csv,20251013,baseline,mouse11,WT
8,28800,2042,0,NaN,WK,20251013-baseline-mouse11-WT_scored_scores_1Hz.csv,20251013,baseline,mouse11,WT
0,0,835,3,NaN,NREM,20251013-baseline-mouse11-WT_scored_scores_1Hz.csv,20251013,baseline,mouse11,WT
1,3600,1406,15,NaN,NREM,20251013-baseline-mouse11-WT_scored_scores_1Hz.csv,20251013,baseline,mouse11,WT
2,7200,2144,35,NaN,NREM,20251013-baseline-mouse11-WT_scored_scores_1Hz.csv,20251013,baseline,mouse11,WT
3,10800,1273,10,NaN,NREM,20251013-baseline-mouse11-WT_scored_scores_1Hz.csv,20251013,baseline,mouse11,WT
4,14400,2267,19,NaN,NREM,20251013-baseline-mouse11-WT_scored_scores_1Hz.csv,20251013,baseline,mouse11,WT
5,18000,2292,27,NaN,NREM,20251013-baseline-mouse11-WT_scored_scores_1Hz.csv,20251013,baseline,mouse11,WT
6,21600,2023,26,NaN,NREM,20251013-baseline-mouse11-WT_scored_scores_1Hz.csv,20251013,baseline,mouse11,WT
7,25200,2024,26,NaN,NREM,20251013-baseline-mouse11-WT_scored_scores_1Hz.csv,20251013,baseline,mouse11,WT
8,28800,0,0,NaN,NREM,20251013-baseline-mouse11-WT_scored_scores_1Hz.csv,20251013,baseline,mouse11,WT
0,0,0,0,NaN,REM,20251013-baseline-mouse11-WT_scored_scores_1Hz.csv,20251013,baseline,mouse11,WT
1,3600,34,1,NaN,REM,20251013-baseline-mouse11-WT_scored_scores_1Hz.csv,20251013,baseline,mouse11,WT
2,7200,323,5,NaN,REM,20251013-baseline-mouse11-WT_scored_scores_1Hz.csv,20251013,baseline,mouse11,WT
3,10800,72,1,NaN,REM,20251013-baseline-mouse11-WT_scored_scores_1Hz.csv,20251013,baseline,mouse11,WT
4,14400,489,5,NaN,REM,20251013-baseline-mouse11-WT_scored_scores_1Hz.csv,20251013,baseline,mouse11,WT
5,18000,366,5,NaN,REM,20251013-baseline-mouse11-WT_scored_scores_1Hz.csv,20251013,baseline,mouse11,WT
6,21600,386,4,NaN,REM,20251013-baseline-mouse11-WT_scored_scores_1Hz.csv,20251013,baseline,mouse11,WT
7,25200,515,6,NaN,REM,20251013-baseline-mouse11-WT_scored_scores_1Hz.csv,20251013,baseline,mouse11,WT
8,28800,0,0,NaN,REM,20251013-baseline-mouse11-WT_scored_scores_1Hz.csv,20251013,baseline,mouse11,WT
0,0,0,0,NaN,MA,20251013-baseline-mouse11-WT_scored_scores_1Hz.csv,20251013,baseline,mouse11,WT
1,3600,51,8,NaN,MA,20251013-baseline-mouse11-WT_scored_scores_1Hz.csv,20251013,baseline,mouse11,WT
2,7200,178,25,NaN,MA,20251013-baseline-mouse11-WT_scored_scores_1Hz.csv,20251013,baseline,mouse11,WT
3,10800,30,3,NaN,MA,20251013-baseline-mouse11-WT_scored_scores_1Hz.csv,20251013,baseline,mouse11,WT
4,14400,103,12,NaN,MA,20251013-baseline-mouse11-WT_scored_scores_1Hz.csv,20251013,baseline,mouse11,WT
5,18000,144,18,NaN,MA,20251013-baseline-mouse11-WT_scored_scores_1Hz.csv,20251013,baseline,mouse11,WT
6,21600,130,15,NaN,MA,20251013-baseline-mouse11-WT_scored_scores_1Hz.csv,20251013,baseline,mouse11,WT
7,25200,145,15,NaN,MA,20251013-baseline-mouse11-WT_scored_scores_1Hz.csv,20251013,baseline,mouse11,WT
8,28800,0,0,NaN,MA,20251013-baseline-mouse11-WT_scored_scores_1Hz.csv,20251013,baseline,mouse11,WT
0,0,1641,7,NaN,WK,20251014-ambtemp-mouse11-WT_scored_scores_1Hz.csv,20251014,ambtemp,mouse11,WT
1,3600,1630,7,NaN,WK,20251014-ambtemp-mouse11-WT_scored_scores_1Hz.csv,20251014,ambtemp,mouse11,WT
2,7200,925,5,NaN,WK,20251014-ambtemp-mouse11-WT_scored_scores_1Hz.csv,20251014,ambtemp,mouse11,WT
3,10800,1163,5,NaN,WK,20251014-ambtemp-mouse11-WT_scored_scores_1Hz.csv,20251014,ambtemp,mouse11,WT
4,14400,845,10,NaN,WK,20251014-ambtemp-mouse11-WT_scored_scores_1Hz.csv,20251014,ambtemp,mouse11,WT
5,18000,1437,6,NaN,WK,20251014-ambtemp-mouse11-WT_scored_scores_1Hz.csv,20251014,ambtemp,mouse11,WT
6,21600,667,0,NaN,WK,20251014-ambtemp-mouse11-WT_scored_scores_1Hz.csv,20251014,ambtemp,mouse11,WT
0,0,1685,21,NaN,NREM,20251014-ambtemp-mouse11-WT_scored_scores_1Hz.csv,20251014,ambtemp,mouse11,WT
1,3600,1715,43,NaN,NREM,20251014-ambtemp-mouse11-WT_scored_scores_1Hz.csv,20251014,ambtemp,mouse11,WT
2,7200,1897,40,NaN,NREM,20251014-ambtemp-mouse11-WT_scored_scores_1Hz.csv,20251014,ambtemp,mouse11,WT
3,10800,2098,39,NaN,NREM,20251014-ambtemp-mouse11-WT_scored_scores_1Hz.csv,20251014,ambtemp,mouse11,WT
4,14400,2108,36,NaN,NREM,20251014-ambtemp-mouse11-WT_scored_scores_1Hz.csv,20251014,ambtemp,mouse11,WT
5,18000,1806,27,NaN,NREM,20251014-ambtemp-mouse11-WT_scored_scores_1Hz.csv,20251014,ambtemp,mouse11,WT
6,21600,0,0,NaN,NREM,20251014-ambtemp-mouse11-WT_scored_scores_1Hz.csv,20251014,ambtemp,mouse11,WT
0,0,206,3,NaN,REM,20251014-ambtemp-mouse11-WT_scored_scores_1Hz.csv,20251014,ambtemp,mouse11,WT
1,3600,134,2,NaN,REM,20251014-ambtemp-mouse11-WT_scored_scores_1Hz.csv,20251014,ambtemp,mouse11,WT
2,7200,596,6,NaN,REM,20251014-ambtemp-mouse11-WT_scored_scores_1Hz.csv,20251014,ambtemp,mouse11,WT
3,10800,201,3,NaN,REM,20251014-ambtemp-mouse11-WT_scored_scores_1Hz.csv,20251014,ambtemp,mouse11,WT
4,14400,542,5,NaN,REM,20251014-ambtemp-mouse11-WT_scored_scores_1Hz.csv,20251014,ambtemp,mouse11,WT
5,18000,269,4,NaN,REM,20251014-ambtemp-mouse11-WT_scored_scores_1Hz.csv,20251014,ambtemp,mouse11,WT
6,21600,0,0,NaN,REM,20251014-ambtemp-mouse11-WT_scored_scores_1Hz.csv,20251014,ambtemp,mouse11,WT
0,0,68,13,NaN,MA,20251014-ambtemp-mouse11-WT_scored_scores_1Hz.csv,20251014,ambtemp,mouse11,WT
1,3600,121,36,NaN,MA,20251014-ambtemp-mouse11-WT_scored_scores_1Hz.csv,20251014,ambtemp,mouse11,WT
2,7200,182,36,NaN,MA,20251014-ambtemp-mouse11-WT_scored_scores_1Hz.csv,20251014,ambtemp,mouse11,WT
3,10800,138,33,NaN,MA,20251014-ambtemp-mouse11-WT_scored_scores_1Hz.csv,20251014,ambtemp,mouse11,WT
4,14400,105,26,NaN,MA,20251014-ambtemp-mouse11-WT_scored_scores_1Hz.csv,20251014,ambtemp,mouse11,WT
5,18000,88,22,NaN,MA,20251014-ambtemp-mouse11-WT_scored_scores_1Hz.csv,20251014,ambtemp,mouse11,WT
6,21600,0,0,NaN,MA,20251014-ambtemp-mouse11-WT_scored_scores_1Hz.csv,20251014,ambtemp,mouse11,WT
0,0,3098,3,NaN,WK,20251022-drugs-mouse1-APP_scored_scores_1Hz.csv,20251022,drugs,mouse1,APP
1,3600,1817,6,NaN,WK,20251022-drugs-mouse1-APP_scored_scores_1Hz.csv,20251022,drugs,mouse1,APP
2,7200,370,5,NaN,WK,20251022-drugs-mouse1-APP_scored_scores_1Hz.csv,20251022,drugs,mouse1,APP
3,10800,3139,2,NaN,WK,20251022-drugs-mouse1-APP_scored_scores_1Hz.csv,20251022,drugs,mouse1,APP
4,14400,1638,1,NaN,WK,20251022-drugs-mouse1-APP_scored_scores_1Hz.csv,20251022,drugs,mouse1,APP
5,18000,710,5,NaN,WK,20251022-drugs-mouse1-APP_scored_scores_1Hz.csv,20251022,drugs,mouse1,APP
6,21600,380,6,NaN,WK,20251022-drugs-mouse1-APP_scored_scores_1Hz.csv,20251022,drugs,mouse1,APP
7,25200,853,7,NaN,WK,20251022-drugs-mouse1-APP_scored_scores_1Hz.csv,20251022,drugs,mouse1,APP
8,28800,495,2,NaN,WK,20251022-drugs-mouse1-APP_scored_scores_1Hz.csv,20251022,drugs,mouse1,APP
0,0,502,2,NaN,NREM,20251022-drugs-mouse1-APP_scored_scores_1Hz.csv,20251022,drugs,mouse1,APP
1,3600,1703,14,NaN,NREM,20251022-drugs-mouse1-APP_scored_scores_1Hz.csv,20251022,drugs,mouse1,APP
2,7200,2582,24,NaN,NREM,20251022-drugs-mouse1-APP_scored_scores_1Hz.csv,20251022,drugs,mouse1,APP
3,10800,406,2,NaN,NREM,20251022-drugs-mouse1-APP_scored_scores_1Hz.csv,20251022,drugs,mouse1,APP
4,14400,1564,13,NaN,NREM,20251022-drugs-mouse1-APP_scored_scores_1Hz.csv,20251022,drugs,mouse1,APP
5,18000,2374,34,NaN,NREM,20251022-drugs-mouse1-APP_scored_scores_1Hz.csv,20251022,drugs,mouse1,APP
6,21600,2421,50,NaN,NREM,20251022-drugs-mouse1-APP_scored_scores_1Hz.csv,20251022,drugs,mouse1,APP
7,25200,2038,40,NaN,NREM,20251022-drugs-mouse1-APP_scored_scores_1Hz.csv,20251022,drugs,mouse1,APP
8,28800,740,10,NaN,NREM,20251022-drugs-mouse1-APP_scored_scores_1Hz.csv,20251022,drugs,mouse1,APP
0,0,0,0,NaN,REM,20251022-drugs-mouse1-APP_scored_scores_1Hz.csv,20251022,drugs,mouse1,APP
1,3600,34,1,NaN,REM,20251022-drugs-mouse1-APP_scored_scores_1Hz.csv,20251022,drugs,mouse1,APP
2,7200,564,6,NaN,REM,20251022-drugs-mouse1-APP_scored_scores_1Hz.csv,20251022,drugs,mouse1,APP
3,10800,55,1,NaN,REM,20251022-drugs-mouse1-APP_scored_scores_1Hz.csv,20251022,drugs,mouse1,APP
4,14400,329,4,NaN,REM,20251022-drugs-mouse1-APP_scored_scores_1Hz.csv,20251022,drugs,mouse1,APP
5,18000,345,6,NaN,REM,20251022-drugs-mouse1-APP_scored_scores_1Hz.csv,20251022,drugs,mouse1,APP
6,21600,597,5,NaN,REM,20251022-drugs-mouse1-APP_scored_scores_1Hz.csv,20251022,drugs,mouse1,APP
7,25200,578,6,NaN,REM,20251022-drugs-mouse1-APP_scored_scores_1Hz.csv,20251022,drugs,mouse1,APP
8,28800,255,2,NaN,REM,20251022-drugs-mouse1-APP_scored_scores_1Hz.csv,20251022,drugs,mouse1,APP
0,0,0,0,NaN,MA,20251022-drugs-mouse1-APP_scored_scores_1Hz.csv,20251022,drugs,mouse1,APP
1,3600,46,8,NaN,MA,20251022-drugs-mouse1-APP_scored_scores_1Hz.csv,20251022,drugs,mouse1,APP
2,7200,84,17,NaN,MA,20251022-drugs-mouse1-APP_scored_scores_1Hz.csv,20251022,drugs,mouse1,APP
3,10800,0,0,NaN,MA,20251022-drugs-mouse1-APP_scored_scores_1Hz.csv,20251022,drugs,mouse1,APP
4,14400,69,11,NaN,MA,20251022-drugs-mouse1-APP_scored_scores_1Hz.csv,20251022,drugs,mouse1,APP
5,18000,171,29,NaN,MA,20251022-drugs-mouse1-APP_scored_scores_1Hz.csv,20251022,drugs,mouse1,APP
6,21600,202,44,NaN,MA,20251022-drugs-mouse1-APP_scored_scores_1Hz.csv,20251022,drugs,mouse1,APP
7,25200,131,33,NaN,MA,20251022-drugs-mouse1-APP_scored_scores_1Hz.csv,20251022,drugs,mouse1,APP
8,28800,50,9,NaN,MA,20251022-drugs-mouse1-APP_scored_scores_1Hz.csv,20251022,drugs,mouse1,APP
0,0,1632,4,NaN,WK,20251022-drugs-mouse2-WT_scored_scores_1Hz.csv,20251022,drugs,mouse2,WT
1,3600,1290,5,NaN,WK,20251022-drugs-mouse2-WT_scored_scores_1Hz.csv,20251022,drugs,mouse2,WT
2,7200,817,7,NaN,WK,20251022-drugs-mouse2-WT_scored_scores_1Hz.csv,20251022,drugs,mouse2,WT
3,10800,2272,4,NaN,WK,20251022-drugs-mouse2-WT_scored_scores_1Hz.csv,20251022,drugs,mouse2,WT
4,14400,1398,6,NaN,WK,20251022-drugs-mouse2-WT_scored_scores_1Hz.csv,20251022,drugs,mouse2,WT
5,18000,1625,3,NaN,WK,20251022-drugs-mouse2-WT_scored_scores_1Hz.csv,20251022,drugs,mouse2,WT
6,21600,935,4,NaN,WK,20251022-drugs-mouse2-WT_scored_scores_1Hz.csv,20251022,drugs,mouse2,WT
7,25200,1135,4,NaN,WK,20251022-drugs-mouse2-WT_scored_scores_1Hz.csv,20251022,drugs,mouse2,WT
8,28800,338,4,NaN,WK,20251022-drugs-mouse2-WT_scored_scores_1Hz.csv,20251022,drugs,mouse2,WT
0,0,1635,28,NaN,NREM,20251022-drugs-mouse2-WT_scored_scores_1Hz.csv,20251022,drugs,mouse2,WT
1,3600,1903,38,NaN,NREM,20251022-drugs-mouse2-WT_scored_scores_1Hz.csv,20251022,drugs,mouse2,WT
2,7200,2246,34,NaN,NREM,20251022-drugs-mouse2-WT_scored_scores_1Hz.csv,20251022,drugs,mouse2,WT
3,10800,980,15,NaN,NREM,20251022-drugs-mouse2-WT_scored_scores_1Hz.csv,20251022,drugs,mouse2,WT
4,14400,1769,28,NaN,NREM,20251022-drugs-mouse2-WT_scored_scores_1Hz.csv,20251022,drugs,mouse2,WT
5,18000,1662,29,NaN,NREM,20251022-drugs-mouse2-WT_scored_scores_1Hz.csv,20251022,drugs,mouse2,WT
6,21600,2005,29,NaN,NREM,20251022-drugs-mouse2-WT_scored_scores_1Hz.csv,20251022,drugs,mouse2,WT
7,25200,1848,25,NaN,NREM,20251022-drugs-mouse2-WT_scored_scores_1Hz.csv,20251022,drugs,mouse2,WT
8,28800,1043,13,NaN,NREM,20251022-drugs-mouse2-WT_scored_scores_1Hz.csv,20251022,drugs,mouse2,WT
0,0,234,4,NaN,REM,20251022-drugs-mouse2-WT_scored_scores_1Hz.csv,20251022,drugs,mouse2,WT
1,3600,235,3,NaN,REM,20251022-drugs-mouse2-WT_scored_scores_1Hz.csv,20251022,drugs,mouse2,WT
2,7200,420,5,NaN,REM,20251022-drugs-mouse2-WT_scored_scores_1Hz.csv,20251022,drugs,mouse2,WT
3,10800,295,2,NaN,REM,20251022-drugs-mouse2-WT_scored_scores_1Hz.csv,20251022,drugs,mouse2,WT
4,14400,325,4,NaN,REM,20251022-drugs-mouse2-WT_scored_scores_1Hz.csv,20251022,drugs,mouse2,WT
5,18000,178,4,NaN,REM,20251022-drugs-mouse2-WT_scored_scores_1Hz.csv,20251022,drugs,mouse2,WT
6,21600,530,6,NaN,REM,20251022-drugs-mouse2-WT_scored_scores_1Hz.csv,20251022,drugs,mouse2,WT
7,25200,476,3,NaN,REM,20251022-drugs-mouse2-WT_scored_scores_1Hz.csv,20251022,drugs,mouse2,WT
8,28800,86,1,NaN,REM,20251022-drugs-mouse2-WT_scored_scores_1Hz.csv,20251022,drugs,mouse2,WT
0,0,99,25,NaN,MA,20251022-drugs-mouse2-WT_scored_scores_1Hz.csv,20251022,drugs,mouse2,WT
1,3600,172,32,NaN,MA,20251022-drugs-mouse2-WT_scored_scores_1Hz.csv,20251022,drugs,mouse2,WT
2,7200,117,28,NaN,MA,20251022-drugs-mouse2-WT_scored_scores_1Hz.csv,20251022,drugs,mouse2,WT
3,10800,53,10,NaN,MA,20251022-drugs-mouse2-WT_scored_scores_1Hz.csv,20251022,drugs,mouse2,WT
4,14400,108,23,NaN,MA,20251022-drugs-mouse2-WT_scored_scores_1Hz.csv,20251022,drugs,mouse2,WT
5,18000,135,25,NaN,MA,20251022-drugs-mouse2-WT_scored_scores_1Hz.csv,20251022,drugs,mouse2,WT
6,21600,130,25,NaN,MA,20251022-drugs-mouse2-WT_scored_scores_1Hz.csv,20251022,drugs,mouse2,WT
7,25200,141,21,NaN,MA,20251022-drugs-mouse2-WT_scored_scores_1Hz.csv,20251022,drugs,mouse2,WT
8,28800,73,10,NaN,MA,20251022-drugs-mouse2-WT_scored_scores_1Hz.csv,20251022,drugs,mouse2,WT
0,0,3600,1,NaN,WK,20251022-drugs-mouse4-WT_scored_scores_1Hz.csv,20251022,drugs,mouse4,WT
1,3600,1529,3,NaN,WK,20251022-drugs-mouse4-WT_scored_scores_1Hz.csv,20251022,drugs,mouse4,WT
2,7200,2540,4,NaN,WK,20251022-drugs-mouse4-WT_scored_scores_1Hz.csv,20251022,drugs,mouse4,WT
3,10800,1891,5,NaN,WK,20251022-drugs-mouse4-WT_scored_scores_1Hz.csv,20251022,drugs,mouse4,WT
4,14400,952,7,NaN,WK,20251022-drugs-mouse4-WT_scored_scores_1Hz.csv,20251022,drugs,mouse4,WT
5,18000,1584,7,NaN,WK,20251022-drugs-mouse4-WT_scored_scores_1Hz.csv,20251022,drugs,mouse4,WT
6,21600,560,8,NaN,WK,20251022-drugs-mouse4-WT_scored_scores_1Hz.csv,20251022,drugs,mouse4,WT
0,0,0,0,NaN,NREM,20251022-drugs-mouse4-WT_scored_scores_1Hz.csv,20251022,drugs,mouse4,WT
1,3600,1731,21,NaN,NREM,20251022-drugs-mouse4-WT_scored_scores_1Hz.csv,20251022,drugs,mouse4,WT
2,7200,944,14,NaN,NREM,20251022-drugs-mouse4-WT_scored_scores_1Hz.csv,20251022,drugs,mouse4,WT
3,10800,1496,19,NaN,NREM,20251022-drugs-mouse4-WT_scored_scores_1Hz.csv,20251022,drugs,mouse4,WT
4,14400,1988,39,NaN,NREM,20251022-drugs-mouse4-WT_scored_scores_1Hz.csv,20251022,drugs,mouse4,WT
5,18000,1455,28,NaN,NREM,20251022-drugs-mouse4-WT_scored_scores_1Hz.csv,20251022,drugs,mouse4,WT
6,21600,2222,41,NaN,NREM,20251022-drugs-mouse4-WT_scored_scores_1Hz.csv,20251022,drugs,mouse4,WT
0,0,0,0,NaN,REM,20251022-drugs-mouse4-WT_scored_scores_1Hz.csv,20251022,drugs,mouse4,WT
1,3600,211,3,NaN,REM,20251022-drugs-mouse4-WT_scored_scores_1Hz.csv,20251022,drugs,mouse4,WT
2,7200,50,0,NaN,REM,20251022-drugs-mouse4-WT_scored_scores_1Hz.csv,20251022,drugs,mouse4,WT
3,10800,120,2,NaN,REM,20251022-drugs-mouse4-WT_scored_scores_1Hz.csv,20251022,drugs,mouse4,WT
4,14400,445,4,NaN,REM,20251022-drugs-mouse4-WT_scored_scores_1Hz.csv,20251022,drugs,mouse4,WT
5,18000,390,4,NaN,REM,20251022-drugs-mouse4-WT_scored_scores_1Hz.csv,20251022,drugs,mouse4,WT
6,21600,524,6,NaN,REM,20251022-drugs-mouse4-WT_scored_scores_1Hz.csv,20251022,drugs,mouse4,WT
0,0,0,0,NaN,MA,20251022-drugs-mouse4-WT_scored_scores_1Hz.csv,20251022,drugs,mouse4,WT
1,3600,129,17,NaN,MA,20251022-drugs-mouse4-WT_scored_scores_1Hz.csv,20251022,drugs,mouse4,WT
2,7200,66,11,NaN,MA,20251022-drugs-mouse4-WT_scored_scores_1Hz.csv,20251022,drugs,mouse4,WT
3,10800,93,14,NaN,MA,20251022-drugs-mouse4-WT_scored_scores_1Hz.csv,20251022,drugs,mouse4,WT
4,14400,215,31,NaN,MA,20251022-drugs-mouse4-WT_scored_scores_1Hz.csv,20251022,drugs,mouse4,WT
5,18000,171,21,NaN,MA,20251022-drugs-mouse4-WT_scored_scores_1Hz.csv,20251022,drugs,mouse4,WT
6,21600,243,33,NaN,MA,20251022-drugs-mouse4-WT_scored_scores_1Hz.csv,20251022,drugs,mouse4,WT
0,0,1740,7,NaN,WK,20251023-drugs-mouse3-APP_scored_scores_1Hz.csv,20251023,drugs,mouse3,APP
1,3600,1289,12,NaN,WK,20251023-drugs-mouse3-APP_scored_scores_1Hz.csv,20251023,drugs,mouse3,APP
2,7200,2856,4,NaN,WK,20251023-drugs-mouse3-APP_scored_scores_1Hz.csv,20251023,drugs,mouse3,APP
3,10800,1939,7,NaN,WK,20251023-drugs-mouse3-APP_scored_scores_1Hz.csv,20251023,drugs,mouse3,APP
4,14400,1487,6,NaN,WK,20251023-drugs-mouse3-APP_scored_scores_1Hz.csv,20251023,drugs,mouse3,APP
5,18000,1486,10,NaN,WK,20251023-drugs-mouse3-APP_scored_scores_1Hz.csv,20251023,drugs,mouse3,APP
6,21600,996,13,NaN,WK,20251023-drugs-mouse3-APP_scored_scores_1Hz.csv,20251023,drugs,mouse3,APP
7,25200,218,5,NaN,WK,20251023-drugs-mouse3-APP_scored_scores_1Hz.csv,20251023,drugs,mouse3,APP
0,0,1657,84,NaN,NREM,20251023-drugs-mouse3-APP_scored_scores_1Hz.csv,20251023,drugs,mouse3,APP
1,3600,1881,58,NaN,NREM,20251023-drugs-mouse3-APP_scored_scores_1Hz.csv,20251023,drugs,mouse3,APP
2,7200,578,10,NaN,NREM,20251023-drugs-mouse3-APP_scored_scores_1Hz.csv,20251023,drugs,mouse3,APP
3,10800,1583,16,NaN,NREM,20251023-drugs-mouse3-APP_scored_scores_1Hz.csv,20251023,drugs,mouse3,APP
4,14400,1820,22,NaN,NREM,20251023-drugs-mouse3-APP_scored_scores_1Hz.csv,20251023,drugs,mouse3,APP
5,18000,1595,16,NaN,NREM,20251023-drugs-mouse3-APP_scored_scores_1Hz.csv,20251023,drugs,mouse3,APP
6,21600,2159,26,NaN,NREM,20251023-drugs-mouse3-APP_scored_scores_1Hz.csv,20251023,drugs,mouse3,APP
7,25200,771,9,NaN,NREM,20251023-drugs-mouse3-APP_scored_scores_1Hz.csv,20251023,drugs,mouse3,APP
0,0,9,1,NaN,REM,20251023-drugs-mouse3-APP_scored_scores_1Hz.csv,20251023,drugs,mouse3,APP
1,3600,272,3,NaN,REM,20251023-drugs-mouse3-APP_scored_scores_1Hz.csv,20251023,drugs,mouse3,APP
2,7200,136,2,NaN,REM,20251023-drugs-mouse3-APP_scored_scores_1Hz.csv,20251023,drugs,mouse3,APP
3,10800,0,0,NaN,REM,20251023-drugs-mouse3-APP_scored_scores_1Hz.csv,20251023,drugs,mouse3,APP
4,14400,158,3,NaN,REM,20251023-drugs-mouse3-APP_scored_scores_1Hz.csv,20251023,drugs,mouse3,APP
5,18000,446,4,NaN,REM,20251023-drugs-mouse3-APP_scored_scores_1Hz.csv,20251023,drugs,mouse3,APP
6,21600,317,6,NaN,REM,20251023-drugs-mouse3-APP_scored_scores_1Hz.csv,20251023,drugs,mouse3,APP
7,25200,43,1,NaN,REM,20251023-drugs-mouse3-APP_scored_scores_1Hz.csv,20251023,drugs,mouse3,APP
0,0,194,77,NaN,MA,20251023-drugs-mouse3-APP_scored_scores_1Hz.csv,20251023,drugs,mouse3,APP
1,3600,158,47,NaN,MA,20251023-drugs-mouse3-APP_scored_scores_1Hz.csv,20251023,drugs,mouse3,APP
2,7200,30,6,NaN,MA,20251023-drugs-mouse3-APP_scored_scores_1Hz.csv,20251023,drugs,mouse3,APP
3,10800,78,9,NaN,MA,20251023-drugs-mouse3-APP_scored_scores_1Hz.csv,20251023,drugs,mouse3,APP
4,14400,135,14,NaN,MA,20251023-drugs-mouse3-APP_scored_scores_1Hz.csv,20251023,drugs,mouse3,APP
5,18000,73,7,NaN,MA,20251023-drugs-mouse3-APP_scored_scores_1Hz.csv,20251023,drugs,mouse3,APP
6,21600,128,12,NaN,MA,20251023-drugs-mouse3-APP_scored_scores_1Hz.csv,20251023,drugs,mouse3,APP
7,25200,47,5,NaN,MA,20251023-drugs-mouse3-APP_scored_scores_1Hz.csv,20251023,drugs,mouse3,APP
0,0,2346,7,NaN,WK,20251024-drugs-mouse10-APP_scored_scores_1Hz.csv,20251024,drugs,mouse10,APP
1,3600,546,9,NaN,WK,20251024-drugs-mouse10-APP_scored_scores_1Hz.csv,20251024,drugs,mouse10,APP
2,7200,1484,6,NaN,WK,20251024-drugs-mouse10-APP_scored_scores_1Hz.csv,20251024,drugs,mouse10,APP
3,10800,858,9,NaN,WK,20251024-drugs-mouse10-APP_scored_scores_1Hz.csv,20251024,drugs,mouse10,APP
4,14400,642,10,NaN,WK,20251024-drugs-mouse10-APP_scored_scores_1Hz.csv,20251024,drugs,mouse10,APP
5,18000,1317,7,NaN,WK,20251024-drugs-mouse10-APP_scored_scores_1Hz.csv,20251024,drugs,mouse10,APP
6,21600,319,6,NaN,WK,20251024-drugs-mouse10-APP_scored_scores_1Hz.csv,20251024,drugs,mouse10,APP
7,25200,1305,8,NaN,WK,20251024-drugs-mouse10-APP_scored_scores_1Hz.csv,20251024,drugs,mouse10,APP
8,28800,739,2,NaN,WK,20251024-drugs-mouse10-APP_scored_scores_1Hz.csv,20251024,drugs,mouse10,APP
0,0,1176,17,NaN,NREM,20251024-drugs-mouse10-APP_scored_scores_1Hz.csv,20251024,drugs,mouse10,APP
1,3600,2678,34,NaN,NREM,20251024-drugs-mouse10-APP_scored_scores_1Hz.csv,20251024,drugs,mouse10,APP
2,7200,1562,22,NaN,NREM,20251024-drugs-mouse10-APP_scored_scores_1Hz.csv,20251024,drugs,mouse10,APP
3,10800,2229,37,NaN,NREM,20251024-drugs-mouse10-APP_scored_scores_1Hz.csv,20251024,drugs,mouse10,APP
4,14400,2319,56,NaN,NREM,20251024-drugs-mouse10-APP_scored_scores_1Hz.csv,20251024,drugs,mouse10,APP
5,18000,1598,41,NaN,NREM,20251024-drugs-mouse10-APP_scored_scores_1Hz.csv,20251024,drugs,mouse10,APP
6,21600,2241,44,NaN,NREM,20251024-drugs-mouse10-APP_scored_scores_1Hz.csv,20251024,drugs,mouse10,APP
7,25200,1674,33,NaN,NREM,20251024-drugs-mouse10-APP_scored_scores_1Hz.csv,20251024,drugs,mouse10,APP
8,28800,437,6,NaN,NREM,20251024-drugs-mouse10-APP_scored_scores_1Hz.csv,20251024,drugs,mouse10,APP
0,0,0,0,NaN,REM,20251024-drugs-mouse10-APP_scored_scores_1Hz.csv,20251024,drugs,mouse10,APP
1,3600,160,4,NaN,REM,20251024-drugs-mouse10-APP_scored_scores_1Hz.csv,20251024,drugs,mouse10,APP
2,7200,398,4,NaN,REM,20251024-drugs-mouse10-APP_scored_scores_1Hz.csv,20251024,drugs,mouse10,APP
3,10800,336,3,NaN,REM,20251024-drugs-mouse10-APP_scored_scores_1Hz.csv,20251024,drugs,mouse10,APP
4,14400,372,4,NaN,REM,20251024-drugs-mouse10-APP_scored_scores_1Hz.csv,20251024,drugs,mouse10,APP
5,18000,497,5,NaN,REM,20251024-drugs-mouse10-APP_scored_scores_1Hz.csv,20251024,drugs,mouse10,APP
6,21600,793,6,NaN,REM,20251024-drugs-mouse10-APP_scored_scores_1Hz.csv,20251024,drugs,mouse10,APP
7,25200,478,5,NaN,REM,20251024-drugs-mouse10-APP_scored_scores_1Hz.csv,20251024,drugs,mouse10,APP
8,28800,85,1,NaN,REM,20251024-drugs-mouse10-APP_scored_scores_1Hz.csv,20251024,drugs,mouse10,APP
0,0,78,10,NaN,MA,20251024-drugs-mouse10-APP_scored_scores_1Hz.csv,20251024,drugs,mouse10,APP
1,3600,216,25,NaN,MA,20251024-drugs-mouse10-APP_scored_scores_1Hz.csv,20251024,drugs,mouse10,APP
2,7200,156,17,NaN,MA,20251024-drugs-mouse10-APP_scored_scores_1Hz.csv,20251024,drugs,mouse10,APP
3,10800,177,27,NaN,MA,20251024-drugs-mouse10-APP_scored_scores_1Hz.csv,20251024,drugs,mouse10,APP
4,14400,267,47,NaN,MA,20251024-drugs-mouse10-APP_scored_scores_1Hz.csv,20251024,drugs,mouse10,APP
5,18000,188,33,NaN,MA,20251024-drugs-mouse10-APP_scored_scores_1Hz.csv,20251024,drugs,mouse10,APP
6,21600,247,39,NaN,MA,20251024-drugs-mouse10-APP_scored_scores_1Hz.csv,20251024,drugs,mouse10,APP
7,25200,143,25,NaN,MA,20251024-drugs-mouse10-APP_scored_scores_1Hz.csv,20251024,drugs,mouse10,APP
8,28800,34,4,NaN,MA,20251024-drugs-mouse10-APP_scored_scores_1Hz.csv,20251024,drugs,mouse10,APP
0,0,2836,2,NaN,WK,20251025-ambtemp-mouse12-WT_scored_scores_1Hz.csv,20251025,ambtemp,mouse12,WT
1,3600,597,5,NaN,WK,20251025-ambtemp-mouse12-WT_scored_scores_1Hz.csv,20251025,ambtemp,mouse12,WT
2,7200,538,2,NaN,WK,20251025-ambtemp-mouse12-WT_scored_scores_1Hz.csv,20251025,ambtemp,mouse12,WT
3,10800,900,1,NaN,WK,20251025-ambtemp-mouse12-WT_scored_scores_1Hz.csv,20251025,ambtemp,mouse12,WT
4,14400,519,2,NaN,WK,20251025-ambtemp-mouse12-WT_scored_scores_1Hz.csv,20251025,ambtemp,mouse12,WT
5,18000,1008,2,NaN,WK,20251025-ambtemp-mouse12-WT_scored_scores_1Hz.csv,20251025,ambtemp,mouse12,WT
6,21600,1771,4,NaN,WK,20251025-ambtemp-mouse12-WT_scored_scores_1Hz.csv,20251025,ambtemp,mouse12,WT
7,25200,1468,2,NaN,WK,20251025-ambtemp-mouse12-WT_scored_scores_1Hz.csv,20251025,ambtemp,mouse12,WT
8,28800,1028,4,NaN,WK,20251025-ambtemp-mouse12-WT_scored_scores_1Hz.csv,20251025,ambtemp,mouse12,WT
0,0,652,2,NaN,NREM,20251025-ambtemp-mouse12-WT_scored_scores_1Hz.csv,20251025,ambtemp,mouse12,WT
1,3600,2586,8,NaN,NREM,20251025-ambtemp-mouse12-WT_scored_scores_1Hz.csv,20251025,ambtemp,mouse12,WT
2,7200,2466,16,NaN,NREM,20251025-ambtemp-mouse12-WT_scored_scores_1Hz.csv,20251025,ambtemp,mouse12,WT
3,10800,2381,9,NaN,NREM,20251025-ambtemp-mouse12-WT_scored_scores_1Hz.csv,20251025,ambtemp,mouse12,WT
4,14400,2547,12,NaN,NREM,20251025-ambtemp-mouse12-WT_scored_scores_1Hz.csv,20251025,ambtemp,mouse12,WT
5,18000,1979,7,NaN,NREM,20251025-ambtemp-mouse12-WT_scored_scores_1Hz.csv,20251025,ambtemp,mouse12,WT
6,21600,1563,9,NaN,NREM,20251025-ambtemp-mouse12-WT_scored_scores_1Hz.csv,20251025,ambtemp,mouse12,WT
7,25200,1821,8,NaN,NREM,20251025-ambtemp-mouse12-WT_scored_scores_1Hz.csv,20251025,ambtemp,mouse12,WT
8,28800,1282,5,NaN,NREM,20251025-ambtemp-mouse12-WT_scored_scores_1Hz.csv,20251025,ambtemp,mouse12,WT
0,0,112,1,NaN,REM,20251025-ambtemp-mouse12-WT_scored_scores_1Hz.csv,20251025,ambtemp,mouse12,WT
1,3600,392,4,NaN,REM,20251025-ambtemp-mouse12-WT_scored_scores_1Hz.csv,20251025,ambtemp,mouse12,WT
2,7200,517,4,NaN,REM,20251025-ambtemp-mouse12-WT_scored_scores_1Hz.csv,20251025,ambtemp,mouse12,WT
3,10800,266,2,NaN,REM,20251025-ambtemp-mouse12-WT_scored_scores_1Hz.csv,20251025,ambtemp,mouse12,WT
4,14400,472,4,NaN,REM,20251025-ambtemp-mouse12-WT_scored_scores_1Hz.csv,20251025,ambtemp,mouse12,WT
5,18000,557,4,NaN,REM,20251025-ambtemp-mouse12-WT_scored_scores_1Hz.csv,20251025,ambtemp,mouse12,WT
6,21600,226,2,NaN,REM,20251025-ambtemp-mouse12-WT_scored_scores_1Hz.csv,20251025,ambtemp,mouse12,WT
7,25200,273,2,NaN,REM,20251025-ambtemp-mouse12-WT_scored_scores_1Hz.csv,20251025,ambtemp,mouse12,WT
8,28800,372,2,NaN,REM,20251025-ambtemp-mouse12-WT_scored_scores_1Hz.csv,20251025,ambtemp,mouse12,WT
0,0,0,0,NaN,MA,20251025-ambtemp-mouse12-WT_scored_scores_1Hz.csv,20251025,ambtemp,mouse12,WT
1,3600,25,4,NaN,MA,20251025-ambtemp-mouse12-WT_scored_scores_1Hz.csv,20251025,ambtemp,mouse12,WT
2,7200,79,13,NaN,MA,20251025-ambtemp-mouse12-WT_scored_scores_1Hz.csv,20251025,ambtemp,mouse12,WT
3,10800,53,8,NaN,MA,20251025-ambtemp-mouse12-WT_scored_scores_1Hz.csv,20251025,ambtemp,mouse12,WT
4,14400,62,9,NaN,MA,20251025-ambtemp-mouse12-WT_scored_scores_1Hz.csv,20251025,ambtemp,mouse12,WT
5,18000,56,7,NaN,MA,20251025-ambtemp-mouse12-WT_scored_scores_1Hz.csv,20251025,ambtemp,mouse12,WT
6,21600,40,5,NaN,MA,20251025-ambtemp-mouse12-WT_scored_scores_1Hz.csv,20251025,ambtemp,mouse12,WT
7,25200,38,5,NaN,MA,20251025-ambtemp-mouse12-WT_scored_scores_1Hz.csv,20251025,ambtemp,mouse12,WT
8,28800,8,2,NaN,MA,20251025-ambtemp-mouse12-WT_scored_scores_1Hz.csv,20251025,ambtemp,mouse12,WT
0,0,3320,1,NaN,WK,20251026-drugs-mouse12-WT_scored_scores_1Hz.csv,20251026,drugs,mouse12,WT
1,3600,884,8,NaN,WK,20251026-drugs-mouse12-WT_scored_scores_1Hz.csv,20251026,drugs,mouse12,WT
2,7200,361,10,NaN,WK,20251026-drugs-mouse12-WT_scored_scores_1Hz.csv,20251026,drugs,mouse12,WT
3,10800,2310,6,NaN,WK,20251026-drugs-mouse12-WT_scored_scores_1Hz.csv,20251026,drugs,mouse12,WT
4,14400,931,5,NaN,WK,20251026-drugs-mouse12-WT_scored_scores_1Hz.csv,20251026,drugs,mouse12,WT
5,18000,313,9,NaN,WK,20251026-drugs-mouse12-WT_scored_scores_1Hz.csv,20251026,drugs,mouse12,WT
6,21600,1435,5,NaN,WK,20251026-drugs-mouse12-WT_scored_scores_1Hz.csv,20251026,drugs,mouse12,WT
7,25200,1273,6,NaN,WK,20251026-drugs-mouse12-WT_scored_scores_1Hz.csv,20251026,drugs,mouse12,WT
8,28800,1536,2,NaN,WK,20251026-drugs-mouse12-WT_scored_scores_1Hz.csv,20251026,drugs,mouse12,WT
0,0,252,4,NaN,NREM,20251026-drugs-mouse12-WT_scored_scores_1Hz.csv,20251026,drugs,mouse12,WT
1,3600,2014,29,NaN,NREM,20251026-drugs-mouse12-WT_scored_scores_1Hz.csv,20251026,drugs,mouse12,WT
2,7200,2504,30,NaN,NREM,20251026-drugs-mouse12-WT_scored_scores_1Hz.csv,20251026,drugs,mouse12,WT
3,10800,1117,11,NaN,NREM,20251026-drugs-mouse12-WT_scored_scores_1Hz.csv,20251026,drugs,mouse12,WT
4,14400,2127,19,NaN,NREM,20251026-drugs-mouse12-WT_scored_scores_1Hz.csv,20251026,drugs,mouse12,WT
5,18000,2574,26,NaN,NREM,20251026-drugs-mouse12-WT_scored_scores_1Hz.csv,20251026,drugs,mouse12,WT
6,21600,1677,20,NaN,NREM,20251026-drugs-mouse12-WT_scored_scores_1Hz.csv,20251026,drugs,mouse12,WT
7,25200,1906,17,NaN,NREM,20251026-drugs-mouse12-WT_scored_scores_1Hz.csv,20251026,drugs,mouse12,WT
8,28800,981,7,NaN,NREM,20251026-drugs-mouse12-WT_scored_scores_1Hz.csv,20251026,drugs,mouse12,WT
0,0,0,0,NaN,REM,20251026-drugs-mouse12-WT_scored_scores_1Hz.csv,20251026,drugs,mouse12,WT
1,3600,533,5,NaN,REM,20251026-drugs-mouse12-WT_scored_scores_1Hz.csv,20251026,drugs,mouse12,WT
2,7200,542,5,NaN,REM,20251026-drugs-mouse12-WT_scored_scores_1Hz.csv,20251026,drugs,mouse12,WT
3,10800,121,1,NaN,REM,20251026-drugs-mouse12-WT_scored_scores_1Hz.csv,20251026,drugs,mouse12,WT
4,14400,406,3,NaN,REM,20251026-drugs-mouse12-WT_scored_scores_1Hz.csv,20251026,drugs,mouse12,WT
5,18000,547,5,NaN,REM,20251026-drugs-mouse12-WT_scored_scores_1Hz.csv,20251026,drugs,mouse12,WT
6,21600,396,5,NaN,REM,20251026-drugs-mouse12-WT_scored_scores_1Hz.csv,20251026,drugs,mouse12,WT
7,25200,314,4,NaN,REM,20251026-drugs-mouse12-WT_scored_scores_1Hz.csv,20251026,drugs,mouse12,WT
8,28800,271,2,NaN,REM,20251026-drugs-mouse12-WT_scored_scores_1Hz.csv,20251026,drugs,mouse12,WT
0,0,28,3,NaN,MA,20251026-drugs-mouse12-WT_scored_scores_1Hz.csv,20251026,drugs,mouse12,WT
1,3600,169,21,NaN,MA,20251026-drugs-mouse12-WT_scored_scores_1Hz.csv,20251026,drugs,mouse12,WT
2,7200,193,20,NaN,MA,20251026-drugs-mouse12-WT_scored_scores_1Hz.csv,20251026,drugs,mouse12,WT
3,10800,52,5,NaN,MA,20251026-drugs-mouse12-WT_scored_scores_1Hz.csv,20251026,drugs,mouse12,WT
4,14400,136,14,NaN,MA,20251026-drugs-mouse12-WT_scored_scores_1Hz.csv,20251026,drugs,mouse12,WT
5,18000,166,17,NaN,MA,20251026-drugs-mouse12-WT_scored_scores_1Hz.csv,20251026,drugs,mouse12,WT
6,21600,92,14,NaN,MA,20251026-drugs-mouse12-WT_scored_scores_1Hz.csv,20251026,drugs,mouse12,WT
7,25200,107,12,NaN,MA,20251026-drugs-mouse12-WT_scored_scores_1Hz.csv,20251026,drugs,mouse12,WT
8,28800,53,5,NaN,MA,20251026-drugs-mouse12-WT_scored_scores_1Hz.csv,20251026,drugs,mouse12,WT
