MouseID,Genotype,Condition,State,Band,Power_dB
mouse1,APP,baseline,Wake,Delta,-92.7550501275012
mouse1,APP,baseline,Wake,Theta,-92.2021688518281
mouse1,APP,baseline,Wake,Sigma,-95.4498038783785
mouse1,APP,baseline,Wake,Beta,-93.987109892568
mouse1,APP,baseline,Wake,lGamma1,-96.84587499966
mouse1,APP,baseline,Wake,lGamma2,-102.858985519051
mouse1,APP,baseline,Wake,hGamma,-98.1917580519027
mouse1,APP,baseline,NREM,Delta,-92.6141183707712
mouse1,APP,baseline,NREM,Theta,-91.630322948293
mouse1,APP,baseline,NREM,Sigma,-93.9793054932939
mouse1,APP,baseline,NREM,Beta,-92.9991964903643
mouse1,APP,baseline,NREM,lGamma1,-97.1997173337908
mouse1,APP,baseline,NREM,lGamma2,-103.756423662973
mouse1,APP,baseline,NREM,hGamma,-98.708510150946
mouse1,APP,baseline,REM,Delta,-94.5026900382543
mouse1,APP,baseline,REM,Theta,-89.4324420455669
mouse1,APP,baseline,REM,Sigma,-93.834873057762
mouse1,APP,baseline,REM,Beta,-92.5121748647699
mouse1,APP,baseline,REM,lGamma1,-96.5769865845277
mouse1,APP,baseline,REM,lGamma2,-102.618018247743
mouse1,APP,baseline,REM,hGamma,-98.0111436178319
mouse2,WT,baseline,Wake,Delta,-92.6752164175151
mouse2,WT,baseline,Wake,Theta,-92.547232389857
mouse2,WT,baseline,Wake,Sigma,-96.1598904086146
mouse2,WT,baseline,Wake,Beta,-95.3075061300666
mouse2,WT,baseline,Wake,lGamma1,-98.1145288877144
mouse2,WT,baseline,Wake,lGamma2,-103.381094039453
mouse2,WT,baseline,Wake,hGamma,-97.5048533105347
mouse2,WT,baseline,NREM,Delta,-91.4649108616518
mouse2,WT,baseline,NREM,Theta,-92.1272883431216
mouse2,WT,baseline,NREM,Sigma,-94.4822288000631
mouse2,WT,baseline,NREM,Beta,-94.0932448563227
mouse2,WT,baseline,NREM,lGamma1,-98.8592005156617
mouse2,WT,baseline,NREM,lGamma2,-104.212421110685
mouse2,WT,baseline,NREM,hGamma,-98.1070620362867
mouse2,WT,baseline,REM,Delta,-95.7366752715251
mouse2,WT,baseline,REM,Theta,-89.5897457043251
mouse2,WT,baseline,REM,Sigma,-95.6567163196404
mouse2,WT,baseline,REM,Beta,-94.4423787264322
mouse2,WT,baseline,REM,lGamma1,-98.4889039882978
mouse2,WT,baseline,REM,lGamma2,-103.377932125319
mouse2,WT,baseline,REM,hGamma,-97.5225551976261
mouse1,APP,ambtemp,Wake,Delta,-91.4352508666991
mouse1,APP,ambtemp,Wake,Theta,-91.8694547589824
mouse1,APP,ambtemp,Wake,Sigma,-95.0975877982368
mouse1,APP,ambtemp,Wake,Beta,-93.5297308866597
mouse1,APP,ambtemp,Wake,lGamma1,-96.2498434095692
mouse1,APP,ambtemp,Wake,lGamma2,-100.885587044392
mouse1,APP,ambtemp,Wake,hGamma,-96.2706577030543
mouse1,APP,ambtemp,NREM,Delta,-92.4030570048151
mouse1,APP,ambtemp,NREM,Theta,-91.4835755975894
mouse1,APP,ambtemp,NREM,Sigma,-93.663983868307
mouse1,APP,ambtemp,NREM,Beta,-92.6583614808593
mouse1,APP,ambtemp,NREM,lGamma1,-97.0728462940416
mouse1,APP,ambtemp,NREM,lGamma2,-102.101328162818
mouse1,APP,ambtemp,NREM,hGamma,-96.9587364001976
mouse1,APP,ambtemp,REM,Delta,-96.6350752742871
mouse1,APP,ambtemp,REM,Theta,-88.6639729247105
mouse1,APP,ambtemp,REM,Sigma,-94.9932977443674
mouse1,APP,ambtemp,REM,Beta,-92.9941393985102
mouse1,APP,ambtemp,REM,lGamma1,-96.6377777729368
mouse1,APP,ambtemp,REM,lGamma2,-101.112237404147
mouse1,APP,ambtemp,REM,hGamma,-96.5825818644286
mouse8,WT,baseline,Wake,Delta,-91.3889708608995
mouse8,WT,baseline,Wake,Theta,-91.4913440775054
mouse8,WT,baseline,Wake,Sigma,-95.1120794596534
mouse8,WT,baseline,Wake,Beta,-94.14091398689
mouse8,WT,baseline,Wake,lGamma1,-97.9405073666875
mouse8,WT,baseline,Wake,lGamma2,-103.432819802471
mouse8,WT,baseline,Wake,hGamma,-97.8632265528423
mouse8,WT,baseline,NREM,Delta,-90.4291673240319
mouse8,WT,baseline,NREM,Theta,-90.9998121795732
mouse8,WT,baseline,NREM,Sigma,-93.8559197457258
mouse8,WT,baseline,NREM,Beta,-93.64048814507
mouse8,WT,baseline,NREM,lGamma1,-98.5711874953668
mouse8,WT,baseline,NREM,lGamma2,-104.438419522339
mouse8,WT,baseline,NREM,hGamma,-98.8391945961168
mouse8,WT,baseline,REM,Delta,-95.1690166434985
mouse8,WT,baseline,REM,Theta,-87.7326344253216
mouse8,WT,baseline,REM,Sigma,-94.4315683374555
mouse8,WT,baseline,REM,Beta,-93.5549989870724
mouse8,WT,baseline,REM,lGamma1,-97.9921671829633
mouse8,WT,baseline,REM,lGamma2,-103.199052421889
mouse8,WT,baseline,REM,hGamma,-98.6430102390091
mouse4,WT,baseline,Wake,Delta,-92.0040065059158
mouse4,WT,baseline,Wake,Theta,-89.4074997000355
mouse4,WT,baseline,Wake,Sigma,-94.3999004437766
mouse4,WT,baseline,Wake,Beta,-93.5132907286883
mouse4,WT,baseline,Wake,lGamma1,-97.5532375668824
mouse4,WT,baseline,Wake,lGamma2,-103.427474031634
mouse4,WT,baseline,Wake,hGamma,-97.9657853275079
mouse4,WT,baseline,NREM,Delta,-91.813791913657
mouse4,WT,baseline,NREM,Theta,-91.6324614512354
mouse4,WT,baseline,NREM,Sigma,-94.3817975478794
mouse4,WT,baseline,NREM,Beta,-93.9219650828514
mouse4,WT,baseline,NREM,lGamma1,-98.9073260008026
mouse4,WT,baseline,NREM,lGamma2,-105.036041495484
mouse4,WT,baseline,NREM,hGamma,-100.078586798147
mouse4,WT,baseline,REM,Delta,-97.2016593643315
mouse4,WT,baseline,REM,Theta,-89.0501819316749
mouse4,WT,baseline,REM,Sigma,-96.0273719544339
mouse4,WT,baseline,REM,Beta,-94.3738799790773
mouse4,WT,baseline,REM,lGamma1,-98.424532870664
mouse4,WT,baseline,REM,lGamma2,-103.561592948146
mouse4,WT,baseline,REM,hGamma,-98.7010227898125
mouse4,WT,ambtemp,Wake,Delta,-91.7681516529886
mouse4,WT,ambtemp,Wake,Theta,-90.3280086190707
mouse4,WT,ambtemp,Wake,Sigma,-94.3828626040458
mouse4,WT,ambtemp,Wake,Beta,-94.867551692892
mouse4,WT,ambtemp,Wake,lGamma1,-96.0029595844383
mouse4,WT,ambtemp,Wake,lGamma2,-99.6559953527345
mouse4,WT,ambtemp,Wake,hGamma,-97.3839592853518
mouse4,WT,ambtemp,NREM,Delta,-89.5493083438972
mouse4,WT,ambtemp,NREM,Theta,-89.5777145241856
mouse4,WT,ambtemp,NREM,Sigma,-92.4824312636323
mouse4,WT,ambtemp,NREM,Beta,-93.8218693152285
mouse4,WT,ambtemp,NREM,lGamma1,-98.0345541069154
mouse4,WT,ambtemp,NREM,lGamma2,-103.521024681722
mouse4,WT,ambtemp,NREM,hGamma,-99.9197596612289
mouse4,WT,ambtemp,REM,Delta,-94.3129700083644
mouse4,WT,ambtemp,REM,Theta,-87.5233405243217
mouse4,WT,ambtemp,REM,Sigma,-94.001960768981
mouse4,WT,ambtemp,REM,Beta,-94.4724898248133
mouse4,WT,ambtemp,REM,lGamma1,-97.7479823747635
mouse4,WT,ambtemp,REM,lGamma2,-102.940142069738
mouse4,WT,ambtemp,REM,hGamma,-98.8332016219127
mouse10,APP,baseline,Wake,Delta,-89.8585666447758
mouse10,APP,baseline,Wake,Theta,-89.3828894218833
mouse10,APP,baseline,Wake,Sigma,-92.9267481279986
mouse10,APP,baseline,Wake,Beta,-93.2505312564604
mouse10,APP,baseline,Wake,lGamma1,-95.9166490774886
mouse10,APP,baseline,Wake,lGamma2,-102.357188584619
mouse10,APP,baseline,Wake,hGamma,-98.2067255249146
mouse10,APP,baseline,NREM,Delta,-86.4013438719298
mouse10,APP,baseline,NREM,Theta,-87.5937773249677
mouse10,APP,baseline,NREM,Sigma,-90.4973035430846
mouse10,APP,baseline,NREM,Beta,-91.7998056211975
mouse10,APP,baseline,NREM,lGamma1,-96.0504927491587
mouse10,APP,baseline,NREM,lGamma2,-103.512795568545
mouse10,APP,baseline,NREM,hGamma,-100.538546470004
mouse10,APP,baseline,REM,Delta,-92.6404324471788
mouse10,APP,baseline,REM,Theta,-85.7723499241844
mouse10,APP,baseline,REM,Sigma,-92.9916243560625
mouse10,APP,baseline,REM,Beta,-93.0248566430569
mouse10,APP,baseline,REM,lGamma1,-95.8264664981775
mouse10,APP,baseline,REM,lGamma2,-102.075975213203
mouse10,APP,baseline,REM,hGamma,-99.2036466047764
mouse10,APP,ambtemp,Wake,Delta,-91.2719471879976
mouse10,APP,ambtemp,Wake,Theta,-89.5017899085599
mouse10,APP,ambtemp,Wake,Sigma,-93.3602812824298
mouse10,APP,ambtemp,Wake,Beta,-93.3911349434897
mouse10,APP,ambtemp,Wake,lGamma1,-95.292268764478
mouse10,APP,ambtemp,Wake,lGamma2,-100.817401880516
mouse10,APP,ambtemp,Wake,hGamma,-97.4676581616152
mouse10,APP,ambtemp,NREM,Delta,-85.8493390770236
mouse10,APP,ambtemp,NREM,Theta,-87.3479570583785
mouse10,APP,ambtemp,NREM,Sigma,-90.4352165274463
mouse10,APP,ambtemp,NREM,Beta,-91.766658514515
mouse10,APP,ambtemp,NREM,lGamma1,-95.9895934109738
mouse10,APP,ambtemp,NREM,lGamma2,-103.43701498398
mouse10,APP,ambtemp,NREM,hGamma,-100.578090900692
mouse10,APP,ambtemp,REM,Delta,-92.7765690042752
mouse10,APP,ambtemp,REM,Theta,-85.4323922408362
mouse10,APP,ambtemp,REM,Sigma,-92.8508234061893
mouse10,APP,ambtemp,REM,Beta,-92.7829041502537
mouse10,APP,ambtemp,REM,lGamma1,-95.5778563210981
mouse10,APP,ambtemp,REM,lGamma2,-101.836966201703
mouse10,APP,ambtemp,REM,hGamma,-99.0231764483342
mouse3,APP,ambtemp,Wake,Delta,-88.3377230295361
mouse3,APP,ambtemp,Wake,Theta,-91.8236416447507
mouse3,APP,ambtemp,Wake,Sigma,-94.4025209236279
mouse3,APP,ambtemp,Wake,Beta,-92.5451572443542
mouse3,APP,ambtemp,Wake,lGamma1,-91.9446810109145
mouse3,APP,ambtemp,Wake,lGamma2,-95.9528615976943
mouse3,APP,ambtemp,Wake,hGamma,-95.6885621081358
mouse3,APP,ambtemp,NREM,Delta,-87.601944420332
mouse3,APP,ambtemp,NREM,Theta,-89.6033136819847
mouse3,APP,ambtemp,NREM,Sigma,-91.8748259514519
mouse3,APP,ambtemp,NREM,Beta,-91.5923382778066
mouse3,APP,ambtemp,NREM,lGamma1,-95.7706415238119
mouse3,APP,ambtemp,NREM,lGamma2,-102.967496933383
mouse3,APP,ambtemp,NREM,hGamma,-101.207647975092
mouse3,APP,ambtemp,REM,Delta,-91.2362836630131
mouse3,APP,ambtemp,REM,Theta,-88.4531315807672
mouse3,APP,ambtemp,REM,Sigma,-93.3401750440587
mouse3,APP,ambtemp,REM,Beta,-92.0253716759007
mouse3,APP,ambtemp,REM,lGamma1,-95.5268148029002
mouse3,APP,ambtemp,REM,lGamma2,-102.621216941294
mouse3,APP,ambtemp,REM,hGamma,-100.099615108954
mouse3,APP,baseline,Wake,Delta,-87.4210894384848
mouse3,APP,baseline,Wake,Theta,-90.5751544900965
mouse3,APP,baseline,Wake,Sigma,-93.1900957839497
mouse3,APP,baseline,Wake,Beta,-92.1126238834584
mouse3,APP,baseline,Wake,lGamma1,-95.4116216736272
mouse3,APP,baseline,Wake,lGamma2,-102.374655870309
mouse3,APP,baseline,Wake,hGamma,-99.1081915013683
mouse3,APP,baseline,NREM,Delta,-87.9107628867815
mouse3,APP,baseline,NREM,Theta,-89.1743761528928
mouse3,APP,baseline,NREM,Sigma,-91.5360066380684
mouse3,APP,baseline,NREM,Beta,-91.3451000475536
mouse3,APP,baseline,NREM,lGamma1,-95.9625549506798
mouse3,APP,baseline,NREM,lGamma2,-104.096224685228
mouse3,APP,baseline,NREM,hGamma,-101.404080433226
mouse3,APP,baseline,REM,Delta,-91.1871146420017
mouse3,APP,baseline,REM,Theta,-88.0678028693867
mouse3,APP,baseline,REM,Sigma,-93.4882838474484
mouse3,APP,baseline,REM,Beta,-92.0136157639042
mouse3,APP,baseline,REM,lGamma1,-95.5277090539171
mouse3,APP,baseline,REM,lGamma2,-102.810043828931
mouse3,APP,baseline,REM,hGamma,-100.197721150915
mouse12,WT,baseline,Wake,Delta,-91.5412034530803
mouse12,WT,baseline,Wake,Theta,-91.6891861054009
mouse12,WT,baseline,Wake,Sigma,-96.0245787551462
mouse12,WT,baseline,Wake,Beta,-94.620829066249
mouse12,WT,baseline,Wake,lGamma1,-96.1329196011409
mouse12,WT,baseline,Wake,lGamma2,-99.6972297445263
mouse12,WT,baseline,Wake,hGamma,-97.4766701505182
mouse12,WT,baseline,NREM,Delta,-88.0168782001472
mouse12,WT,baseline,NREM,Theta,-91.1785290157344
mouse12,WT,baseline,NREM,Sigma,-93.1490624784256
mouse12,WT,baseline,NREM,Beta,-93.0545085136179
mouse12,WT,baseline,NREM,lGamma1,-98.4118208639703
mouse12,WT,baseline,NREM,lGamma2,-105.281070814033
mouse12,WT,baseline,NREM,hGamma,-101.460911823357
mouse12,WT,baseline,REM,Delta,-92.2429250036453
mouse12,WT,baseline,REM,Theta,-88.8347299018207
mouse12,WT,baseline,REM,Sigma,-94.4701583530273
mouse12,WT,baseline,REM,Beta,-93.4470541007237
mouse12,WT,baseline,REM,lGamma1,-97.9031925661473
mouse12,WT,baseline,REM,lGamma2,-103.512551130565
mouse12,WT,baseline,REM,hGamma,-99.7496843917235
mouse11,WT,baseline,Wake,Delta,-89.9893628144214
mouse11,WT,baseline,Wake,Theta,-90.5779102464446
mouse11,WT,baseline,Wake,Sigma,-95.3787418456999
mouse11,WT,baseline,Wake,Beta,-94.3918721047393
mouse11,WT,baseline,Wake,lGamma1,-96.6905608755063
mouse11,WT,baseline,Wake,lGamma2,-101.144769241887
mouse11,WT,baseline,Wake,hGamma,-98.2176032681032
mouse11,WT,baseline,NREM,Delta,-87.3131656318095
mouse11,WT,baseline,NREM,Theta,-90.2442036345008
mouse11,WT,baseline,NREM,Sigma,-93.2871712793118
mouse11,WT,baseline,NREM,Beta,-93.4867758489699
mouse11,WT,baseline,NREM,lGamma1,-98.6908614427853
mouse11,WT,baseline,NREM,lGamma2,-105.349450565717
mouse11,WT,baseline,NREM,hGamma,-101.638707245155
mouse11,WT,baseline,REM,Delta,-90.617389305416
mouse11,WT,baseline,REM,Theta,-88.1540899993576
mouse11,WT,baseline,REM,Sigma,-94.272618864264
mouse11,WT,baseline,REM,Beta,-93.5251882057058
mouse11,WT,baseline,REM,lGamma1,-98.3885885371733
mouse11,WT,baseline,REM,lGamma2,-104.053121355556
mouse11,WT,baseline,REM,hGamma,-100.756624737468
mouse11,WT,ambtemp,Wake,Delta,-88.1229066134931
mouse11,WT,ambtemp,Wake,Theta,-90.3662027985532
mouse11,WT,ambtemp,Wake,Sigma,-94.1596857717129
mouse11,WT,ambtemp,Wake,Beta,-93.8759184928504
mouse11,WT,ambtemp,Wake,lGamma1,-96.3653702953829
mouse11,WT,ambtemp,Wake,lGamma2,-100.729055396887
mouse11,WT,ambtemp,Wake,hGamma,-99.532063155064
mouse11,WT,ambtemp,NREM,Delta,-88.5523300363433
mouse11,WT,ambtemp,NREM,Theta,-90.2467075239294
mouse11,WT,ambtemp,NREM,Sigma,-94.5279620194211
mouse11,WT,ambtemp,NREM,Beta,-93.8730562988548
mouse11,WT,ambtemp,NREM,lGamma1,-94.7210782280526
mouse11,WT,ambtemp,NREM,lGamma2,-97.7632604534124
mouse11,WT,ambtemp,NREM,hGamma,-98.1852207836251
mouse11,WT,ambtemp,REM,Delta,-88.6152898872373
mouse11,WT,ambtemp,REM,Theta,-90.4158565987042
mouse11,WT,ambtemp,REM,Sigma,-94.5059070893299
mouse11,WT,ambtemp,REM,Beta,-94.1777462894002
mouse11,WT,ambtemp,REM,lGamma1,-97.9784579358835
mouse11,WT,ambtemp,REM,lGamma2,-103.627656147818
mouse11,WT,ambtemp,REM,hGamma,-100.617855335364
mouse1,APP,drugs,Wake,Delta,-86.9298361446762
mouse1,APP,drugs,Wake,Theta,-90.4271430359027
mouse1,APP,drugs,Wake,Sigma,-94.4199254084818
mouse1,APP,drugs,Wake,Beta,-93.1315105957718
mouse1,APP,drugs,Wake,lGamma1,-95.6724528195518
mouse1,APP,drugs,Wake,lGamma2,-101.860068610122
mouse1,APP,drugs,Wake,hGamma,-98.5037667392897
mouse1,APP,drugs,NREM,Delta,-88.6334122200166
mouse1,APP,drugs,NREM,Theta,-89.7123268312408
mouse1,APP,drugs,NREM,Sigma,-92.5309152947019
mouse1,APP,drugs,NREM,Beta,-91.8279611411695
mouse1,APP,drugs,NREM,lGamma1,-96.0880725533809
mouse1,APP,drugs,NREM,lGamma2,-103.122410508618
mouse1,APP,drugs,NREM,hGamma,-100.329454404415
mouse1,APP,drugs,REM,Delta,-90.9561185597461
mouse1,APP,drugs,REM,Theta,-87.5055747037229
mouse1,APP,drugs,REM,Sigma,-92.6795575892671
mouse1,APP,drugs,REM,Beta,-91.4872470349285
mouse1,APP,drugs,REM,lGamma1,-95.3296544749323
mouse1,APP,drugs,REM,lGamma2,-101.482149165599
mouse1,APP,drugs,REM,hGamma,-99.2238937681515
mouse2,WT,drugs,Wake,Delta,-86.7464957235895
mouse2,WT,drugs,Wake,Theta,-90.7837612178462
mouse2,WT,drugs,Wake,Sigma,-94.5901530808935
mouse2,WT,drugs,Wake,Beta,-94.2114384280832
mouse2,WT,drugs,Wake,lGamma1,-98.2223951062029
mouse2,WT,drugs,Wake,lGamma2,-103.53548257249
mouse2,WT,drugs,Wake,hGamma,-100.091078366139
mouse2,WT,drugs,NREM,Delta,-87.4839154378686
mouse2,WT,drugs,NREM,Theta,-90.9797230924398
mouse2,WT,drugs,NREM,Sigma,-94.7493445114803
mouse2,WT,drugs,NREM,Beta,-94.2744117184063
mouse2,WT,drugs,NREM,lGamma1,-98.5093391562262
mouse2,WT,drugs,NREM,lGamma2,-104.555801936339
mouse2,WT,drugs,NREM,hGamma,-100.307543061124
mouse2,WT,drugs,REM,Delta,-88.0122714180527
mouse2,WT,drugs,REM,Theta,-90.9196385307054
mouse2,WT,drugs,REM,Sigma,-95.2115463527361
mouse2,WT,drugs,REM,Beta,-94.4901750376579
mouse2,WT,drugs,REM,lGamma1,-98.5170252545991
mouse2,WT,drugs,REM,lGamma2,-104.565248912414
mouse2,WT,drugs,REM,hGamma,-100.461166077422
mouse4,WT,drugs,Wake,Delta,-88.8041135527313
mouse4,WT,drugs,Wake,Theta,-90.716456301289
mouse4,WT,drugs,Wake,Sigma,-95.1636623042165
mouse4,WT,drugs,Wake,Beta,-94.4762753050851
mouse4,WT,drugs,Wake,lGamma1,-97.487722952866
mouse4,WT,drugs,Wake,lGamma2,-103.10699826316
mouse4,WT,drugs,Wake,hGamma,-98.7231625612388
mouse4,WT,drugs,NREM,Delta,-87.7444230145957
mouse4,WT,drugs,NREM,Theta,-90.282726960794
mouse4,WT,drugs,NREM,Sigma,-93.6097370293083
mouse4,WT,drugs,NREM,Beta,-93.5221462336607
mouse4,WT,drugs,NREM,lGamma1,-98.6289005702865
mouse4,WT,drugs,NREM,lGamma2,-104.918194495264
mouse4,WT,drugs,NREM,hGamma,-101.027560387196
mouse4,WT,drugs,REM,Delta,-92.0657671917065
mouse4,WT,drugs,REM,Theta,-87.4839818212225
mouse4,WT,drugs,REM,Sigma,-95.0122204297807
mouse4,WT,drugs,REM,Beta,-93.8373983850196
mouse4,WT,drugs,REM,lGamma1,-97.9646531900247
mouse4,WT,drugs,REM,lGamma2,-103.24234115212
mouse4,WT,drugs,REM,hGamma,-99.3913647620445
mouse3,APP,drugs,Wake,Delta,-85.1121590439388
mouse3,APP,drugs,Wake,Theta,-91.5405135174835
mouse3,APP,drugs,Wake,Sigma,-94.703450362029
mouse3,APP,drugs,Wake,Beta,-92.8937860902073
mouse3,APP,drugs,Wake,lGamma1,-93.9452821291571
mouse3,APP,drugs,Wake,lGamma2,-98.0620855598032
mouse3,APP,drugs,Wake,hGamma,-95.2777596092633
mouse3,APP,drugs,NREM,Delta,-88.1551035548556
mouse3,APP,drugs,NREM,Theta,-90.0575645036881
mouse3,APP,drugs,NREM,Sigma,-92.2372415414868
mouse3,APP,drugs,NREM,Beta,-91.8851044184624
mouse3,APP,drugs,NREM,lGamma1,-96.2566496956057
mouse3,APP,drugs,NREM,lGamma2,-103.780131922787
mouse3,APP,drugs,NREM,hGamma,-100.957496620912
mouse3,APP,drugs,REM,Delta,-92.7189161894132
mouse3,APP,drugs,REM,Theta,-87.8185073078176
mouse3,APP,drugs,REM,Sigma,-94.157920413525
mouse3,APP,drugs,REM,Beta,-92.5493924672048
mouse3,APP,drugs,REM,lGamma1,-95.9912005465484
mouse3,APP,drugs,REM,lGamma2,-102.224261223374
mouse3,APP,drugs,REM,hGamma,-100.013971264043
mouse10,APP,drugs,Wake,Delta,-89.9237938598953
mouse10,APP,drugs,Wake,Theta,-90.2857764995683
mouse10,APP,drugs,Wake,Sigma,-94.587210059258
mouse10,APP,drugs,Wake,Beta,-93.09161993687
mouse10,APP,drugs,Wake,lGamma1,-95.6981404429201
mouse10,APP,drugs,Wake,lGamma2,-101.852325155562
mouse10,APP,drugs,Wake,hGamma,-98.03346019886
mouse10,APP,drugs,NREM,Delta,-85.4131614710146
mouse10,APP,drugs,NREM,Theta,-88.5034240911444
mouse10,APP,drugs,NREM,Sigma,-92.088841980921
mouse10,APP,drugs,NREM,Beta,-91.857627821262
mouse10,APP,drugs,NREM,lGamma1,-96.4000609598698
mouse10,APP,drugs,NREM,lGamma2,-103.318648850435
mouse10,APP,drugs,NREM,hGamma,-100.222217679252
mouse10,APP,drugs,REM,Delta,-89.7138508141987
mouse10,APP,drugs,REM,Theta,-86.7446003107451
mouse10,APP,drugs,REM,Sigma,-93.6406573369775
mouse10,APP,drugs,REM,Beta,-92.3895103125147
mouse10,APP,drugs,REM,lGamma1,-96.094356804192
mouse10,APP,drugs,REM,lGamma2,-102.464185062925
mouse10,APP,drugs,REM,hGamma,-99.4170677486167
mouse12,WT,ambtemp,Wake,Delta,-89.3798784606961
mouse12,WT,ambtemp,Wake,Theta,-91.7484140385543
mouse12,WT,ambtemp,Wake,Sigma,-95.4138028908777
mouse12,WT,ambtemp,Wake,Beta,-94.2712231135504
mouse12,WT,ambtemp,Wake,lGamma1,-97.028207414861
mouse12,WT,ambtemp,Wake,lGamma2,-102.243009116638
mouse12,WT,ambtemp,Wake,hGamma,-98.0564983331938
mouse12,WT,ambtemp,NREM,Delta,-88.2461103589987
mouse12,WT,ambtemp,NREM,Theta,-91.0172216999927
mouse12,WT,ambtemp,NREM,Sigma,-93.2884327339531
mouse12,WT,ambtemp,NREM,Beta,-93.1743024694298
mouse12,WT,ambtemp,NREM,lGamma1,-98.507891998135
mouse12,WT,ambtemp,NREM,lGamma2,-105.070264668412
mouse12,WT,ambtemp,NREM,hGamma,-101.003978648238
mouse12,WT,ambtemp,REM,Delta,-92.2001003345854
mouse12,WT,ambtemp,REM,Theta,-88.59202860501
mouse12,WT,ambtemp,REM,Sigma,-95.2420724787237
mouse12,WT,ambtemp,REM,Beta,-93.8908460636488
mouse12,WT,ambtemp,REM,lGamma1,-98.1335895649349
mouse12,WT,ambtemp,REM,lGamma2,-103.668764190561
mouse12,WT,ambtemp,REM,hGamma,-99.4799837583523
mouse12,WT,drugs,Wake,Delta,-89.3240951531075
mouse12,WT,drugs,Wake,Theta,-91.6095435589096
mouse12,WT,drugs,Wake,Sigma,-95.4720261217583
mouse12,WT,drugs,Wake,Beta,-94.3907043004931
mouse12,WT,drugs,Wake,lGamma1,-96.8571597792156
mouse12,WT,drugs,Wake,lGamma2,-102.057075887561
mouse12,WT,drugs,Wake,hGamma,-97.7827257208425
mouse12,WT,drugs,NREM,Delta,-88.0879883993555
mouse12,WT,drugs,NREM,Theta,-91.2318760841469
mouse12,WT,drugs,NREM,Sigma,-93.3303349486698
mouse12,WT,drugs,NREM,Beta,-93.1948622547277
mouse12,WT,drugs,NREM,lGamma1,-98.3122676657171
mouse12,WT,drugs,NREM,lGamma2,-104.806344630398
mouse12,WT,drugs,NREM,hGamma,-100.724848920646
mouse12,WT,drugs,REM,Delta,-92.5857542588811
mouse12,WT,drugs,REM,Theta,-88.5545908655361
mouse12,WT,drugs,REM,Sigma,-94.9165224587539
mouse12,WT,drugs,REM,Beta,-93.7581614316028
mouse12,WT,drugs,REM,lGamma1,-97.971211325173
mouse12,WT,drugs,REM,lGamma2,-103.539908380367
mouse12,WT,drugs,REM,hGamma,-99.5924721996251
